slice,ci_lower_diskomfort,ci_upper_diskomfort,mean_diskomfort,ci_lower_anger_sm,ci_upper_anger_sm,mean_fl_anger_sm,ci_lower_disgust_sm,ci_upper_disgust_sm,mean_fl_disgust_sm,ci_lower_fear_sm,ci_upper_fear_sm,mean_fl_fear_sm,ci_lower_happiness_sm,ci_upper_happiness_sm,mean_fl_happiness_sm,ci_lower_sadness_sm,ci_upper_sadness_sm,mean_fl_sadness_sm,ci_lower_surprise_sm,ci_upper_surprise_sm,mean_fl_surprise_sm,ci_lower_neutral_sm,ci_upper_neutral_sm,mean_fl_neutral_sm,mean_rel_zeit_s
1,-0.0767484349475149,0.230594588793669,0.0769230769230769,-0.23192984938997,0.311534227251038,0.039802188930534,-0.551965170326798,0.00479708188303425,-0.273584044221882,-0.0667155117612384,0.695078815171024,0.314181651704893,-0.326352904957746,0.256709804082432,-0.0348215504376572,-0.225875575519866,0.317196039434765,0.0456602319574493,0.0396637594621164,0.707900897638042,0.373782328550079,-0.178029899183843,0.309313431083066,0.0656417659496115,294
2,-0.0767484349475149,0.230594588793669,0.0769230769230769,-0.242933995727894,0.325542614296793,0.0413043092844493,-0.548633242126024,0.00032443059645339,-0.274154405764785,-0.0479220761739582,0.62756915594705,0.289823539886546,-0.254448645774653,0.30030438645099,0.0229278703381688,-0.178531576341856,0.433926160939343,0.127697292298743,-0.00313234295933255,0.600667077985,0.298767367512834,-0.198211987093621,0.312317839404371,0.0570529261553749,294.116413589744
3,-0.0767484349475149,0.230594588793669,0.0769230769230769,-0.153653718577988,0.403309363919864,0.124827822670938,-0.467031657811475,0.0661881458684676,-0.200421755971504,-0.0658495657288995,0.494668150721638,0.214409292496369,-0.189666798375144,0.415805623195856,0.113069412410356,-0.19136841432227,0.41843707443758,0.113534330057655,-0.0308915697826549,0.455714946333477,0.212411688275411,-0.250056715679407,0.287504587549461,0.0187239359350266,294.216407128205
4,-0.0767484349475149,0.230594588793669,0.0769230769230769,-0.162353043894996,0.379869262997245,0.108758109551124,-0.449267167542845,0.103271549933064,-0.172997808804891,-0.109957429185591,0.429374233677414,0.159708402245911,-0.135324389784209,0.602299447919285,0.233487529067538,-0.159864608936453,0.40690004854853,0.123517719806038,-0.105031306826619,0.332769946123974,0.113869319648677,-0.192291075167852,0.348624424375789,0.0781666746039686,294.300004923077
5,-0.0767484349475149,0.230594588793669,0.0769230769230769,-0.203782848146895,0.34933822810639,0.0727776899797476,-0.357075808037121,0.168870117965029,-0.094102845036046,-0.195933989051345,0.272014105022506,0.0380400579855805,-0.161013319371758,0.632703803731958,0.2358452421801,-0.147538858428802,0.355230071876769,0.103845606723984,-0.160907899295118,0.282040320765642,0.0605662107352619,-0.15562446597711,0.386178091754472,0.115276812888681,294.399997487179
6,-0.0767484349475149,0.230594588793669,0.0769230769230769,-0.295686970111349,0.18090876088782,-0.0573891046117644,-0.326790487431126,0.213082720482268,-0.0568538834744293,-0.199156376895716,0.235206280004924,0.0180249515546038,-0.264344919591355,0.380512744118686,0.0580839122636652,-0.0674861501658201,0.443327983842063,0.187920916838121,-0.174911424820778,0.287799429895684,0.0564440025374531,-0.11185143248176,0.410468730569089,0.149308649043665,294.516153846154
7,-0.0767484349475149,0.230594588793669,0.0769230769230769,-0.347315343151598,0.195057393359608,-0.0761289748959949,-0.258912162222055,0.317595469040685,0.0293416534093149,-0.160318591559851,0.299159263644858,0.0694203360425038,-0.339651644281988,0.143055616635959,-0.0982980138230146,-0.0177438779938425,0.498387583571478,0.240321852788818,-0.132913569298804,0.36616955929535,0.116627994998274,-0.153481865873492,0.318582773200074,0.082550453663291,294.61615724359
8,-0.0767484349475149,0.230594588793669,0.0769230769230769,-0.47941406512186,0.0613472675410151,-0.209033398790423,-0.179485120241994,0.49228700746553,0.156400943611768,-0.114595021193409,0.441170360867487,0.163287669837039,-0.34171581710067,0.482746108607635,0.0705151457534829,-0.00316193817424827,0.553286674233611,0.275062368029681,-0.112712816828079,0.409651708182439,0.14846944567718,-0.263661464119661,0.217487469681939,-0.0230869972188609,294.716407282051
9,-0.0767484349475149,0.230594588793669,0.0769230769230769,-0.485261911936499,0.0999049400764219,-0.192678485930038,-0.116189439751724,0.625682090957329,0.254746325602802,-0.132162704801747,0.470158480061872,0.168997887630063,-0.314580187693817,0.312775504643256,-0.000902341525280381,0.0259124667182824,0.628907508108012,0.327409987413147,-0.157214886911519,0.37508032875001,0.108932720919245,-0.357670690523595,0.145444032906846,-0.106113328808375,294.800004923077
10,-0.0767484349475149,0.230594588793669,0.0769230769230769,-0.359564162878008,0.135882406096727,-0.111840878390641,-0.12096400341099,0.625524494896891,0.25228024574295,-0.168198234507832,0.442598082500338,0.137199923996253,-0.336249724965621,0.112803855470694,-0.111722934747463,-0.00268285700082254,0.593370841262582,0.29534399213088,-0.185888757975338,0.329310269615321,0.0717107558199918,-0.345426690062602,0.150489077592188,-0.0974688062352067,294.899997641026
11,-0.0767484349475149,0.230594588793669,0.0769230769230769,-0.23964074154232,0.32166325737129,0.0410112579144851,-0.192080676907649,0.428414547321949,0.11816693520715,-0.233556095782044,0.345268812463025,0.0558563583404908,-0.376372070087688,-0.0819851294366532,-0.229178599762171,-0.0743470162587104,0.480886254865193,0.203269619303241,-0.187989811058527,0.262553614920554,0.0372819019310133,-0.260967070169358,0.205376789246138,-0.0277951404616096,295.016153846154
12,-0.0767484349475149,0.230594588793669,0.0769230769230769,-0.185358097428109,0.329977385491807,0.0723096440318492,-0.214823491555015,0.292487824762722,0.0388321666038536,-0.252583222430425,0.272158801228766,0.00978778939917076,-0.36413586856002,-0.0800809539954376,-0.222108411277729,-0.0909298860650446,0.418499044315593,0.163784579125274,-0.179092357716799,0.240974331613706,0.0309409869484535,-0.189442343492675,0.259305934841725,0.0349317956745251,295.11615724359
13,-0.0818649972773492,0.245967561379913,0.082051282051282,-0.262082330565152,0.23207207135003,-0.0150051296075614,-0.195546640076118,0.291917757177118,0.0481855585504997,-0.216886802751111,0.272032768151553,0.0275729827002209,-0.326186827568972,0.0414398588610941,-0.142373484353939,-0.0960888619001545,0.423290374983517,0.163600756541681,-0.216966104608614,0.166014688389292,-0.0254757081096608,-0.191501185965832,0.262126507997371,0.0353126610157699,295.216407128205
14,-0.0767484349475149,0.230594588793669,0.0769230769230769,-0.30836993037372,0.225766698136818,-0.0413016161184509,-0.146697730903475,0.332897942744739,0.093100105920632,-0.211865119283002,0.270239415597564,0.0291871481572808,-0.291154932093105,0.068702200458636,-0.111226365817234,-0.0952405576861562,0.411699918326161,0.158229680320002,-0.253995686913509,0.115247498325223,-0.0693740942941432,-0.250272674692473,0.216149495736962,-0.0170615894777555,295.300004923077
15,-0.0767484349475149,0.230594588793669,0.0769230769230769,-0.301068593391225,0.167449114676855,-0.0668097393571849,-0.111764891216181,0.361675526034265,0.124955317409042,-0.176631883933865,0.294972623213176,0.0591703696396555,-0.267137077153622,0.115473123541464,-0.0758319768060791,-0.145914645717618,0.350036515836285,0.102060935059334,-0.266615912365006,0.116487166165789,-0.0750643730996082,-0.239304977117087,0.183434838754386,-0.0279350691813507,295.39999748718
16,-0.0767484349475149,0.230594588793669,0.0769230769230769,-0.356795813004651,0.0209418822667014,-0.167926965368975,-0.133164628719735,0.337338613372107,0.102086992326186,-0.165914608602142,0.283789770041874,0.0589375807198662,-0.262700085463177,0.0970470582596047,-0.082826513601786,-0.148076491502401,0.32329931996222,0.0876114142299097,-0.290300183630549,0.110983190295695,-0.0896584966674265,-0.223055120105958,0.218402745857364,-0.0023261871242974,295.51641025641
17,-0.0767484349475149,0.230594588793669,0.0769230769230769,-0.424767009035523,-0.106631130049967,-0.265699069542745,-0.171583086222655,0.261893231504808,0.0451550726410765,-0.200937582751688,0.23307774435337,0.0160700808008408,-0.243922774109856,0.0848096382388039,-0.0795565679355258,-0.152828214292589,0.347529469314724,0.0973506275110675,-0.267776929736282,0.161303394917286,-0.0532367674094982,-0.203851004610476,0.31718679483934,0.0566678951144322,295.616413589744
18,-0.0767484349475149,0.230594588793669,0.0769230769230769,-0.440018855723352,-0.0735289278086066,-0.256773891765979,-0.286915778035291,0.174700110943505,-0.056107833545893,-0.223235074270602,0.189264622983332,-0.0169852256436352,-0.259874422431497,0.0508640982411074,-0.104505162095195,-0.131528827892136,0.388530186292112,0.128500679199988,-0.2716572229507,0.290748967987418,0.00954587251835932,-0.194405896473372,0.389929287558403,0.0977616955425152,295.716407128205
19,-0.0767484349475149,0.230594588793669,0.0769230769230769,-0.378145186814184,0.105449316251484,-0.13634793528135,-0.303496209723525,0.179403146444103,-0.0620465316397114,-0.282898148034058,0.131844874996603,-0.0755266365187275,-0.289935966486359,0.0408402701397618,-0.124547848173298,-0.139168819959141,0.363434609740392,0.112132894890626,-0.294003586339126,0.373116957191657,0.0395566854262657,-0.209878954965199,0.394176191616772,0.0921486183257864,295.800004923077
20,-0.0767484349475149,0.230594588793669,0.0769230769230769,-0.239391534269998,0.28090401998057,0.0207562428552859,-0.23003312822745,0.363596517096117,0.0667816944343336,-0.322685826023456,0.092489033905228,-0.115098396059114,-0.263626994544792,0.368093104121071,0.0522330547881394,-0.195377245589623,0.317049588082879,0.0608361712466277,-0.295396448848862,0.294817326132203,-0.00028956135832954,-0.241140163173145,0.317371860010819,0.038115848418837,295.89999748718
21,-0.0869815596071835,0.261340533966158,0.0871794871794872,-0.198648541565475,0.303786210405197,0.0525688344198606,-0.167019457397998,0.480161184335225,0.156570863468613,-0.413719723132092,0.102451881857366,-0.155633920637363,-0.324047480108316,0.47086438946086,0.0734084546762719,-0.319151992545356,0.240265131540497,-0.0394434305024295,-0.189636051230442,0.290135210751887,0.0502495797607225,-0.28123632515718,0.224246691861506,-0.0284948166478368,296.016153846154
22,-0.0767484349475149,0.230594588793669,0.0769230769230769,-0.175962227689658,0.197020316057832,0.0105290441840869,-0.194598303466983,0.474748927062628,0.140075311797822,-0.376920606612023,0.239726914719203,-0.0685968459464096,-0.294156812251938,0.399635645405041,0.0527394165765516,-0.37231152996128,0.228920647652702,-0.0716954411542889,-0.17266652508283,0.323369941097533,0.0753517080073515,-0.309529966371047,0.233934760392456,-0.0377976029892953,296.11615724359
23,-0.0767484349475149,0.230594588793669,0.0769230769230769,-0.215974979177831,0.155607329907494,-0.0301838246351684,-0.245868064817537,0.312448841346878,0.0332903882646705,-0.264431351044625,0.423200255961872,0.0793844524586234,-0.274491384940905,0.350638880836736,0.0380737479479156,-0.367126457643993,0.188503158299538,-0.0893116496722272,-0.10539616244886,0.491252045149649,0.192927941350395,-0.309173200989655,0.250154465423754,-0.0295093677829502,296.216407128205
24,-0.0767484349475149,0.230594588793669,0.0769230769230769,-0.274985378783564,0.168270737653031,-0.0533573205652663,-0.247334574081842,0.22049938866947,-0.0134175927061862,-0.152074347291774,0.490339935583918,0.169132794146072,-0.253430111637542,0.323782464246322,0.0351761763043901,-0.309427843759986,0.211216738574273,-0.0491055525928569,-0.158447291563852,0.33458022295025,0.0880664656931993,-0.378001290021649,0.201746969103508,-0.0881271604590703,296.300004923077
25,-0.0805858566948906,0.242124318233352,0.0807692307692308,-0.28078746126628,0.126272697734949,-0.0772573817656652,-0.339475380698551,0.108352792942901,-0.115561293877825,-0.0867257590510917,0.489851923237027,0.201563082092967,-0.157831575068963,0.41027319452127,0.126220809726153,-0.271926380795988,0.290387242871853,0.00923043103793276,-0.180831732605087,0.239832064207455,0.0295001658011843,-0.348055939220148,0.205771818237251,-0.0711420604914484,296.399997487179
26,-0.0767484349475149,0.230594588793669,0.0769230769230769,-0.303266894767993,0.0216960244705052,-0.140785435148744,-0.334140046232608,0.176742013280231,-0.0786990164761882,-0.118440425821361,0.37204610125387,0.126802837716254,-0.206192929352635,0.412792391429303,0.103299731038334,-0.230758366145276,0.378813424082354,0.0740275289685391,-0.226338536400888,0.217571860350995,-0.00438333802494619,-0.359041978319812,0.165778647313704,-0.0966316655030539,296.51641025641
27,-0.0767484349475149,0.230594588793669,0.0769230769230769,-0.254176940107089,0.0461708162864097,-0.10400306191034,-0.345776184111066,0.185702535765957,-0.0800368241725545,-0.255073871795563,0.180078643309529,-0.0374976142430169,-0.235747335570032,0.390358004189847,0.0773053343099075,-0.265690635528845,0.258235911495891,-0.00372736201647732,-0.196827743285071,0.273446731030793,0.0383094938728611,-0.288913937031893,0.244060842090773,-0.0224265474705599,296.616157205128
28,-0.0767484349475149,0.230594588793669,0.0769230769230769,-0.269716677901722,0.0409923626532134,-0.114362157624254,-0.36921133550705,0.133208550529525,-0.118001392488762,-0.342493794726387,0.0733601577770866,-0.13456681847465,-0.193027536735957,0.364595312000043,0.0857838876320433,-0.233142252351635,0.287937371120352,0.0273975593843587,-0.187488912962865,0.246344848083689,0.029427967560412,-0.0852175429965982,0.464131292168686,0.189456874586044,296.716150807692
29,-0.0767484349475149,0.230594588793669,0.0769230769230769,-0.308136410949446,0.0254015944808467,-0.1413674082343,-0.38476439813,-0.00131783682960324,-0.193041117479801,-0.361517556380035,0.0594517251325056,-0.151032915623765,-0.0971330429774652,0.582857873865357,0.242862415443946,-0.220773892210333,0.268644369187701,0.0239352384886837,-0.217587749419677,0.1797327688402,-0.0189274902897385,0.0570976416253961,0.593946716685859,0.325522179155628,296.800004923077
30,-0.0767484349475149,0.230594588793669,0.0769230769230769,-0.374554650183462,0.149200045633737,-0.112677302274862,-0.4059108739622,-0.0121034070575677,-0.209007140509884,-0.265548341048141,0.242797576447904,-0.0113753823001185,-0.0185712889500025,0.841368821298416,0.411398766174207,-0.279555683956823,0.212150734125251,-0.0337024749157861,-0.241992021958373,0.144538274223655,-0.0487268738673591,0.0723369234501117,0.614959139699063,0.343648031574587,296.899997487179
31,-0.0767484349475149,0.230594588793669,0.0769230769230769,-0.405154618706091,0.361169117266186,-0.0219927507199524,-0.369966240687211,0.0568409619825509,-0.15656263935233,-0.262860753250342,0.207439404211722,-0.0277106745193098,-0.0257356391675744,0.852483045254668,0.413373703043547,-0.23651646915875,0.27919744430437,0.0213404875728099,-0.345332162597398,0.0775773191014658,-0.133877421747966,-0.0416645499330383,0.508746600189001,0.233541025127981,297.016153846154
32,-0.0460490609685089,0.138356753276201,0.0461538461538462,-0.336441331828391,0.377162409784142,0.0203605389778754,-0.365197679046728,0.120881930658524,-0.122157874194102,-0.28347579387682,0.202544027153115,-0.0404658833618521,-0.169251389277283,0.398650510565091,0.114699560643904,-0.277789341187923,0.23993911050162,-0.0189251153431514,-0.331194620113741,0.122225804183412,-0.104484407965164,-0.0815118336896906,0.49863863319856,0.208563399754435,297.115900871795
33,,,0,-0.308918164632307,0.193600764979936,-0.0576586998261855,-0.379611702199137,0.128676605498102,-0.125467548350518,-0.303344920385538,0.167264406769844,-0.0680402568078467,-0.287725786715991,0.0339983057149489,-0.126863740500521,-0.274539191313216,0.216430849916593,-0.0290541706983115,-0.342793396257363,0.117733739680105,-0.112529828288629,-0.0825800512723315,0.528250588058026,0.222835268392847,297.216150769231
34,,,0,-0.257544627431341,0.164930123077592,-0.0463072521768741,-0.420929896766211,0.0401534566041914,-0.19038822008101,-0.323406492626602,0.137440277753809,-0.0929831074363964,-0.347607251958685,-0.0669228300665018,-0.207265041012594,-0.218852542371551,0.231378883511037,0.00626317056974299,-0.323061023245096,0.139070819596435,-0.0919951018243305,-0.0502873455610789,0.546401551036376,0.248057102737649,297.300004923077
35,-0.0191871087368787,0.0576486471984172,0.0192307692307692,-0.218672250267233,0.196401945735194,-0.0111351522660194,-0.426416409777778,0.00522831564500812,-0.210594047066385,-0.314313182335258,0.14549730774626,-0.0844079372944987,-0.343301287912779,-0.1010852867932,-0.222193287352989,-0.108586919482079,0.366066535919606,0.128739808218764,-0.331659004937987,0.0945537922246242,-0.118552606356681,-0.00215957480484407,0.563036136135871,0.280438280665514,297.399997487179
36,-0.0306993739790059,0.0922378355174675,0.0307692307692308,-0.226833399802017,0.231006216511509,0.00208640835474622,-0.425897524920865,0.056495560590623,-0.184700982165121,-0.306511387024735,0.203750247992582,-0.0513805695160768,-0.340997569197749,-0.0874589127874051,-0.214228240992577,-0.0210429579869961,0.48914702762061,0.234052034816807,-0.372621519042913,0.0404781494567587,-0.166071684793077,0.0161537845859172,0.515225615897244,0.265689700241581,297.515897435897
37,-0.0358159363088403,0.107610808103712,0.0358974358974359,-0.230307627436218,0.186755691788232,-0.0217759678239929,-0.442311908895132,0.0187134495555356,-0.211799229669798,-0.284432945338105,0.262516084325569,-0.0109584305062679,-0.335852041944202,-0.0486347705330167,-0.192243406238609,-0.0932409708761496,0.422586892372587,0.164672960748218,-0.379199041731897,0.0460212522921442,-0.166588894719876,-0.0199115692298746,0.464305369057895,0.22219689991401,297.615644512821
38,-0.0102331246596686,0.0307459451724892,0.0102564102564103,-0.178103613103158,0.333127917709028,0.077512152302935,-0.447808442279037,-0.0811145850243629,-0.2644615136517,-0.318195450519381,0.273999655415686,-0.0220978975518475,-0.301170057292389,0.097875347928435,-0.101647354681977,-0.117698496813128,0.391234327181881,0.136767915184377,-0.380416836566695,0.017964706973703,-0.181226064796496,-0.0552094119944643,0.426120431326986,0.185455509666261,297.716150769231
39,,,0,-0.175214490904511,0.378152267583137,0.101468888339313,-0.493659885607825,-0.175878452810201,-0.334769169209013,-0.317651976746147,0.291910147420022,-0.0128709146630622,-0.293457952500346,0.119475196721099,-0.0869913778896236,-0.18615761872198,0.2812545516344,0.0475484664562101,-0.321928994307038,0.0546191848213192,-0.13365490474286,-0.0484460466009143,0.445783286248341,0.198668619823714,297.800004923077
40,,,0,-0.147405079136252,0.343137838817235,0.0978663798404916,-0.490245470818371,-0.162803026075421,-0.326524248446896,-0.310652538616816,0.294603219412363,-0.00802465960222637,-0.288518275342194,0.0746510988881914,-0.106933588227001,-0.236344479459415,0.21645212741136,-0.00994617602402744,-0.256852031660515,0.121509810643386,-0.067671110508564,-0.0372508547500729,0.435547355450616,0.199148250350272,297.899997602564
41,,,0,-0.154902378270352,0.302206033319824,0.0736518275247361,-0.467146064577582,-0.127341355917387,-0.297243710247484,-0.33850173865116,0.21534494269354,-0.0615783979788101,-0.301613581344873,-0.0413610954750284,-0.171487338409951,-0.282263252132739,0.168691202961312,-0.0567860245857134,-0.198265459250706,0.22262308545889,0.0121788131040916,-0.0810744997124531,0.376728467436299,0.147826983861923,298.016153846154
42,,,0,-0.165775714498979,0.303377711960699,0.0688009987308602,-0.419136625047971,-0.0498721530661895,-0.23450438905708,-0.382918899833435,0.121902521016249,-0.130508189408593,-0.291562180337101,-0.0516791739080481,-0.171620677122575,-0.308632181646827,0.138195657739383,-0.085218261953722,-0.120552661636332,0.355499376280284,0.117473357321976,-0.178262163140719,0.293027754282364,0.0573827955708223,298.11615724359
43,,,0,-0.223732137241885,0.194972345397974,-0.0143798959219556,-0.373436847292367,0.0192507576193667,-0.1770930448365,-0.36067868644146,0.249051385504806,-0.0558136504683267,-0.284479948411165,0.0166783490519916,-0.133900799679587,-0.324778100724469,0.110925589126466,-0.106926255799001,-0.0317783582775162,0.495360370457166,0.231791006089825,-0.211650928212615,0.25336323079838,0.0208561512928825,298.216407128205
44,,,0,-0.255317553669968,0.127940780305109,-0.0636883866824297,-0.337314112310374,0.0895263950641646,-0.123893858623105,-0.320451999438472,0.233411676036194,-0.0435201617011392,-0.307030294458935,0.0235987231702173,-0.141715785644359,-0.319301877448774,0.114044772528406,-0.102628552460184,0.00355084570698266,0.569000445583158,0.28627564564507,-0.243632324258807,0.212936109764107,-0.0153481072473502,298.300004923077
45,,,0,-0.228086715296654,0.177251782842102,-0.025417466227276,-0.313419086089558,0.14748499388163,-0.0829670461039638,-0.24619807577636,0.294230818976877,0.024016371600259,-0.33292194170187,-0.0573798059245413,-0.195150873813206,-0.252834051840244,0.156474689911721,-0.0481796809642618,-0.024932254702216,0.546004275327443,0.260536010312613,-0.278392443266602,0.169457550096321,-0.0544674465851404,298.399997641026
46,,,0,-0.19723448884573,0.249630604758926,0.0261980579565976,-0.323582337606984,0.153952464099147,-0.0848149367539189,-0.255147436895733,0.287204413900819,0.0160284885025428,-0.353471608181397,-0.106341327095157,-0.229906467638277,-0.179662029888539,0.280338400635649,0.0503381853735553,-0.127030209693743,0.448734947656606,0.160852368981432,-0.288071589587589,0.146122107138689,-0.0709747412244496,298.515897435897
47,,,0,-0.150067833408447,0.285485585435304,0.0677088760134287,-0.330682827192777,0.0813546876612963,-0.12466406976574,-0.301539454623888,0.238672680593356,-0.0314333870152658,-0.354466980167475,-0.0697914918554763,-0.212129236011475,-0.218012905965983,0.257850839307363,0.0199189666706901,-0.182540890702026,0.461952249829834,0.139705679563904,-0.268103811158053,0.155108774971461,-0.0564975180932958,298.61513175641
48,,,0,-0.141392037658666,0.284231844264257,0.0714199033027951,-0.329676138952912,0.0176839110336704,-0.155996113959621,-0.309650636334531,0.218152729314834,-0.0457489535098488,-0.344342714702291,-0.0262120580773649,-0.185277386389828,-0.223426107008236,0.234590865643911,0.00558237931783736,-0.240672531440387,0.409339582476612,0.0843335255181127,-0.262123891212754,0.187130484635416,-0.037496703288669,298.715638012821
49,,,0,-0.154018284075067,0.28900042562571,0.0674910707753213,-0.296964949664356,0.0223058915232434,-0.137329529070556,-0.343037488159717,0.223797057898287,-0.0596202151307149,-0.34347804795123,0.0214945058770512,-0.160991771037089,-0.228048701994294,0.188955199944844,-0.0195467510247249,-0.288775620963763,0.311411170975712,0.0113177750059744,-0.275123036165398,0.197098431411481,-0.0390123023769584,298.800004923077
50,,,0,-0.159122936543192,0.246158705201925,0.0435178843293664,-0.31199472865775,0.083658889911962,-0.114167919372894,-0.342416807082391,0.169995867761761,-0.0862104696603145,-0.318455573092872,0.0306824840409698,-0.143886544525951,-0.207423008251008,0.216624317387531,0.00460065456826143,-0.280704502264033,0.226363522766409,-0.0271704897488117,-0.278385275082797,0.169972403547159,-0.0542064357678192,298.899997602564
51,-0.00511656232983432,0.0153729725862446,0.00512820512820513,-0.151635428759663,0.260639379492607,0.0545019753664722,-0.384865251071061,-0.0067898054641285,-0.195827528267595,-0.335714267386392,0.0875816556212386,-0.124066305882577,-0.294030780944165,0.0902402994650965,-0.101895240739534,-0.224106722725793,0.21915222284602,-0.00247724993988636,-0.260368996928307,0.23944030640281,-0.0104643452627486,-0.220509721053272,0.188674707128783,-0.0159175069622443,299.016153846154
52,-0.00511656232983432,0.0153729725862446,0.00512820512820513,-0.176399450100343,0.256606452674725,0.0401035012871909,-0.418514206123702,0.00935751419989587,-0.204578345961903,-0.358741190667739,-1.2392834393219e-06,-0.179371214975589,-0.289357291472264,0.11747315133404,-0.0859420700691121,-0.236222505042641,0.220205088651931,-0.00800870819535502,-0.247005902274277,0.256700707591535,0.00484740265862898,-0.189081812472994,0.216621824386378,0.0137700059566917,299.115900871795
53,,,0,-0.207668007040415,0.254860231254194,0.0235961121068896,-0.411842742134518,0.0693129671433598,-0.171264887495579,-0.387374236942505,-0.046244974386377,-0.216809605664441,-0.291402620132252,0.092955131025584,-0.0992237445533339,-0.238057730665683,0.23932404281459,0.000633156074453366,-0.253196374150111,0.247696344070989,-0.00275001503956092,-0.135737097082053,0.306537446766449,0.085400174842198,299.216150769231
54,,,0,-0.226971439958395,0.236632642362258,0.00483060120193147,-0.432687196093575,0.000401156486539047,-0.216143019803518,-0.431038767814972,-0.0993225954589112,-0.265180681636942,-0.308768102241973,0.0635649405974041,-0.122601580822285,-0.181765232783314,0.299227012655672,0.0587308899361786,-0.236815323792663,0.249067404808758,0.00612604050804774,-0.054175763858362,0.399119857949753,0.172472047045695,299.300004923077
55,,,0,-0.177791525670906,0.403196389963894,0.112702432146494,-0.444118252468577,-0.0262870092458178,-0.235202630857197,-0.468447053509482,-0.107880688785686,-0.288163871147584,-0.319542055789357,0.112629079126673,-0.103456488331342,-0.133678429739167,0.382013675545733,0.124167622903283,-0.197522688697689,0.282395919540134,0.0424366154212225,-0.033870847107526,0.447772378447948,0.206950765670211,299.399997641026
56,,,0,-0.214740853079232,0.405678646719335,0.0954688968200514,-0.433054682035022,0.0842276050306143,-0.174413538502204,-0.452488856471072,0.0702767071039495,-0.191106074683561,-0.331924160515439,0.0645141413893249,-0.133705009563057,-0.100677625679102,0.435947483721232,0.167634929021065,-0.22707310946661,0.258558363152608,0.0157426268429991,-0.0817047005135094,0.427033921567237,0.172664610526864,299.516153846154
57,-0.015349686989503,0.0461189177587337,0.0153846153846154,-0.167399943634725,0.342845668463544,0.0877228624144097,-0.419682693593627,0.121282224878034,-0.149200234357796,-0.406166187199012,0.0375593325151163,-0.184303427341948,-0.331004794648593,-0.016223175131534,-0.173613984890063,-0.124354675144054,0.385594543388516,0.130619934122231,-0.265612552223318,0.24490655935451,-0.0103529964344036,-0.0872090041411943,0.398966812230746,0.155878904044776,299.61564448718
58,,,0,-0.202926834672146,0.247617650994474,0.0223454081611636,-0.389133771924626,0.0785441676618751,-0.155294802131376,-0.396102114872727,-0.026007375729426,-0.211054745301077,-0.296011468819127,-0.0278527910074238,-0.161932129913275,-0.0726303643323901,0.411032293925755,0.169200964796682,-0.338053036134358,0.118601415857571,-0.109725810138393,-0.0489546653024263,0.43786357966996,0.194454457183767,299.715894602564
59,,,0,-0.206454694835584,0.256693492926614,0.025119399045515,-0.390547312886313,0.0231173589829733,-0.18371497695167,-0.395290977157539,-0.0574111643289673,-0.226351070743253,-0.267385939062963,-0.00928325239991478,-0.138334595731439,-0.0855491973941776,0.402557131288381,0.158503966947101,-0.361683932890772,0.0681369472646419,-0.146773492813065,-0.0589481786201148,0.437300455178192,0.189176138279039,299.800004923077
60,,,0,-0.119744881739661,0.407113469002125,0.143684293631232,-0.39386198404648,-0.015712000891473,-0.204786992468976,-0.372618050658532,-0.0447145525242029,-0.208666301591368,-0.269513399695455,-0.000534612978500092,-0.135024006336978,-0.149182170359829,0.327762133255266,0.0892899814477187,-0.31851338491187,0.0659922997287984,-0.126260542591536,-0.0788413875464772,0.423085576885422,0.172122094669472,299.900032102564
61,,,0,-0.0789471618514292,0.520280930460878,0.220666884304724,-0.406427489945976,-0.0529932201597932,-0.229710355052885,-0.39234807648019,-0.037803105123216,-0.215075590801703,-0.353757079400653,-0.0431579513631566,-0.198457515381905,-0.201526519219668,0.226937810601488,0.0127056456909101,-0.272544637274037,0.0776371899141458,-0.0974537236799455,-0.0726971074415031,0.382055584537088,0.154679238547793,300.016153846154
62,,,0,-0.0749871921577074,0.491048313868953,0.208030560855623,-0.386658336417986,-0.0627831333523012,-0.224720734885144,-0.379087918237783,-0.0316948230969205,-0.205391370667352,-0.363068160215516,0.0191549424886279,-0.171956608863444,-0.192682457910721,0.228050212850573,0.0176838774699256,-0.243900175246618,0.10515397657048,-0.0693730993380688,-0.134062304515833,0.303462515411167,0.0847001054476668,300.116160217949
63,,,0,-0.12920957602411,0.336531237256304,0.103660830616097,-0.337824999211676,-0.000113343632513752,-0.168969171422095,-0.320181633807983,0.00895918487797501,-0.155611224465004,-0.376944862380784,-0.0468974068061258,-0.211921134593455,-0.17252515990312,0.237540426289896,0.0325076331933883,-0.228929329259058,0.139390800698651,-0.0447692642802038,-0.174589408213529,0.23523428528914,0.0303224385378055,300.216407128205
64,,,0,-0.149878770571464,0.301556000161816,0.0758386147951757,-0.294025383709048,0.110298553896054,-0.0918634149064972,-0.252669013109355,0.0818928631746609,-0.0853880749673471,-0.374685411513002,-0.0164671037149724,-0.195576257613987,-0.1701582149211,0.237200440608408,0.0335211128436538,-0.253180914404593,0.148021161826677,-0.052579876288958,-0.201620767966362,0.191223171762688,-0.00519879810183672,300.300004923077
65,,,0,-0.16486400601825,0.291870782919072,0.0635033884504111,-0.196678866853275,0.273637809129502,0.0384794711381134,-0.228975623666438,0.107615568930541,-0.0606800273679486,-0.368320519803935,-0.0901660728025387,-0.229243296303237,-0.195324973928491,0.197700536296951,0.00118778118422982,-0.272775445341358,0.150676151840712,-0.0610496467503234,-0.204833248772278,0.187655936249068,-0.00858865626160529,300.399997487179
66,-0.0306993739790059,0.0922378355174675,0.0307692307692308,-0.18751049697514,0.218057233891347,0.0152733684581038,-0.144025261263343,0.323323160729246,0.0896489497329516,-0.251362395711886,0.118291475256323,-0.0665354602277814,-0.316416241605879,-0.0055291489235233,-0.160972695264701,-0.236205902628563,0.152387068885956,-0.0419094168713032,-0.273621726527638,0.208347112209349,-0.0326373071591442,-0.233387852114015,0.163027066917,-0.0351803925985072,300.516153846154
67,-0.117680933586189,0.353578369483625,0.117948717948718,-0.18409155124387,0.212636501171682,0.0142724749639059,-0.142844892074724,0.308959773478736,0.0830574407020063,-0.236140940376228,0.163030374070263,-0.0365552831529823,-0.294698149132918,0.00690267806658187,-0.143897735533168,-0.325393131506659,0.0727126033200496,-0.126340264093304,-0.203795700294377,0.276509210887068,0.0363567552963457,-0.271520492886818,0.122886997472025,-0.0743167477073967,300.61615724359
68,-0.194429368533704,0.584172958277294,0.194871794871795,-0.2205052111324,0.241209184629039,0.0103519867483196,-0.188573095691634,0.233600622243015,0.0225137632756906,-0.155047611625844,0.268954125788659,0.0569532570814075,-0.317611907555624,-0.0367502141056416,-0.177181060830633,-0.331728737800853,0.123733102606016,-0.103997817597418,-0.127855641334197,0.335495406511158,0.10381988258848,-0.287201169341769,0.116766939452543,-0.0852171149446126,300.716407128205
69,-0.230245304842545,0.691783766381006,0.230769230769231,-0.249067122166393,0.184998270136254,-0.0320344260150699,-0.22900849915072,0.189873153581977,-0.0195676727843713,-0.0931152102962817,0.337539103480501,0.12221194659211,-0.328377967095631,-0.120270883071066,-0.224324425083348,-0.387645077623545,0.0997460839905617,-0.143949496816492,-0.0965960946085156,0.373407369329086,0.138405637360285,-0.30359040416023,0.144970533029128,-0.0793099355655506,300.800004923077
70,-0.253269835326799,0.760962143019107,0.253846153846154,-0.261361946869353,0.130166664669524,-0.0655976410999146,-0.300093115497653,0.140389886096307,-0.0798516147006731,-0.0581749080827423,0.413835361137657,0.177830226527457,-0.326654659167299,-0.13505852505958,-0.230856592113439,-0.378877970502039,0.119158935314168,-0.129859517593936,-0.0835862334800143,0.3710701001872,0.143741933353593,-0.304503239352539,0.169985538508957,-0.0672588504217909,300.899997794872
71,-0.276294365811054,0.830140519657207,0.276923076923077,-0.266775272194125,0.0975105930570959,-0.0846323395685143,-0.378920752655101,0.112534065411,-0.133193343622051,-0.161911807867304,0.320030115807093,0.0790591539698949,-0.331970404581324,-0.0790015843070093,-0.205485994444166,-0.423734150805117,0.0214097492102609,-0.201162200797428,-0.119707927587048,0.337136962252459,0.108714517332706,-0.287520684786202,0.183302752972868,-0.0521089659066671,301.015897435897
72,-0.281410928140888,0.845513492243452,0.282051282051282,-0.203930543120078,0.284081322147929,0.0400753895139255,-0.362649617590031,0.121766864290706,-0.120441376649662,-0.180363083355119,0.323316566758748,0.0714767417018146,-0.317567990277571,-0.0121705148262381,-0.164869252551905,-0.328540403151059,0.186698377867022,-0.0709210126420183,-0.169176361499255,0.279518321815097,0.0551709801579212,-0.286635804285494,0.12588443326705,-0.0803756855092222,301.115644525641
73,-0.301877177460225,0.90700538258843,0.302564102564103,-0.199191983091122,0.434044496439559,0.117426256674219,-0.303001705736193,0.148763965768073,-0.0771188699840598,-0.235298349339899,0.196055558624903,-0.0196213953574982,-0.320920791856434,0.0381694639806324,-0.141375663937901,-0.280414065257712,0.239563698970899,-0.0204251831434069,-0.173126611463186,0.231267624493681,0.0290705065152473,-0.280852620051468,0.0936633515158359,-0.0935946342678163,301.216150807692
74,-0.306923565933154,0.953077412087,0.323076923076923,-0.19683266549441,0.448013026414967,0.125590180460279,-0.247089980662723,0.191043174125564,-0.0280234032685795,-0.259860648203083,0.137057658944325,-0.0614014946293793,-0.327210270746451,0.101347213292416,-0.112931528727017,-0.222717388272926,0.303738037670464,0.0405103246987689,-0.186425704857711,0.212477899391081,0.0130260972666849,-0.314195621840978,0.0800289167900876,-0.117083352525445,301.300004923077
75,-0.314586077650275,0.960739923804121,0.323076923076923,-0.208576658328542,0.267538087003872,0.0294807143376653,-0.238203445912906,0.166242987576688,-0.035980229168109,-0.279055686539899,0.0800050662114495,-0.0995253101642249,-0.323763366936815,0.120462951769859,-0.101650207583478,-0.211297941294856,0.299061182640188,0.0438816206726662,-0.172650506841384,0.25095251471355,0.0391510039360831,-0.325037884359811,0.0945199022231939,-0.115258991068308,301.399997487179
76,-0.312110302119894,0.937751327760919,0.312820512820513,-0.261765894345897,0.0449552956041744,-0.108405299370861,-0.276771699748014,0.144370976441747,-0.0662003616531334,-0.336008471140219,0.0175085368283421,-0.159249967155939,-0.321237995511297,0.12509868040678,-0.0980696575522583,-0.168930522663484,0.314153295434999,0.0726113863857575,-0.173249654244197,0.29298189116603,0.0598661184609166,-0.356014239638215,0.0719014488803284,-0.142056395378943,301.51641025641
77,-0.322343426779562,0.968497272933409,0.323076923076923,-0.277079455770256,0.000180887243046519,-0.138449284263605,-0.284199702505879,0.157637532161213,-0.063281085172333,-0.35225980263438,0.0335524346059473,-0.159353684014216,-0.309706500110259,0.169323274364094,-0.0701916128730825,-0.177715387955794,0.256569690419068,0.0394271512316365,-0.206253498862341,0.245431103781426,0.0195888024595426,-0.365504104889312,0.0350840797458188,-0.165210012571747,301.616413589744
78,-0.322343426779562,0.968497272933409,0.323076923076923,-0.231055935044075,0.0868235986773696,-0.0721161681833527,-0.323367523193882,0.10327005769553,-0.110048732749176,-0.354028359341039,0.0654244114940647,-0.144301973923487,-0.272730165934502,0.286815127141007,0.00704248060325252,-0.223534450088353,0.211575369678956,-0.00597954020469835,-0.228551938862299,0.224478979541596,-0.00203647966035168,-0.33073858884506,0.0528354636966895,-0.138951562574185,301.716407282051
79,-0.322343426779562,0.968497272933409,0.323076923076923,-0.164726158041141,0.257270920224669,0.0462723810917637,-0.35436263185677,0.0819545555543297,-0.13620403815122,-0.331993109908918,0.0954660957295083,-0.118263507089705,-0.242016404989605,0.310172503078986,0.0340780490446904,-0.292786459567014,0.174515940094202,-0.0591352597364059,-0.230921288686028,0.249013784562821,0.00904624793839648,-0.333710158239815,0.050630703065773,-0.141539727587021,301.800004923077
80,-0.322343426779562,0.968497272933409,0.323076923076923,-0.16378613688727,0.459404500830804,0.147809181971767,-0.370716987891272,0.0921284811431331,-0.139294253374069,-0.250863291343637,0.101021227004605,-0.0749210321695161,-0.187935083763874,0.379997335393594,0.09603112581486,-0.301281545336227,0.142770851021714,-0.0792553471572565,-0.147223276189964,0.318639190136019,0.0857079569730274,-0.418743708979063,-0.0289381952279466,-0.223840952103505,301.89999748718
81,-0.322343426779562,0.968497272933409,0.323076923076923,-0.256234597882748,0.485177607775284,0.114471504946268,-0.220004385893371,0.32174744759276,0.0508715308496946,-0.165173055475417,0.269293840060608,0.0520603922925953,-0.127876276575073,0.364776057820548,0.118449890622738,-0.245928484083191,0.189395989734632,-0.0282662471742795,-0.0297714926069645,0.399145600641778,0.184687054017407,-0.64509752195255,-0.211140852253531,-0.428119187103041,302.016153846154
82,-0.317136450031144,0.9735467064414,0.328205128205128,-0.316167380213786,0.265480514859355,-0.0253434326772154,-0.0240081837360465,0.589177009345618,0.282584412804786,-0.145741365078879,0.452353834179513,0.153306234550317,-0.085911988350532,0.425515510348332,0.1698017609989,-0.201939500876186,0.296698033695513,0.0473792664096634,-0.052262792287479,0.401639188567661,0.174688198140091,-0.766230902122185,-0.273059615488587,-0.519645258805386,302.115900871795
83,-0.322343426779562,0.968497272933409,0.323076923076923,-0.259228246502378,0.122862170431897,-0.0681830380352406,0.142679867221386,0.818519695619374,0.48059978142038,-0.192940948958729,0.428978646152293,0.118018848596782,-0.120341412064649,0.372170491276966,0.125914539606158,-0.156559245953596,0.361500337478828,0.102470545762616,-0.196034304398248,0.256278831509414,0.0301222635555829,-0.807023313081318,-0.298539360733471,-0.552781336907394,302.216150923077
84,-0.322343426779562,0.968497272933409,0.323076923076923,-0.171316937703018,0.283841417014632,0.0562622396558072,0.0980209961443588,0.801809882823427,0.449915439483893,-0.2033256667748,0.350067730922635,0.0733710320739174,-0.174316049815158,0.334842744616385,0.0802633474006131,-0.170811368883606,0.317829081423615,0.0735088562700045,-0.323039876718039,0.122578858730688,-0.100230508993675,-0.689231409022118,-0.201543078773498,-0.445387243897808,302.300004923077
85,-0.322343426779562,0.968497272933409,0.323076923076923,-0.0801270890700415,0.404430320377268,0.162151615653613,-0.0931291736973649,0.516368658441481,0.211619742372058,-0.291785288426103,0.175183374025268,-0.0583009572004176,-0.202689496898793,0.268826370304039,0.0330684367026228,-0.196198862766013,0.284179293573671,0.0439902154038289,-0.367339900875489,0.0894841773284057,-0.138927861773542,-0.60237243873266,-0.129921331839883,-0.366146885286271,302.399997487179
86,-0.322343426779562,0.968497272933409,0.323076923076923,0.00390536987675746,0.489386194590431,0.246645782233594,-0.285162855067291,0.205870706845285,-0.0396460741110026,-0.280651840599852,0.204912052434038,-0.0378698940829072,-0.191093347288026,0.198282767385452,0.00359471004871305,-0.195241145132152,0.273527569140511,0.0391432120041795,-0.349699962788787,0.124189869418946,-0.11275504668492,-0.54849388236133,-0.0805884155890423,-0.314541148975186,302.516154153846
87,-0.322343426779562,0.968497272933409,0.323076923076923,0.000368000308456748,0.508338718557755,0.254353359433106,-0.406528849599838,0.00907081413166797,-0.198729017734085,-0.253552274705622,0.170113234193355,-0.0417195202561333,-0.188670962961004,0.282386261963276,0.0468576495011362,-0.178651814122056,0.296295118508,0.0588216521929722,-0.274638104257106,0.22664768510171,-0.0239952095776981,-0.494896999259006,-0.0134601688364697,-0.254178584047738,302.615901025641
88,-0.322343426779562,0.968497272933409,0.323076923076923,0.0528893089053331,0.586824450732045,0.319856879818689,-0.511470523114975,-0.113096884385152,-0.312283703750064,-0.25736813029972,0.141414026457044,-0.057977051921338,-0.251367488020641,0.364968642282632,0.0568005771309957,-0.162107588774303,0.35163695894622,0.0947646850859587,-0.303371407085985,0.116775622339334,-0.0932978923733253,-0.336331334619243,0.135939989139283,-0.10019567273998,302.716150769231
89,-0.314668583284811,0.945437814054042,0.315384615384615,0.0195958272265128,0.597325948881933,0.308460888054223,-0.594481273436539,-0.193379533563696,-0.393930403500117,-0.24938092055589,0.121732583654791,-0.0638241684505494,-0.261383614349828,0.350813468026803,0.0447149268384875,-0.131622744989369,0.433006181220873,0.150691718115752,-0.17969327748781,0.279026427463475,0.0496665749878323,-0.247982239741431,0.234627507845587,-0.00667736594792164,302.800005153846
90,-0.322343426779562,0.968497272933409,0.323076923076923,-0.014104188979387,0.566807280444354,0.276351545732484,-0.641181490508871,-0.274102214760996,-0.457641852634934,-0.228875759789018,0.191089164045233,-0.0188932978718925,-0.257168538279214,0.214866672875664,-0.0211509327017747,-0.0548819913419797,0.532529365072279,0.23882368686515,-0.129141172028871,0.302847907474277,0.086853367722703,-0.21918797011892,0.28280652467091,0.031809277275995,302.899997794872
91,-0.322343426779562,0.968497272933409,0.323076923076923,-0.0739933590846976,0.523832429602055,0.224919535258679,-0.534988017782397,-0.209719054425714,-0.372353536104055,-0.255066253682702,0.159561475640263,-0.0477523890212195,-0.276640595932038,0.124322179968484,-0.0761592079817771,-0.144714881267147,0.413558219726439,0.134421669229646,-0.159537481092249,0.307054582145879,0.073758550526815,-0.227644746307191,0.263431759686543,0.0178935066896764,303.016153846154
92,-0.322343426779562,0.968497272933409,0.323076923076923,-0.20064182125947,0.338451307425056,0.0689047430827929,-0.449039797865679,-0.0876352889446983,-0.268337543405189,-0.244412567741716,0.222207392842697,-0.0111025874495096,-0.27462470131574,0.155876004713642,-0.0593743483010486,-0.225969112058424,0.316290518500389,0.0451607032209821,-0.147608639103507,0.351232882772575,0.101812121834534,-0.247443735719745,0.247916309393105,0.000236286836680118,303.115900871795
93,-0.322343426779562,0.968497272933409,0.323076923076923,-0.184987378269232,0.295132214729095,0.0550724182299313,-0.496891643605445,-0.0963172510207721,-0.296604447313109,-0.246531337984857,0.255345428117419,0.00440704506628076,-0.253314957204308,0.174413836221284,-0.0394505604915123,-0.337939153749908,0.288707605867211,-0.0246157739413485,-0.128750984482745,0.381749941989417,0.126499478753336,-0.229261668153849,0.275901763086655,0.0233200474664031,303.215894410256
94,-0.337693113769065,1.01461619069214,0.338461538461539,-0.183969748435217,0.338786712838498,0.0774084822016401,-0.574271171955753,-0.16609920762938,-0.370185189792566,-0.206551818140461,0.338914307800399,0.0661812448299688,-0.279301004811542,0.098279433788027,-0.0905107855117577,-0.390918449472571,0.254643349158912,-0.0681375501568295,-0.100775651795353,0.387690730995443,0.143457539600045,-0.189993005771094,0.306113973565856,0.0580604838973813,303.299748641026
95,-0.333770777380425,1.03377077738042,0.35,-0.171244424159902,0.379572052132164,0.104163813986131,-0.567283305734829,-0.233620636022864,-0.400451970878846,-0.142985530291384,0.377621032482626,0.117317751095621,-0.300092995873619,0.0265042255652769,-0.136794385154171,-0.318902692207099,0.243496340113068,-0.0377031760470154,-0.106774886028178,0.327094884266204,0.110159999119013,-0.118865677703642,0.339085654123884,0.110109988210121,303.399997641026
96,-0.353042800758568,1.06073510845088,0.353846153846154,-0.167232628468215,0.353816076882318,0.0932917242070516,-0.489481083307221,-0.120309362560763,-0.304895222933992,-0.156362300187626,0.352922103782358,0.0982799017973657,-0.28853911860108,-0.00356856487326588,-0.146053841737173,-0.24397317596696,0.29989789529384,0.0279623596634397,-0.170549471887415,0.298331820526813,0.0638911743196989,-0.18405397858169,0.270934929308076,0.0434404753631929,303.516154384615
97,-0.353042800758568,1.06073510845088,0.353846153846154,-0.185657047917407,0.299381548999701,0.0568622505411472,-0.364905383018691,0.0350573844445683,-0.164923999287061,-0.168992338535364,0.303698394101393,0.0673530277830142,-0.315408864577939,0.0771341583732196,-0.11913735310236,-0.211260166200563,0.324773023855691,0.0567564288275638,-0.19619153218898,0.291194947189608,0.047501707500314,-0.262145020598769,0.193947320077472,-0.0340988502606483,303.61564448718
98,-0.353042800758568,1.06073510845088,0.353846153846154,-0.223451939538035,0.275877615907604,0.0262128381847843,-0.214825633168924,0.230017959856202,0.00759616334363879,-0.163043477106434,0.297240879147335,0.0670987010204504,-0.362006112512436,0.426461316225168,0.0322276018563664,-0.22073241675761,0.353830834673888,0.0665492089581389,-0.232302870598788,0.22967783849182,-0.00131251605348444,-0.335688622314572,0.11076865401027,-0.112459984152151,303.715894717949
99,-0.353042800758568,1.06073510845088,0.353846153846154,-0.201800906205601,0.34513023266602,0.0716646632302097,-0.200074507773047,0.285613501323979,0.0427694967754663,-0.185063375386924,0.263019850384207,0.0389782374986414,-0.389962772149781,0.375720173519551,-0.00712129931511509,-0.200661904767463,0.360721776697564,0.0800299359650503,-0.254558026981644,0.153328435576034,-0.0506147957028048,-0.394049281474486,0.0612717327254901,-0.166388774374498,303.800004923077
100,-0.353042800758568,1.06073510845088,0.353846153846154,-0.150641125241228,0.471080484410653,0.160219679584713,-0.219089530193222,0.20183453666231,-0.00862749676545576,-0.156885462770027,0.35873361443947,0.100924075834722,-0.308407869249148,0.00547919696432482,-0.151464336142412,-0.199474428923121,0.368572783656591,0.0845491773667351,-0.246420140042554,0.158685958243905,-0.0438670908993247,-0.375320863310018,0.0939282250922353,-0.140696319108892,303.899997641026
101,-0.347828753371979,1.0657774713207,0.358974358974359,-0.0381713265025205,0.65943932220279,0.310633997850135,-0.26550258269746,0.128369860348889,-0.0685663611742854,-0.20942573492094,0.305057842244229,0.047816053661645,-0.246869017345508,0.108055485275323,-0.0694067660350921,-0.226713468134856,0.338890335055427,0.0560884334602854,-0.29695584987938,0.137460941324042,-0.0797474542776691,-0.395769738075811,0.0345235610361527,-0.180623088519829,304.01641025641
102,-0.323983602705454,1.09321437193622,0.384615384615385,0.0557867348848884,0.706315217246684,0.381050976065786,-0.303851791113936,0.148965479265573,-0.0774431559241815,-0.280274916845496,0.274881995113798,-0.00269646086584909,-0.199339850735877,0.295902496400121,0.0482813228321221,-0.226831828145047,0.343330873646151,0.0582495227505519,-0.319890755427757,0.131760808718642,-0.0940649733545575,-0.430952357067763,0.00395513015656468,-0.213498613455599,304.115900974359
103,-0.34276319091979,1.07096831912492,0.364102564102564,0.0554280577898225,0.691384478993399,0.373406268391611,-0.332341456252702,0.191969656220428,-0.0701859000161369,-0.275676559004058,0.261495236566708,-0.00709066121867477,-0.178739255745018,0.351689214578127,0.0864749794165546,-0.262505548092496,0.261659658358563,-0.000422944866966748,-0.302060581118246,0.171747533042583,-0.0651565240378315,-0.459637311680608,-0.0359661792846608,-0.247801745482634,304.21563824359
104,-0.337846073937435,1.07630761239897,0.369230769230769,0.0881134964065245,0.663236878053601,0.375675187230063,-0.356588943143176,0.171091997621681,-0.0927484727607477,-0.289816123814194,0.18356111073043,-0.0531275065418817,-0.187765993710706,0.288814273698385,0.0505241399938391,-0.251745321572937,0.267412223266015,0.00783345084653898,-0.220203519254814,0.272744712953093,0.0262705968491396,-0.507900274709977,-0.121957278667196,-0.314928776688587,304.299748794872
105,-0.337846073937435,1.07630761239897,0.369230769230769,0.0737315591655526,0.645977807206461,0.359854683186007,-0.345989683980297,0.147899719224371,-0.0990449823779634,-0.347275985286789,0.0545506787981253,-0.146362653244332,-0.203029072431571,0.201545391804967,-0.000741840313302031,-0.24613314741249,0.298637958530146,0.026252405558828,-0.0893902338364261,0.461353844680247,0.18598180542191,-0.558819671028865,-0.186006766351661,-0.372413218690263,304.399997641026
106,-0.328456551856711,1.08743091083107,0.379487179487179,0.0931095688074992,0.647130326579264,0.370119947693382,-0.28381648229374,0.222443303214134,-0.0306865895398032,-0.37859135359059,0.004247113196323,-0.187172120197133,-0.122318732820805,0.295169330125675,0.086425298652435,-0.242986913935038,0.294670432677481,0.0258417593712216,-0.00654881268960506,0.544750315111147,0.269100751210771,-0.661879748243982,-0.279234702557018,-0.4705572254005,304.515641564103
107,-0.337846073937435,1.07630761239897,0.369230769230769,0.0951357419510187,0.636937607554942,0.36603667475298,-0.149423610655191,0.345262296880537,0.0979193431126728,-0.39054387950633,0.00819129466079662,-0.191176292422767,-0.14727117405443,0.316956641415095,0.0848427336803329,-0.211022295133249,0.318028518811692,0.0535031118392213,-0.0398125826686559,0.46076257533035,0.210474996330847,-0.735681927963388,-0.33178335097898,-0.533732639471184,304.615388333333
108,-0.353042800758568,1.06073510845088,0.353846153846154,0.0162473684523771,0.500721414072596,0.258484391262487,-0.0354843810006372,0.492799569845265,0.228657594422314,-0.356526085410381,0.0781757697272062,-0.139175157841587,-0.198505558188784,0.301539826121086,0.0515171339661512,-0.216756209662049,0.305403693676998,0.0443237420074746,-0.0637867319333847,0.387578453777137,0.161895860921876,-0.749319910852793,-0.339467068516155,-0.544393489684474,304.716150769231
109,-0.353042800758568,1.06073510845088,0.353846153846154,0.00787629599008308,0.529057088748537,0.26846669236931,-0.00408139504405652,0.56907994416963,0.282499274562787,-0.362966977056042,0.0952692066975911,-0.133848885179225,-0.206719052697938,0.372911451896844,0.0830961995994534,-0.218640853268596,0.315752586323967,0.0485558665276851,-0.119327555594357,0.350509205341644,0.115590824873644,-0.785757075464734,-0.339634429382218,-0.562695752423476,304.800004923077
110,-0.353042800758568,1.06073510845088,0.353846153846154,0.0317178885727363,0.558859551108273,0.295288719840505,-0.0542892413988625,0.50470051461079,0.225205636605964,-0.268761516349882,0.223004471300545,-0.0228785225246685,-0.173909157876988,0.3917968968472,0.108943869485106,-0.258479217391977,0.221301351080896,-0.0185889331555404,-0.166542167154973,0.325061608624326,0.0792597207346767,-0.760273460670667,-0.29980311239978,-0.530038286535223,304.899997487179
111,-0.353042800758568,1.06073510845088,0.353846153846154,0.0952630362433419,0.635304889844176,0.365283963043759,-0.10792631310531,0.433566023875491,0.16281985538509,-0.200825236490164,0.354166692549605,0.0766707280297202,-0.184444945112707,0.529514473095942,0.172534763991617,-0.313051302760111,0.175732727110409,-0.0686592878248509,-0.243567324314615,0.228949899116534,-0.00730871259904041,-0.738000251514737,-0.249411077915279,-0.493705664715008,305.01589774359
112,-0.353042800758568,1.06073510845088,0.353846153846154,0.0456717567198234,0.576717240586715,0.311194498653269,-0.110052159339905,0.421856724584851,0.155902282622473,-0.233133088411644,0.395684849950108,0.0812758807692324,-0.142546762299053,0.731692639932637,0.294572938816792,-0.32421960616963,0.221792349579066,-0.051213628295282,-0.328729502654834,0.186121754025168,-0.0713038743148329,-0.673512000420104,-0.180977839388827,-0.427244919904466,305.115900897436
113,-0.353042800758568,1.06073510845088,0.353846153846154,-0.0296229962301515,0.54003091106361,0.255203957416729,-0.0716276083801339,0.476211498090621,0.202291944855244,-0.288815286109794,0.240635163614214,-0.0240900612477903,-0.103280118350572,0.776954690042485,0.336837285845957,-0.251290264106944,0.345439168091362,0.0470744519922092,-0.342519288006123,0.213144042641064,-0.0646876226825296,-0.608752116458381,-0.112897194156335,-0.360824655307358,305.216407128205
114,-0.345367957263817,1.03767564957151,0.346153846153846,-0.0865216188621375,0.486234712507746,0.199856546822804,-0.123389359366302,0.382840475159296,0.129725557896497,-0.317285340290113,0.11808346775668,-0.0996009362667164,-0.10288750557689,0.722932440389059,0.310022467406085,-0.205950838021362,0.450724905357894,0.122387033668266,-0.312893958613518,0.259640717090896,-0.026626620761311,-0.559899009613971,-0.084589345686749,-0.32224417765036,305.300004923077
115,-0.337846073937435,1.07630761239897,0.369230769230769,-0.0816948431815112,0.542957382619908,0.230631269719198,-0.215924069195339,0.348140073801575,0.0661080023031177,-0.264087409507876,0.127404433779707,-0.0683414878640847,-0.139130482125686,0.324417824724512,0.092643671299413,-0.178198888354479,0.4759055929414,0.14885335229346,-0.224415266236481,0.311249055356835,0.0434168945601772,-0.494685835316098,-0.0751080278362304,-0.284896931576164,305.399997487179
116,-0.264324136102103,1.23868311046108,0.487179487179487,-0.0719868851233963,0.562752003524042,0.245382559200323,-0.31326331745034,0.268217151031329,-0.0225230832095057,-0.247108488474037,0.178070189320506,-0.0345191495767655,-0.249159707908034,0.0913747445227027,-0.0788924816926654,-0.263573710130578,0.256811110915956,-0.00338129960731087,-0.139351974051727,0.33688423308702,0.0987661295176463,-0.413781197739888,-0.00161126835201772,-0.207696233045953,305.51641025641
117,-0.25759391856193,1.28323494420296,0.512820512820513,-0.0271237673481787,0.634486832442194,0.303681532547008,-0.265260572062666,0.267834312954086,0.00128687044570972,-0.250903536694525,0.187746299293347,-0.031578618700589,-0.292464027996028,0.254204140812615,-0.0191299435917068,-0.285252168504231,0.182389159702346,-0.0514315044009426,-0.174603727561172,0.286882214756147,0.0561392435974876,-0.380505878895907,0.0865285926311122,-0.146988643132397,305.615900820513
118,-0.252552695253076,1.39101423371461,0.569230769230769,0.00460882033121915,0.478507033116428,0.241557926723824,-0.258026201107199,0.154700055391192,-0.0516630728580039,-0.219014949759402,0.233590628429297,0.0072878393349474,-0.263898989851697,0.286340916540207,0.0112209633442551,-0.356044523746127,0.0703986584109727,-0.142822932667577,-0.199894572032956,0.23482623338467,0.017465830675857,-0.40329333732252,0.100445175920645,-0.151424080700938,305.715894602564
119,-0.154609462865104,1.70845561671126,0.776923076923077,-0.0867920402826247,0.442170520487175,0.177689240102275,-0.173463740697545,0.242036341929059,0.0342863006157571,-0.272221575081488,0.170709297628346,-0.050756138726571,-0.222272645058817,0.302013888388042,0.0398706216646122,-0.370252859786565,0.0685407273873475,-0.150856066199609,-0.172070725369243,0.238919760210671,0.0334245174207141,-0.391608964993327,0.0828576461292244,-0.154375659432052,305.800004923077
120,-0.111425457618632,2.33450238069556,1.11153846153846,-0.159244758051006,0.352853934580812,0.096804588264903,-0.13260145630731,0.317620604843865,0.0925095742682774,-0.258640226287864,0.178824278734761,-0.0399079737765517,-0.258991091446049,0.171804603971028,-0.0435932437375106,-0.389501015476046,0.0481817016702613,-0.170659656902892,-0.142320053679747,0.28206283789131,0.0698713921057814,-0.403707745054052,0.063912126299802,-0.169897809377125,305.899997641026
121,-0.0935679965710077,2.01151671451973,0.958974358974359,-0.201880957116292,0.315557212973611,0.0568381279286592,-0.0649370268104299,0.385496557634681,0.160279765412125,-0.205634194707223,0.22971585724046,0.0120408312666181,-0.281818400161574,-0.00445857797606883,-0.143138489068821,-0.32686277737891,0.142932172077119,-0.0919653026508952,-0.209939598962773,0.233210236634878,0.0116353188360523,-0.417670441801118,0.00163284537704522,-0.208018798212037,306.016154871795
122,-0.163495539809963,2.04041861673304,0.938461538461539,-0.261976756309764,0.185437154032603,-0.0382698011385807,-0.0956352604282908,0.329616836122188,0.116990787846949,-0.153071388229249,0.224007806360654,0.0354682090657025,-0.311935950309472,-0.0730347633407378,-0.192485356825105,-0.245145311514132,0.208059808311508,-0.0185427516013119,-0.228694248516957,0.189026218819417,-0.0198340148487698,-0.381837550654706,0.0173692981199083,-0.182234126267399,306.115900871795
123,-0.136788542721121,2.09576290169548,0.979487179487179,-0.32067438658197,0.146389050586227,-0.0871426679978712,-0.0511000497576563,0.369189754343632,0.159044852292988,-0.13759850898846,0.224849151391714,0.0436253212016271,-0.349646801739,-0.125669957640127,-0.237658379689564,-0.209746054615258,0.210204354220184,0.000229149802462868,-0.25944036516804,0.124355184803891,-0.0675425901820745,-0.394375217798828,-0.00134165597113044,-0.197858436884979,306.216150769231
124,-0.0699808849057861,2.22382703875194,1.07692307692308,-0.36655837065623,0.130942867103222,-0.117807751776504,-0.0333790164665993,0.401060180208902,0.183840581871152,-0.176351149012579,0.255783757125995,0.0397163040567077,-0.356952193994589,-0.136685545977465,-0.246818869986027,-0.271501856361096,0.136784739149177,-0.0673585586059595,-0.215637494044194,0.226429807604926,0.00539615678036621,-0.396577966006607,0.0108532419615152,-0.192862362022546,306.300004923077
125,-0.0108119379379533,2.39029911742513,1.18974358974359,-0.27032018435144,0.147332414047572,-0.0614938851519339,-0.055166260863218,0.376684477325239,0.160759108231011,-0.216366276900992,0.286247215711161,0.0349404694050845,-0.31192885268394,-0.108038284109311,-0.209983568396626,-0.276017143648659,0.0953603457735147,-0.0903283989375719,-0.180041466101802,0.362515851980108,0.091237192939153,-0.397818757062507,-0.0162742934038109,-0.207046525233159,306.3998265
126,0.0100759113497414,2.20530870403487,1.10769230769231,-0.201981600736363,0.205773846451098,0.00189612285736726,-0.182992032547202,0.200676787102938,0.00884237727786834,-0.207574833524053,0.27054467658685,0.0314849215313983,-0.26988290821858,-0.0149830961134121,-0.142433002165996,-0.303496688961691,0.0740811393359718,-0.11470777481286,-0.20244673457334,0.334889187883399,0.0662212266550292,-0.306463726404684,0.0907053142033058,-0.107879206100689,306.515897435897
127,-0.0678492122551248,1.95502869943461,0.943589743589744,-0.19666911780703,0.191491090669014,-0.0025890135690081,-0.290396799443065,0.0379792865650912,-0.126208756438987,-0.195073274030125,0.244289453119969,0.0246080895449219,-0.227385077922531,0.0546767412784431,-0.0863541683220439,-0.338652847367626,0.0873724973469951,-0.125640175010316,-0.24763384587523,0.21146637146401,-0.01808373720561,-0.1617720299309,0.23889740413726,0.0385626871031798,306.615900833333
128,-0.132062452677359,1.99872911934403,0.933333333333333,-0.137437683427015,0.236026904600905,0.049294610586945,-0.360738296506615,-0.0385448488578742,-0.199641572682244,-0.171968083560134,0.267024618563059,0.0475282675014626,-0.238070884983529,-0.00858928813070951,-0.123330086557119,-0.383972852667787,0.0964697204861657,-0.143751566090811,-0.276045126117149,0.172210294537147,-0.0519174157900013,-0.122641333719092,0.30745618091212,0.092407423596514,306.715894333333
129,-0.133168842508031,2.05624576558495,0.961538461538461,-0.101206871707841,0.303255640291027,0.101024384291593,-0.397455912610557,-0.0835884664752233,-0.24052218954289,-0.180531840518375,0.248051066808007,0.0337596131448157,-0.250286138052959,-0.038682140925709,-0.144484139489334,-0.390214470607086,0.0633941931724216,-0.163410138717332,-0.248567473045028,0.212303635842829,-0.0181319186010995,-0.120790243774153,0.299660300783189,0.0894350285045176,306.799748564103
130,0.265559978929645,3.07290155953189,1.66923076923077,-0.02499570510333,0.526334066355831,0.25066918062625,-0.422634958487993,-0.112543772538583,-0.267589365513288,-0.180907881639479,0.260982550860026,0.0400373346102732,-0.271922608475431,-0.080601226087513,-0.176261917281472,-0.379383847949096,0.0287025682588071,-0.175340639845144,-0.213962561307837,0.229945756000711,0.00799159734643667,-0.162792493523187,0.227240647897184,0.0322240771869986,306.899997474359
131,0.718636300706925,7.52751754544692,4.12307692307692,0.0644015432365411,0.657564977058821,0.360983260147681,-0.446968203414036,-0.141764417448554,-0.294366310431295,-0.241392420144623,0.262413518647657,0.0105105492515172,-0.307344867938251,-0.0996760645238357,-0.203510466231043,-0.424155772668589,-0.0785053059504712,-0.25133053930953,-0.221076677790782,0.221229489307258,7.64057582378722e-05,-0.225584916236906,0.181427044937837,-0.0220789356495344,307.016153846154
132,1.7849148465466,9.84585438422263,5.81538461538462,0.0196840113625894,0.55824279722608,0.288963404294335,-0.450224879125511,-0.169162877362216,-0.309693878243863,-0.225139866424128,0.228731041156345,0.00179558736610855,-0.317678100437572,-0.119848596717653,-0.218763348577612,-0.471741689723607,-0.161743877501126,-0.316742783612367,-0.17795739990674,0.254459829877169,0.0382512149852145,-0.276283051056214,0.0950890788043701,-0.0905969861259219,307.116157179487
133,2.1155920230808,11.7921002846115,6.95384615384615,-0.0971675625974905,0.270664878033108,0.0867486577178087,-0.446111052829196,-0.158621826652776,-0.302366439740986,-0.203761905856157,0.171160440767877,-0.0163007325441403,-0.323935417515943,-0.111830004229862,-0.217882710872902,-0.47877514039642,-0.170824867417223,-0.324800003906821,-0.137999280771402,0.301197916465415,0.0815993178470063,-0.292142218135969,0.0561197693818783,-0.118011224377045,307.216150769231
134,2.73894459560382,12.5379784813193,7.63846153846154,-0.0953179919652592,0.287471125219072,0.0960765666269062,-0.453157147284375,-0.154636166724653,-0.303896657004514,-0.183132286220044,0.139207830141312,-0.021962228039366,-0.356834595008146,-0.0778508641070828,-0.217342729557614,-0.463806416517285,-0.110352069100224,-0.287079242808755,-0.146951208834639,0.286276918852412,0.0696628550088866,-0.34811689867679,-0.0342686745121277,-0.191192786594459,307.300004846154
135,3.7128374431936,13.9871625568064,8.85,-0.109423154225408,0.298649447602226,0.0946131466884088,-0.432262754306198,-0.160638547815534,-0.296450651060866,-0.122327801615542,0.196589004593619,0.0371306014890381,-0.377301565726101,-0.0785300871949429,-0.227915826460522,-0.404951754191379,-0.0371561559979863,-0.221053955094683,-0.103494892005375,0.328190455636667,0.112347781815646,-0.326580002809103,-0.00661294049181392,-0.166596471650458,307.39999774359
136,4.8395845877354,16.1245179763672,10.4820512820513,-0.107819519699866,0.421058886589857,0.156619683444996,-0.365531080717055,-0.0942765040507397,-0.229903792383897,-0.148273908124138,0.21392283332318,0.0328244625995207,-0.351106260374165,-0.0817771404455539,-0.21644170040986,-0.392138167691319,-0.0391832324517423,-0.215660700071531,-0.100561224706524,0.32296023174145,0.111199503517463,-0.387914581620699,-0.0668368877851918,-0.227375734702945,307.51589774359
137,5.92265118957223,17.6978616309406,11.8102564102564,-0.0555996672484074,0.535252265242862,0.239826298997227,-0.361815444141392,-0.026552495801379,-0.194183969971385,-0.105513641324297,0.293990227163565,0.094238292919634,-0.324028904855923,-0.100360449071272,-0.212194676963598,-0.435185430911811,-0.073465791105156,-0.254325611008483,-0.116392520720413,0.298671077729838,0.0911392785047128,-0.415148681725831,-0.038589614137571,-0.226869147931701,307.615644461538
138,6.49620134847819,18.1499524976757,12.3230769230769,-0.0374550938086513,0.612143328370305,0.287344117280827,-0.340736957470727,0.0270257993758477,-0.15685557904744,-0.1389131922631,0.30774124607449,0.0844140269056948,-0.307016558657666,-0.084144972656488,-0.195580765657077,-0.454739549170879,-0.0611007527455367,-0.257920150958208,-0.0842571545892059,0.35096971626995,0.133356280840372,-0.517589241996666,-0.130918339427776,-0.324253790712221,307.715894410256
139,7.22015544339631,19.4567676335268,13.3384615384615,-0.0898627097177756,0.5709311045436,0.240534197412912,-0.350546713128324,-0.000538690360696224,-0.17554270174451,-0.189660061840305,0.34617036730769,0.0782551527336925,-0.2998222551602,-0.0420390868154813,-0.170930670987841,-0.434913451516803,-0.0473990759996681,-0.241156263758235,-0.0784988018991233,0.4454256638193,0.183463430960088,-0.553306610650015,-0.154024019461785,-0.3536653150559,307.800004846154
140,7.33278909532953,20.0749032123628,13.7038461538462,-0.11900107113727,0.357009660212367,0.119004294537549,-0.308356202983704,0.0582567545090323,-0.125049724237336,-0.222146199116822,0.381615476882389,0.0797346388827835,-0.32554798816001,-0.0404005182288774,-0.182974253194444,-0.384501222419245,-0.0512124835697944,-0.21785685299452,-0.11369845841603,0.490605248624733,0.188453395104352,-0.539032555320755,-0.100160868932907,-0.319596712126831,307.899997628205
141,8.07064383070236,21.1806382205797,14.625641025641,-0.149962448306228,0.280081583764956,0.0650595677293639,-0.269558120962757,0.157297665821042,-0.0561302275708576,-0.213265030713802,0.427914638269895,0.107324803778046,-0.348150504247485,0.034839598981924,-0.15665545263278,-0.373104990202546,-0.0504197679754521,-0.211762379088999,-0.16269462624413,0.508221711738235,0.172763542747052,-0.491071964278119,0.00840012216518551,-0.241335921056467,308.015897948718
142,8.62978137080666,21.9753468343216,15.3025641025641,-0.201489817077757,0.280515547360105,0.0395128651411737,-0.25192206766416,0.168839687355314,-0.0415411901544227,-0.1931917566988,0.426439942825983,0.116624093063592,-0.376031735490972,0.179288950660847,-0.0983713924150624,-0.399973152173073,-0.0401911372276108,-0.220082144700342,-0.185191515355635,0.42176503264807,0.118286758646217,-0.408021050488969,0.0955708424418087,-0.15622510402358,308.115388076923
143,8.99471223721737,22.6052877627826,15.8,-0.180293178905397,0.354315119102846,0.0870109700987248,-0.24269443065727,0.151328816265279,-0.0456828071959956,-0.198040250241734,0.415789721226044,0.108874735492155,-0.378030003595487,0.245001458273903,-0.066514272660792,-0.409864526339544,-0.0209032370521425,-0.215383881695843,-0.157148896657178,0.419270783091938,0.13106094321738,-0.35708479855533,0.134199683445621,-0.111442557554854,308.21563824359
144,8.94439747444698,23.0248332947838,15.9846153846154,-0.21483624983148,0.32547527611105,0.0553195131397845,-0.26482658843031,0.145660226202005,-0.0595831811141526,-0.178448426398592,0.466100069230595,0.143825821416002,-0.354489062204753,0.153908932608378,-0.100290064798187,-0.408870333705543,-0.00280470528005952,-0.205837519492801,-0.134181547125527,0.419549395149331,0.142683924011902,-0.323690231628211,0.191067005768903,-0.0663116129296536,308.308078538462
145,8.53673842959263,22.5401846473305,15.5384615384615,-0.176522349373001,0.334409861708529,0.0789437561677639,-0.287416918537228,0.153945022660747,-0.0667359479382406,-0.136016653353522,0.512224930267251,0.188104138456864,-0.258947896307548,0.149750392745931,-0.0545987517808089,-0.463500342945528,-0.0449700915342251,-0.254235217239876,-0.135250288334922,0.390949820915281,0.12784976629018,-0.357172776445188,0.133421928145675,-0.111875424149757,308.399997025641
146,7.87685112910247,21.8975078452565,14.8871794871795,-0.172056490278379,0.274981421139682,0.0514624654306515,-0.32899144955949,0.134552487413627,-0.0972194810729317,-0.0677756698954792,0.575365141491142,0.253794735797831,-0.256955807928037,0.152529551053987,-0.0522131284370248,-0.482840420105869,-0.0949888232975831,-0.288914621701726,-0.157507511107638,0.332908449790348,0.0877004693413551,-0.398919543920999,0.0922478928675978,-0.153335825526701,308.5
147,7.48025557001788,21.5146162248539,14.4974358974359,-0.20097499345821,0.241803888552312,0.0204144475470508,-0.356107955102806,0.135324125905324,-0.110391914598741,-0.079729576541175,0.550068784976966,0.235169604217896,-0.214277683187254,0.231795450726947,0.00875888376984674,-0.497532207633558,-0.108732999580098,-0.303132603606828,-0.195284567438223,0.258446142884324,0.0315807877230504,-0.391982335775371,0.143877257503205,-0.124052539136083,308.600003333333
148,6.8602532066001,20.442310895964,13.6512820512821,-0.242467978921229,0.167404286117015,-0.0375318464021072,-0.413305494984533,0.0454366635191106,-0.183934415732711,-0.0969221961515371,0.561678600185318,0.23237820201689,-0.219420576181922,0.218910597312925,-0.000254989434498709,-0.522676779253056,-0.0984180635043797,-0.310547421378718,-0.230934292063201,0.287609397709569,0.0283375528231837,-0.29545574377671,0.276525760278122,-0.00946499174929405,308.700000205128
149,5.99964334599568,19.7029207565684,12.8512820512821,-0.323309514649838,0.0161237347654134,-0.153592889942212,-0.411213443373272,0.0588962670139479,-0.176158588179662,-0.0336734319650209,0.629356705822993,0.297841636928986,-0.229994844510175,0.13777632676318,-0.0461092588734976,-0.510516483615744,-0.0333452055647122,-0.271930844590228,-0.1812441313153,0.429915156215599,0.124335512450149,-0.21823863376114,0.36041525895793,0.0710883125983954,308.800000307692
150,5.76306473330681,19.6625762923342,12.7128205128205,-0.397573249807993,-0.035162152254298,-0.216367701031145,-0.358281229155261,0.18946583699945,-0.0844076960779058,-0.0265036259769562,0.669588685546152,0.321542529784598,-0.285272130997129,-0.080267834054682,-0.182769982525905,-0.476017237906439,0.0313848533551171,-0.222316192275661,-0.219198091398565,0.519820841686638,0.150311375144036,-0.199188620373471,0.380080767542802,0.0904460735846652,308.899996923077
151,5.56413466063799,19.0204807239774,12.2923076923077,-0.428550968872668,-0.0564415422674207,-0.242496255570045,-0.315652370049398,0.243420283859802,-0.0361160430947983,-0.0376379703812152,0.595023632253206,0.278692830935995,-0.26955689971421,0.413712217662512,0.0720776589741506,-0.392133140981734,0.140269499396801,-0.125931820792467,-0.199258797274975,0.561312762472846,0.181026982598935,-0.263406943287821,0.326732790175242,0.0316629234437107,309
152,4.77590271405984,17.1830716449145,10.9794871794872,-0.443388782293615,0.131132732372109,-0.156128024960753,-0.25576124996344,0.33519743592567,0.0397180929811147,-0.23625460840635,0.307914276802219,0.0358298341979342,-0.239478234352978,0.430536765567255,0.0955292656071384,-0.215555066247343,0.355185916584774,0.0698154251687158,-0.258065066060133,0.385752013821413,0.0638434738806398,-0.269122733921143,0.288135693384657,0.00950647973175711,309.100003333333
153,3.82420483805942,14.7706669568124,9.2974358974359,-0.444570754162896,0.448437414226322,0.00193333003171302,-0.226088189931808,0.510662777040113,0.142287293554152,-0.381760980978939,0.114158865636505,-0.133801057671217,-0.0882003545050361,0.610302719333992,0.261051182414478,-0.0673010411530467,0.56687622086014,0.249787589853547,-0.345947954854323,0.191220806765492,-0.0773635740444157,-0.223070912849606,0.317309561751956,0.0471193244511752,309.200085641026
154,2.81221166792647,13.3929165372017,8.1025641025641,-0.394647526053536,0.425412898917432,0.0153826864319484,-0.150057769370237,0.559940409052613,0.204941319841188,-0.418471393702454,0.20130203632635,-0.108584678688052,-0.0658483335187242,0.539618280488669,0.236884973484972,-0.0312367492868598,0.713412506612907,0.341087878663024,-0.429815958413652,0.145783242047003,-0.142016358183324,-0.225582811062296,0.283647851703861,0.0290325203207825,309.300000282051
155,2.37268622582823,12.5606471075051,7.46666666666667,-0.250481199424184,0.430503311323333,0.0900110559495744,-0.0848353110081701,0.533213227184635,0.224188958088232,-0.369069258137122,0.47270134182665,0.051816041844764,-0.121831828336082,0.31725188988737,0.0977100307756441,-0.0339435640373639,0.724842149987884,0.34544929297526,-0.415305742268462,0.199317389713376,-0.107994176277543,-0.280042028123836,0.270582098851981,-0.0047299646359276,309.39999724359
156,1.99521127738759,11.6253015431252,6.81025641025641,-0.246829467176792,0.39453776699712,0.073854149910164,-0.12221107171278,0.438512018004464,0.158150473145842,-0.406161144760425,0.288821472970493,-0.0586698358949662,-0.16492355039426,0.22079248110569,0.0279344653557151,-0.0824061245071169,0.5998980770176,0.258745976255242,-0.371122385867436,0.236080698696723,-0.0675208435853562,-0.222348527324455,0.346470318902226,0.0620608957888857,309.500256410256
157,1.68493851723399,10.940702508407,6.31282051282051,-0.201732319091027,0.383108330296122,0.0906880056025476,-0.0499047053138803,0.443311855161013,0.196703574923566,-0.455291314558231,0.109608982403263,-0.172841166077484,-0.136194009813603,0.509473691741641,0.186639840964019,-0.0715524728292702,0.557216022968409,0.242831775069569,-0.369444197339497,0.251053015559784,-0.0591955908898566,-0.266993955541997,0.366386616453609,0.0496963304558063,309.60025974359
158,1.36364948859406,10.0722479473034,5.71794871794872,-0.287192382253613,0.158554251015287,-0.0643190656191632,-0.0414050826422288,0.4111180835824,0.184856500470086,-0.560031401734831,-0.0906695794323473,-0.325350490583589,-0.066811317053644,0.600315958143641,0.266752320544998,-0.0663194965040366,0.528947806477402,0.231314154986683,-0.381859627688562,0.139856750692449,-0.121001438498056,-0.240268624888077,0.409756320745674,0.0847438479287987,309.700256564103
159,1.1339725685984,9.01987358524776,5.07692307692308,-0.401628119074314,-0.017222476773293,-0.209425297923804,-0.0438153082222006,0.412675646466892,0.184430169122346,-0.530022509701316,0.0450166470962481,-0.242502931302534,-0.0297484053927545,0.71247578860611,0.341363691606678,0.0101613001894573,0.555494885823125,0.282828093006291,-0.404948983656218,0.0257891767152508,-0.189579903470483,-0.306041627425118,0.330191036299007,0.0120747044369446,309.800000384615
160,0.737462545033865,7.91894771137639,4.32820512820513,-0.48022077330899,0.0916727266681081,-0.194274023320441,0.0124824006345642,0.493289452963273,0.252885926798918,-0.405280726897919,0.161567728963939,-0.12185649896699,-0.104632154589084,0.606918048225181,0.251142946818049,-0.0453824549549633,0.484459543274006,0.219538544159521,-0.38396249249314,0.00927140228492064,-0.18734554510411,-0.390693895019369,0.200766228189117,-0.094963833415126,309.899997089744
161,0.56029279287292,7.60380977122965,4.08205128205128,-0.498319714887899,-0.0657633938988094,-0.282041554393354,0.0422473691490208,0.558708103520583,0.300477736334802,-0.348312443568156,0.114825210291359,-0.116743616638399,-0.134325712150333,0.596936141131204,0.231305214490435,-0.0848735553605127,0.429353848808487,0.172240146723987,-0.404048689304153,-0.0231501612254713,-0.213599425264812,-0.43602506832671,0.127300162828878,-0.154362452748916,310.000256410256
162,0.285824326394013,7.16032951975983,3.72307692307692,-0.417538912033798,0.0572900917443519,-0.180124410144723,0.0670344804985431,0.650906300820867,0.358970390659705,-0.384133875157581,0.0726052520469933,-0.155764311555294,-0.121428946190277,0.530831781971368,0.204701417890546,-0.0808875903945422,0.434203521313185,0.176657965459321,-0.449220719009029,-0.0702328498486463,-0.259726784428837,-0.457391670628194,0.102119719806383,-0.177635975410905,310.10025974359
163,-0.0963956905334082,6.71178030591802,3.30769230769231,-0.44897968436007,0.0409024761894026,-0.204038604085334,0.135831986962826,0.904329059848903,0.520080523405865,-0.381758263873016,0.0700488271226089,-0.155854718375203,-0.128251444849023,1.08158840998664,0.476668482568811,-0.111395401265686,0.431466663135944,0.160035630935129,-0.520844378877011,-0.0881262581066521,-0.304485318491832,-0.52128647830952,0.0470545509424823,-0.237115963683519,310.200256564103
164,-0.277238356825156,6.51313579272259,3.11794871794872,-0.458632117782465,0.0128959385955618,-0.222868089593451,0.185306372470547,0.982590629083063,0.583948500776805,-0.376212539408212,0.0647143098060165,-0.155749114801098,-0.0208579944435061,0.858233357169128,0.418687681362811,-0.100275269444947,0.428388809683626,0.16405677011934,-0.522670338685877,-0.0535666783034377,-0.288118508494657,-0.52096561747477,0.0420383535127325,-0.239463631981019,310.300000282051
165,-0.318496436027045,6.44157335910397,3.06153846153846,-0.508060662576231,-0.159117957204845,-0.333589309890538,0.236703878975446,0.881020941784764,0.558862410380105,-0.396312031952961,0.0341217464537439,-0.181095142749609,0.100122660368963,0.722447224784506,0.411284942576735,-0.115901567158286,0.381199523180634,0.132648978011174,-0.489050622815015,-0.00189980169936043,-0.245475212257188,-0.51624038822773,0.0409780063835017,-0.237631190922114,310.39999698718
166,-0.475306969187292,6.20864030252063,2.86666666666667,-0.531090320793042,-0.205849661774537,-0.368469991283789,0.181390776525915,0.763517876005094,0.472454326265504,-0.438737373441959,-0.0165952316792957,-0.227666302560627,0.149830164705938,0.795298440970545,0.472564302838242,-0.16620691854336,0.298108633868357,0.0659508576624982,-0.454715142949981,0.0302453206720652,-0.212234911138958,-0.465290736103516,0.0699824551368822,-0.197654140483317,310.500256410256
167,-0.573480913747712,6.05040399067079,2.73846153846154,-0.467326419752923,-0.056879360625809,-0.262102890189366,0.159945694241875,0.731013340905519,0.445479517573697,-0.459259605844158,-0.0518726639535528,-0.255566134898855,0.200052493426771,0.93814054815048,0.569096520788626,-0.234399861125217,0.232043590086641,-0.00117813551928774,-0.44556834664566,0.0203300473052558,-0.212619149670202,-0.413965086894116,0.153489359109284,-0.130237863892416,310.60025974359
168,-0.66280600416932,5.88331882468214,2.61025641025641,-0.410348098857727,0.0690846145693468,-0.17063174214419,0.0694433933780319,0.678054699514262,0.373749046446147,-0.47411825090878,-0.081054595320507,-0.277586423114644,0.16361109051969,0.797319850353875,0.480465470436783,-0.255695525753406,0.235535156760982,-0.0100801844962121,-0.411686120272921,0.0499018730496125,-0.180892123611654,-0.367194119408639,0.210000907946422,-0.0785966057311087,310.700256717949
169,-0.703379866913813,5.7905593540933,2.54358974358974,-0.340755956909184,0.0908197240581159,-0.124968116425534,-0.00263667210403549,0.593529228290332,0.295446278093148,-0.479204762977334,-0.0821255094381316,-0.280665136207733,0.0802148998529446,0.649525886641178,0.364870393247061,-0.309873387873628,0.201531610199084,-0.0541708888372719,-0.390717232013854,0.0759791658258175,-0.157369033094018,-0.358371166758193,0.227006548170653,-0.0656823092937701,310.800000076923
170,-0.815178100944227,5.63569092145705,2.41025641025641,-0.29609496368133,0.0708871648936634,-0.112603899393833,-0.0421158947464654,0.473772330321676,0.215828217787605,-0.416110944466306,-0.00551497655490709,-0.210812960510607,0.0237638044797747,0.573238601014579,0.298501202747177,-0.272302522608318,0.200560355150905,-0.0358710837287062,-0.41439222260076,0.0761719896487185,-0.169110116476021,-0.471951325284329,0.117283372044659,-0.177333976619835,310.899996833333
171,-0.854028508235207,5.56172081592752,2.35384615384615,-0.335965414771969,0.0225402171505017,-0.156712598810734,-0.0170752153498486,0.452677302351409,0.21780104350078,-0.326344030543548,0.0859294049597366,-0.120207312791906,-0.0115523660949101,0.517338197708002,0.252892915806546,-0.192525912513743,0.258367662049966,0.0329208747681112,-0.456660703036175,0.0389374099869817,-0.208861646524597,-0.509106891730324,0.0574651964008824,-0.225820847664721,311.000256410256
172,-0.888847968154484,5.49397617328269,2.3025641025641,-0.303725553548415,0.101790812959612,-0.100967370294402,0.0505244267240212,0.547813173509241,0.299168800116631,-0.288312812125857,0.115776655856365,-0.0862680781347464,-0.0249888788867245,0.461353039156344,0.21818208013481,-0.0735289930407145,0.41547667378788,0.170973840373583,-0.503679932205923,-0.00137086056620004,-0.252525396386062,-0.562886992889037,-0.0211405694498244,-0.292013781169431,311.10025974359
173,-0.899040262554444,5.46314282665701,2.28205128205128,-0.313073456940485,0.11737821362158,-0.0978476216594522,0.116245103999556,0.666331735524882,0.391288419762219,-0.299589135295303,0.0882367526362461,-0.105676191329528,-0.131146321896377,0.341552688412538,0.10520318325808,-0.0392189947599886,0.473498953801496,0.217139979520754,-0.545247276391277,-0.0616108767125669,-0.303429076551922,-0.547714997143582,-0.0154303513715173,-0.28157267425755,311.200256358974
174,-0.748255203731012,4.91235776783358,2.08205128205128,-0.306606288686375,0.0740526961407711,-0.116276796272802,0.149996532745549,0.688842561788233,0.419419547266891,-0.27255446469681,0.0960325053443942,-0.0882609796762077,-0.241795505573166,0.210578578023642,-0.015608463774762,-0.0776293057565655,0.430263587191545,0.17631714071749,-0.547442862697326,-0.0555366765846816,-0.301489769641004,-0.520631968966707,0.017520101576361,-0.251555933695173,311.300000282051
175,-0.243062624648653,3.08408826567429,1.42051282051282,-0.305684266195682,0.0681343816126296,-0.118774942291526,0.171421666491658,0.644476626937205,0.407949146714431,-0.245658483830518,0.107607095223854,-0.069025694303332,-0.287033916882777,0.115447688253271,-0.0857931143147531,-0.166979797856616,0.297393650560581,0.0652069263519823,-0.488843998524874,-0.00491524418347861,-0.246879621354177,-0.459642408708861,0.0885875674400125,-0.185527420634424,311.399997141026
176,-0.0335453520349824,1.97200689049652,0.969230769230769,-0.278240037006889,0.147796738146713,-0.0652216494300882,0.128262412696415,0.587002043819891,0.357632228258153,-0.254297245107359,0.0897102272893665,-0.0822935089089961,-0.252095234385955,0.174557679932242,-0.0387687772268567,-0.158215777876118,0.301293516893035,0.0715388695084583,-0.445622580168014,0.0186128126181096,-0.213504883774952,-0.370802611645197,0.179294307249994,-0.0957541521976018,311.500256410256
177,-0.0088722177954541,1.54733375625699,0.769230769230769,-0.305573956648698,0.187249620621395,-0.0591621680136517,0.191477870064997,0.664543616932041,0.428010743498519,-0.299149774620678,0.0758761144371618,-0.111636830091758,-0.191907036326581,0.279387741701401,0.0437403526874101,-0.18660417368712,0.233584875505127,0.0234903509090033,-0.462064993413452,-0.0315961564121048,-0.246830574912779,-0.26420468981594,0.280759385183723,0.00827734768389167,311.60025974359
178,-0.0517388703284604,1.26199528058487,0.605128205128205,-0.307731579497933,0.166995119037035,-0.070368230230449,0.174530656085759,0.665627062109062,0.42007885909741,-0.300603178712316,0.0846442834620894,-0.107979447625113,-0.185307660016307,0.376580949923805,0.0956366449537493,-0.195128377137821,0.198213295274349,0.00154245906826403,-0.453275048434632,-0.0155861012303893,-0.234430574832511,-0.222302761141771,0.286834584480102,0.0322659116691658,311.700256358974
179,-0.152792239947549,0.942535829691139,0.394871794871795,-0.33794340801483,0.0705674743210639,-0.133687966846883,0.115266046049804,0.642112339798616,0.37868919292421,-0.30704637160672,0.0723957523900622,-0.117325309608329,-0.155170719314617,0.385574866546645,0.115202073616014,-0.223629753590969,0.179381911194427,-0.022123921198271,-0.397933686992457,0.0629859044108461,-0.167473891290805,-0.196233356104038,0.308296682412422,0.056031663154192,311.800000076923
180,-0.177114140332687,0.915575678794225,0.369230769230769,-0.390446250091185,0.0348345278800872,-0.177805861105549,0.00693596717270402,0.484551813800011,0.245743890486358,-0.281856260673348,0.116857935938256,-0.0824991623675457,-0.101442564257739,0.381636369160814,0.140096902451537,-0.208943570466188,0.221460698179251,0.00625856385653123,-0.377895798518448,0.119140481181691,-0.129377658668378,-0.222886460679645,0.265161859785608,0.0211376995529814,311.899996833333
181,-0.177854349188195,0.906059477393323,0.364102564102564,-0.375595688118872,0.0873101140494088,-0.144142787034731,-0.067527166614872,0.367110880749683,0.149791857067405,-0.239085938893739,0.194429492218799,-0.0223282233374703,-0.0629488014470591,0.435423118384257,0.186237158468599,-0.172418106283,0.259594547817043,0.0435882207670214,-0.356217427750111,0.102473812116477,-0.126871807816817,-0.178015739981477,0.274969290595165,0.048476775306844,312.000256564103
182,-0.177114140332687,0.915575678794225,0.369230769230769,-0.319732703653908,0.125846850785899,-0.0969429264340043,-0.0804895520163027,0.352777239228405,0.136143843606051,-0.165886914736874,0.301836315402979,0.0679747003330526,-0.00709291420851469,0.520096160242611,0.256501623017048,-0.176099875835424,0.275803144706754,0.049851634435665,-0.390427987255353,0.029695836765492,-0.180366075244931,-0.216926828917623,0.247055244511212,0.0150642077967942,312.10025974359
183,-0.181154035395812,0.929871984113761,0.374358974358974,-0.31918159223722,0.129653904346844,-0.0947638439451877,-0.111995155570696,0.361278138548559,0.124641491488931,-0.132644043810755,0.33183435223409,0.0995951542116675,0.00479354977845164,0.536166120006498,0.270479834892475,-0.212556980717177,0.273821571089013,0.0306322951859181,-0.392907622817153,0.0169047439973649,-0.188001439409894,-0.306740534593395,0.197402486883054,-0.0546690238551705,312.200256358974
184,-0.19142100418181,0.940138952899759,0.374358974358974,-0.277534789716716,0.158697593196868,-0.0594185982599238,-0.132482119713396,0.332498233254035,0.100008056770319,-0.16306621641945,0.263491527834161,0.0502126557073558,-0.0229955333933731,0.445802686992653,0.21140357679964,-0.25724137710012,0.246400157988342,-0.00542060955588906,-0.393718963990373,-0.00951640385640631,-0.20161768392339,-0.325398481170348,0.199488465918165,-0.0629550076260916,312.300000487179
185,-0.201874638790756,1.00187463879076,0.4,-0.268577373324201,0.164713175550687,-0.0519320988867568,-0.145147566537927,0.350094302460204,0.102473367961138,-0.175878484760705,0.212934616538679,0.0185280658889868,-0.0788728192815242,0.32223779768078,0.121682489199628,-0.277758602632936,0.194718542616233,-0.0415200300083514,-0.377164632063611,-0.00555836879007125,-0.191361500426841,-0.283034457558937,0.233200484591313,-0.0249169864838116,312.399997448718
186,-0.203038980736531,0.992782570480121,0.394871794871795,-0.30632903869643,0.124939582699245,-0.0906947279985924,-0.123742428249711,0.474642741315366,0.175450156532828,-0.227910975239372,0.211569677791117,-0.00817064872412763,-0.195859825714148,0.178510424073609,-0.00867470082026941,-0.343581434446115,0.11833171019398,-0.112624862126067,-0.4131105700932,0.0179483309477385,-0.197581119572731,-0.278802267698682,0.236281421131901,-0.0212604232833905,312.500256410256
187,-0.201874638790756,1.00187463879076,0.4,-0.349327565275288,0.0565722774581212,-0.146377643908583,-0.076560137995329,0.588052838935277,0.255746350469974,-0.25881135052036,0.199836943273285,-0.0294872036235376,-0.223553278756027,0.102314523299446,-0.0606193777282906,-0.330843349239482,0.103461308797919,-0.113691020220781,-0.451847878817734,0.027941675805563,-0.211953101506086,-0.264620253844142,0.216174073735893,-0.0242230900541245,312.600259897436
188,-0.201874638790756,1.00187463879076,0.4,-0.355770644729687,0.0490495495856446,-0.153360547572021,-0.0380935256979838,0.632012005726775,0.296959240014396,-0.300531444123896,0.21199196495128,-0.0442697395863076,-0.217624798294732,0.108579104427216,-0.0545228469337579,-0.259504706190144,0.198627220438659,-0.0304387428757424,-0.415479786001566,0.123857800331249,-0.145810992835159,-0.280612633857945,0.190352526855672,-0.0451300535011361,312.700256564103
189,-0.201874638790756,1.00187463879076,0.4,-0.359472575978494,0.129687310999082,-0.114892632489706,-0.0807996122011174,0.592197324689828,0.255698856244355,-0.268816345789241,0.266580397005758,-0.00111797439174151,-0.2175550322591,0.115541247337322,-0.0510068924608891,-0.196601330701879,0.305202524778612,0.0543005970383663,-0.381838849769407,0.164501437429904,-0.108668706169752,-0.291271526319806,0.174654546902542,-0.058308489708632,312.800000589744
190,-0.197666460784234,0.987410050527824,0.394871794871795,-0.318983817183613,0.166001725983662,-0.0764910455999751,-0.123085857750781,0.513343023975084,0.195128583112151,-0.215477445054711,0.351659813689843,0.068091184317566,-0.265998282697731,0.020667202991887,-0.122665539852922,-0.212726021880048,0.317646793671244,0.052460385895598,-0.347803400107139,0.137092778047211,-0.105355311029964,-0.237539184085326,0.23223359233843,-0.0026527958734478,312.899996833333
191,-0.201874638790756,1.00187463879076,0.4,-0.312055807055231,0.0870861537180212,-0.112484826668605,-0.244750644376964,0.3584332071799,0.0568412814014681,-0.191709414771164,0.324442722715896,0.0663666539723657,-0.32714419542077,-0.0833662853433348,-0.205255240382053,-0.211121190285402,0.28720154518955,0.038040177452074,-0.337497762595178,0.0758019771787726,-0.130847892708203,-0.1484636793413,0.348986803610779,0.100261562134739,313.000256410256
192,-0.201874638790756,1.00187463879076,0.4,-0.316248066712274,0.0886163993836489,-0.113815833664313,-0.291436130456638,0.290708496453225,-0.000363817001706511,-0.200542986493837,0.305125917137149,0.0522914653216563,-0.362572787868251,-0.135202909747643,-0.248887848807947,-0.22857014726169,0.24582275251925,0.00862630262877985,-0.36332686618086,0.0538943490869428,-0.154716258546958,-0.0566706870583037,0.46042277030701,0.201876041624353,313.10025974359
193,-0.203038980736531,0.992782570480121,0.394871794871795,-0.323294967717465,0.0795276858725503,-0.121883640922457,-0.274281320039299,0.226059079053339,-0.02411112049298,-0.243266227723051,0.300736570505692,0.0287351713913205,-0.332266300298091,-0.0346025347224135,-0.183434417510252,-0.261324440677754,0.253536548943476,-0.00389394586713877,-0.430372020742502,-0.0413089373776945,-0.235840479060098,0.0043886094105997,0.516144999183927,0.260266804297264,313.200256564103
194,-0.203038980736531,0.992782570480121,0.394871794871795,-0.323119703277516,0.109096166098456,-0.10701176858953,-0.257663303781894,0.219600500500361,-0.0190314016407665,-0.334594649702624,0.108592655276997,-0.113000997212814,-0.302246700632045,0.0326234817548945,-0.134811609438575,-0.250717569788946,0.254183529151046,0.00173297968105005,-0.438021244952011,-0.0460979910986196,-0.242059618025315,0.0726385381828592,0.584757568685726,0.328698053434293,313.300000282051
195,-0.203038980736531,0.992782570480121,0.394871794871795,-0.303995596820231,0.357706862291841,0.0268556327358051,-0.300703370027538,0.118111576179533,-0.0912958969240028,-0.330276511357864,0.0773887438593787,-0.126443883749243,-0.288505524824134,0.0356556177400596,-0.126424953542037,-0.239329783197263,0.215994721305248,-0.0116675309460072,-0.37748987716098,0.025040460305558,-0.176224708427711,0.149204792984548,0.653826322135273,0.401515557559911,313.399996833333
196,-0.206111917690688,1.0163683279471,0.405128205128205,-0.320663595253558,0.349733326969325,0.0145348658578832,-0.325677480602724,0.0239243290057402,-0.150876575798492,-0.297027957276282,0.0958659681756046,-0.100580994550339,-0.298335015338105,0.0485371117544808,-0.124898951791812,-0.224942338949138,0.202513342108686,-0.0112144984202261,-0.318569539220561,0.0948000926558835,-0.111884723282339,0.178603742441097,0.670842787275353,0.424723264858225,313.500256410256
197,-0.214668583284811,1.04543781405404,0.415384615384615,-0.276561289114458,0.448333096555844,0.0858859037206929,-0.328624543359893,0.000454035471278116,-0.164085253944307,-0.258846953617206,0.151510668133981,-0.0536681427416121,-0.307850599070151,0.0205165972027962,-0.143667000933677,-0.184243999711731,0.267321615309792,0.0415388077990306,-0.293197832672085,0.112654759384896,-0.0902715366435945,0.140966025708767,0.643051835412671,0.392008930560719,313.600259897436
198,-0.203038980736531,0.992782570480121,0.394871794871795,-0.300268778979632,0.223485977789368,-0.0383914005951318,-0.242998624499656,0.13070670533273,-0.0561459595834631,-0.293680690984604,0.138596131183725,-0.0775422799004395,-0.290722409431418,0.108590995406325,-0.0910657070125466,-0.169058956869435,0.3478172128471,0.0893791279888326,-0.309564676791156,0.0839161278643173,-0.112824274463419,0.0187173924524614,0.52905288723106,0.273885139841761,313.700256564103
199,-0.214691868881553,1.00443545862514,0.394871794871795,-0.292415384112253,0.11820222509715,-0.0871065795075515,-0.225991431903987,0.185526695584162,-0.0202323681599127,-0.290442767116751,0.179757927565987,-0.055342419775382,-0.27320425354057,0.187899214978453,-0.0426525192810588,-0.160549786719828,0.41925881237733,0.129354512828751,-0.313313224520964,0.091174354876671,-0.111069434822147,-0.0143231445050555,0.453884072587717,0.219780464041331,313.800000692308
200,-0.214668583284811,1.04543781405404,0.415384615384615,-0.374537506623879,-0.0328342984098426,-0.203685902516861,-0.227636175271357,0.141673694492636,-0.0429812403893604,-0.244097749505279,0.210505102183429,-0.0167963236609249,-0.230282542785649,0.238676086302169,0.00419677175826033,-0.172579852824739,0.402459281515177,0.114939714345219,-0.324540702300797,0.158242595435815,-0.0831490534324909,-0.00880521715130958,0.434746255850172,0.212970519349431,313.899996935897
201,-0.21898555449633,1.06001119552197,0.420512820512821,-0.410264900736722,-0.0580220424205469,-0.234143471578634,-0.232369441823285,0.117154570704222,-0.0576074355595316,-0.258675426514513,0.171912482193809,-0.0433814721603518,-0.205991928110716,0.12252035771272,-0.0417357851989978,-0.245501092698983,0.286784128895825,0.0206415180984214,-0.354494055398181,0.180966512251722,-0.0867637715732293,0.000945076605407961,0.431915400162274,0.216430238383841,314.000256564103
202,-0.227691231348652,1.08922969288711,0.430769230769231,-0.406096172697593,-0.0615422753710868,-0.23381922403434,-0.242800013402738,0.142088720140209,-0.0503556466312648,-0.185027027865326,0.29179286863665,0.0533829203856619,-0.240602590412318,0.0786595634316186,-0.0809715134903499,-0.289423230148919,0.229041017966545,-0.0301911060911871,-0.355991758158772,0.159345375066794,-0.0983231915459892,-0.126640072382461,0.324688672134142,0.0990242998758404,314.10025974359
203,-0.222000649922062,1.08353911146052,0.430769230769231,-0.347696061102812,-0.0432404671480459,-0.195468264125429,-0.233629649190847,0.170482521493198,-0.0315735638488246,-0.154584242071256,0.346596519451734,0.0960061386902391,-0.282478408043824,0.0614398599620878,-0.110519274040868,-0.294045612051543,0.206140468856293,-0.0439525715976248,-0.381271248506034,0.108339680945305,-0.136465783780364,-0.124263674767942,0.330870570602954,0.103303447917506,314.200256564103
204,-0.227691231348652,1.08922969288711,0.430769230769231,-0.325117146659205,0.043877350447707,-0.140619898105749,-0.20863806207325,0.180843273949682,-0.0138973940617838,-0.131921340796205,0.351053015973786,0.10956583758879,-0.278623142606053,0.109056031245099,-0.0847835556804766,-0.273644955425239,0.228979703959868,-0.0223326257326854,-0.39217203658911,0.0827487792323963,-0.154711628678357,-0.0506566424398669,0.420340709468444,0.184842033514289,314.300000179487
205,-0.227691231348652,1.08922969288711,0.430769230769231,-0.303831676279714,0.152683188289686,-0.0755742439950143,-0.199894059460226,0.221786001715953,0.0109459711278633,-0.163169681948992,0.330105434176143,0.0834678761135758,-0.205506301668965,0.27985316154098,0.0371734299360075,-0.308393036651904,0.224353030296726,-0.0420200031775889,-0.434495158418276,0.04609088534659,-0.194202136535843,-0.025669596530994,0.482438406321323,0.228384404895165,314.399996782051
206,-0.227691231348652,1.08922969288711,0.430769230769231,-0.254675881255918,0.227338375192294,-0.0136687530318121,-0.227292347239357,0.257156816882979,0.014932234821811,-0.20573705927188,0.227670582800852,0.010966761764486,-0.205098127029397,0.3450211468034,0.0699615098870015,-0.292515499505978,0.256588105327822,-0.0179636970890783,-0.460077002626478,0.0143591136907756,-0.222858944467851,-0.0479689730478807,0.450478596375998,0.201254811664059,314.500256410256
207,-0.223326786076667,1.07460883735872,0.425641025641026,-0.229844483887904,0.18158629178635,-0.0241290960507766,-0.229651133294288,0.278931176556565,0.0246400216311385,-0.190781821821131,0.335487693202624,0.0723529356907462,-0.145550346798608,0.760619332265948,0.30753449273367,-0.268838247054496,0.281827727757771,0.00649474035163747,-0.454114093021942,0.0479010918779075,-0.203106500572017,-0.0936903841683364,0.370126918575908,0.138218267203786,314.600259897436
208,-0.21898555449633,1.06001119552197,0.420512820512821,-0.206663076955357,0.21356982963786,0.0034533763412514,-0.189985341074345,0.344089360180853,0.0770520095532541,-0.249994613544757,0.297270106289499,0.0236377463723708,-0.116437425618752,0.731878422908272,0.30772049864476,-0.210165934578652,0.388758111394006,0.0892960884076769,-0.511933323755001,-0.0027387052812751,-0.257336014518138,-0.0541563018610137,0.426496149184781,0.186169923661884,314.700256358974
209,-0.222000649922062,1.08353911146052,0.430769230769231,-0.252020556010006,0.148422901103914,-0.0517988274530459,-0.170009457875823,0.388410309416393,0.109200425770285,-0.301245181004563,0.252190173313052,-0.0245275038457551,-0.0885086992008355,0.878419773310157,0.394955537054661,-0.182376173141985,0.4589703189977,0.138297072927858,-0.533683322080993,-0.00681464960737541,-0.270248985844184,0.0524155476881489,0.498970142182964,0.275692844935557,314.800000076923
210,-0.225061533429337,1.10711281548062,0.441025641025641,-0.315208150394627,0.100318699003939,-0.107444725695344,-0.0747547297335861,0.482412772252645,0.20382902125953,-0.302400586907747,0.19980503121458,-0.0512977778465833,-0.151869768953145,0.710825950387041,0.279478090716948,-0.2069989723848,0.365622659271803,0.0793118434435011,-0.52139178731248,-0.00156609050437098,-0.261478938908426,0.0632759682718421,0.500745526278925,0.282010747275384,314.899996935897
211,-0.214668583284811,1.04543781405404,0.415384615384615,-0.374060680088227,0.203839597123512,-0.0851105414823575,0.0385345438658955,0.581015107596454,0.309774825731175,-0.262103189394898,0.182789995241737,-0.0396565970765807,-0.186292931296712,0.442168730744865,0.127937899724076,-0.298901121160648,0.188080251988004,-0.0554104345863222,-0.440475431095498,0.106922215795513,-0.166776607649993,0.00298572852436522,0.473121377608728,0.238053553066547,315.000256717949
212,-0.213461066448951,1.05448670747459,0.420512820512821,-0.44906088387142,0.243183593376978,-0.102938645247221,0.0632773363169434,0.610592984552133,0.336935160434538,-0.235657470920983,0.172683850584675,-0.0314868101681539,-0.220801290891106,0.317159978160954,0.0481793436349244,-0.323829740514854,0.134693959744762,-0.0945678903850456,-0.367930870103937,0.186045241298864,-0.0909428144025366,-0.0278525882718916,0.46768919407785,0.219918302902979,315.100259897436
213,-0.214668583284811,1.04543781405404,0.415384615384615,-0.464520026636028,0.254633082236855,-0.104943472199586,-0.0146963676507858,0.538677215959272,0.261990424154243,-0.201417818830482,0.219913521565788,0.00924785136765333,-0.151403185821981,0.332892479632928,0.0907446469054737,-0.335745602939881,0.115296799471724,-0.110224401734078,-0.309417003715026,0.223640577295948,-0.0428882132095387,0.0199462701889825,0.475431174070743,0.247688722129863,315.200256564103
214,-0.21898555449633,1.06001119552197,0.420512820512821,-0.403478077136212,0.0271432769195803,-0.188167400108316,-0.0949306348648627,0.429233836988636,0.167151601061887,-0.14538490613601,0.317123623451646,0.0858693586578182,-0.136900771827519,0.24480619815394,0.0539527131632103,-0.327629536231389,0.141024322552617,-0.0933026068393858,-0.285638073742131,0.248334053527512,-0.0186520101073096,0.0903247051076429,0.544732170151166,0.317528437629404,315.300000384615
215,-0.226308118906121,1.09810299070099,0.435897435897436,-0.37578988394418,0.0590332872347471,-0.158378298354716,-0.172810214747855,0.317000793080378,0.0720952891662618,-0.178062974880696,0.294026436750933,0.0579817309351182,-0.154410198128175,0.225532556906123,0.0355611793889741,-0.251516905527473,0.182631881516143,-0.0344425120056654,-0.262430980245889,0.256287702356083,-0.00307163894490287,0.0720446388092761,0.56091235292545,0.316478495867363,315.399996679487
216,-0.214668583284811,1.04543781405404,0.415384615384615,-0.347062890729359,0.0882059228065284,-0.129428483961415,-0.234169546954438,0.275695840357515,0.0207631467015385,-0.203370948067628,0.29297994899086,0.0448045004616162,-0.200457825943468,0.132932103818043,-0.0337628610627128,-0.229132458330785,0.211212242204934,-0.00896010806292597,-0.242069539645554,0.258528448871727,0.00822945461308617,0.0753765028221703,0.620211260675142,0.347793881748656,315.500256564103
217,-0.213461066448951,1.05448670747459,0.420512820512821,-0.328923344248296,0.029440690954287,-0.149741326647004,-0.301894591870429,0.27666262703647,-0.0126159824169796,-0.257195378294843,0.257249484809327,2.70532572422503e-05,-0.249685279908702,0.0349387253679413,-0.10737327727038,-0.263749284042374,0.222550759228287,-0.0205992624070435,-0.235092027934814,0.237297936722563,0.00110295439387438,0.0934521284719744,0.655836491836965,0.37464431015447,315.60025974359
218,-0.211464631077616,1.07300309261608,0.430769230769231,-0.254314056375618,0.112865292879484,-0.070724381748067,-0.322681825298,0.336360283913231,0.00683922930761542,-0.197689375058773,0.279596798418448,0.0409537116798375,-0.282196635781842,0.0226231159095316,-0.129786759936155,-0.388914923521972,0.106538689872988,-0.141188116824492,-0.243766046362825,0.192655162730018,-0.0255554418164037,0.121285251002744,0.649569731540636,0.38542749127169,315.700256564103
219,-0.213461066448951,1.05448670747459,0.420512820512821,-0.198756935752436,0.221997217257759,0.0116201407526613,-0.303497605818866,0.550612996703482,0.123557695442308,-0.183468164534484,0.30395812073062,0.0602449780980678,-0.296552070527739,0.356065849601058,0.0297568895366595,-0.453638379821229,0.0150174005476853,-0.219310489636772,-0.267865699813989,0.174807991000047,-0.0465288544069711,-0.00242973574554993,0.547475802047906,0.272523033151178,315.800000076923
220,-0.214668583284811,1.04543781405404,0.415384615384615,-0.224337841364359,0.160495898099132,-0.0319209716326138,-0.320374803213224,0.451243717692824,0.0654344572397999,-0.170476892792829,0.39001674068459,0.109769923945881,-0.309069763809658,0.477444679077027,0.0841874576336845,-0.423543896011933,0.015801635839818,-0.203871130086058,-0.215363571346984,0.239851943902775,0.0122441862778955,-0.103064396608472,0.443461676703753,0.170198640047641,315.899996679487
221,-0.223326786076667,1.07460883735872,0.425641025641026,-0.278156190831322,0.169188100744677,-0.0544840450433228,-0.359881726675085,0.236369251607186,-0.0617562375339498,-0.119967914729628,0.524518086543967,0.20227508590717,-0.225188936259095,0.453801935613307,0.114306499677106,-0.47113864091109,-0.0293295494964918,-0.250234095203791,-0.154512760675747,0.339897549160356,0.0926923942423043,-0.191191514332998,0.346675255436776,0.077741870551889,316.000256410256
222,-0.21898555449633,1.06001119552197,0.420512820512821,-0.342144598285456,-0.0526778060104776,-0.197411202147967,-0.296539202019579,0.183758600383727,-0.0563903008179261,-0.0632038033882694,0.633570788354334,0.285183492483032,-0.202804723357388,0.324124150417695,0.0606597135301536,-0.532212331628234,-0.0748551365687382,-0.303533734098486,-0.0585657907069622,0.49598941705287,0.218711813172954,-0.231148999848576,0.315608151423352,0.0422295757873878,316.100259897436
223,-0.214668583284811,1.04543781405404,0.415384615384615,-0.343209801072388,0.0424224363907292,-0.15039368234083,-0.265928990896844,0.177939895171733,-0.0439945478625553,-0.0878046198284869,0.586240954721894,0.249218167446703,-0.199004037135144,0.366310183188008,0.0836530730264321,-0.564857275867599,-0.122981889143177,-0.343919582505388,-0.0638938816299691,0.519086834776444,0.227596476573237,-0.142705627488272,0.414663682527198,0.135979027519463,316.200256358974
224,-0.214668583284811,1.04543781405404,0.415384615384615,-0.370764152079696,0.0606215516441993,-0.155071300217749,-0.235060153780026,0.239419277295992,0.00217956175798315,-0.0973348932986359,0.509594943038722,0.206130024870043,-0.185076877544065,0.330842618127099,0.0728828702915167,-0.507539776358207,-0.0660739772895751,-0.286806876823891,-0.0779234493919948,0.459886650120687,0.190981600364346,-0.0723485481764068,0.510986474992825,0.219318963408209,316.300000179487
225,-0.213104611509743,1.01310461150974,0.4,-0.404166879161088,0.0214247503764273,-0.19137106439233,-0.217417382469453,0.26803212153176,0.0253073695311534,-0.119789247578748,0.437663743339543,0.158937247880397,-0.204715330404573,0.320320480378321,0.0578025749868741,-0.445365321170228,-0.0101742024206106,-0.22776976179542,-0.0650105780339175,0.444587821542108,0.189788621754095,-0.01713160236721,0.581859739631954,0.282364068632372,316.399996935897
226,-0.211667206382905,1.02192361663932,0.405128205128205,-0.469703274607356,-0.0840602346872628,-0.276881754647309,-0.205837339201695,0.246171282621342,0.0201669717098233,-0.136173131253901,0.390474729872638,0.127150799309369,-0.276024209055501,0.222731115919779,-0.026646546567861,-0.400931827402583,0.0270361273399553,-0.186947850031314,-0.105850405756074,0.417903964240295,0.156026779242111,0.0157559244407696,0.578023699796025,0.296889812118397,316.500256410256
227,-0.142777069589778,1.1684180952308,0.512820512820513,-0.50232635575697,-0.0860481966788117,-0.294187276217891,-0.228006049943202,0.226133945099204,-0.00093605242199888,-0.157651067592628,0.29734218709572,0.0698455597515459,-0.263295270642057,0.217202984912848,-0.0230461428646042,-0.327640358485115,0.104451829392306,-0.111594264546404,-0.111640786474083,0.4874997570948,0.187929485310358,0.028137294611758,0.567692729792623,0.297915012202191,316.600259897436
228,-0.126079756591506,1.26454129505304,0.569230769230769,-0.556557579516769,-0.129787581624916,-0.343172580570842,-0.228231197806214,0.294431542564824,0.0331001723793052,-0.213877214293709,0.239445406715295,0.0127840962107931,-0.259293570334694,0.232984683874645,-0.0131544432300242,-0.302966083262532,0.148203889819925,-0.0773810967213035,-0.1163560550818,0.509655719627231,0.196649832272715,0.0757705615721245,0.608298751701527,0.342034656636826,316.700256358974
229,-0.126079756591506,1.26454129505304,0.569230769230769,-0.540482875011853,-0.112714898231444,-0.326598886621648,-0.177625660472924,0.434267880814972,0.128321110171024,-0.238924947072238,0.273228009785833,0.0171515313567976,-0.236684396842897,0.260158115520352,0.0117368593387278,-0.276870220065737,0.245686863206111,-0.0155916784298131,-0.120915079104442,0.521811249835381,0.200448085365469,0.0482790193562696,0.553332299154152,0.300805659255211,316.800000282051
230,-0.126079756591506,1.26454129505304,0.569230769230769,-0.499774772655606,-0.0554339891189944,-0.2776043808873,-0.176251386886227,0.488580215137395,0.156164414125584,-0.178155850058331,0.381041009638701,0.101442579790185,-0.242944113442493,0.222072896263535,-0.0104356085894788,-0.298315559143054,0.239901399527847,-0.0292070798076033,-0.0524998816728216,0.592036218169174,0.269768168248176,0.0528952488176757,0.547807564279535,0.300351406548605,316.899996679487
231,-0.120528413681315,1.32052841368132,0.6,-0.429914961355797,0.0598618081768554,-0.185026576589471,-0.167016858881235,0.477393807099487,0.155188474109126,-0.145256725077675,0.445130898272321,0.149937086597323,-0.229465079745436,0.285326992361134,0.0279309563078487,-0.226015071599791,0.327692138642062,0.0508385335211357,-0.0514146074622502,0.55890519355837,0.25374529304806,0.0206589364980277,0.469950258971139,0.245304597734583,317.000256410256
232,-0.160896472382356,1.65833236981825,0.748717948717949,-0.402462926761534,0.0765470964653076,-0.162957915148113,-0.178815488172719,0.443146770437436,0.132165641132359,-0.151719857386849,0.425247402539278,0.136763772576215,-0.156249964755942,0.380366805291518,0.112058420267788,-0.184932684829358,0.399790032885934,0.107428674028288,-0.0771369038217249,0.467197823458775,0.195030459818525,0.0468489342547536,0.505416436599866,0.27613268542731,317.100259897436
233,-0.157391974707198,1.63431505163028,0.738461538461539,-0.352415884200779,0.0551759661839085,-0.148619959008435,-0.182519160625333,0.385047825408168,0.101264332391417,-0.188329910567385,0.420914265313864,0.116292177373239,-0.106597727662024,0.449206708946447,0.171304490642212,-0.199362292890805,0.405268647169765,0.10295317713948,-0.109717046442736,0.410293182740853,0.150288068149059,0.0381307108825893,0.54716508359473,0.29264789723866,317.200256358974
234,-0.165007976103272,1.67270028379558,0.753846153846154,-0.314563670145225,0.114782836186808,-0.0998904169792086,-0.172872520216802,0.306059031416435,0.0665932555998163,-0.209632737410108,0.419291367668341,0.104829315129116,-0.0217798264793924,0.641580630614775,0.309900402067691,-0.268357905498459,0.312380428989592,0.0220112617455663,-0.181764232223029,0.397365057052952,0.107800412414962,0.00916785809038577,0.563238516813928,0.286203187452157,317.300000384615
235,-0.20612289811368,1.86766135965214,0.830769230769231,-0.330769771938133,0.195241911432001,-0.0677639302530664,-0.169216177480054,0.275707862891489,0.0532458427057175,-0.142521931517056,0.525868503830019,0.191673286156481,0.00450585393542757,0.656986593383438,0.330746223659433,-0.328096458505229,0.220562229320388,-0.0537671145924202,-0.194363868963104,0.451737197769593,0.128686664403245,-0.0674664378975333,0.496785349930662,0.214659456016564,317.399997141026
236,-0.259856890287085,2.10601073644093,0.923076923076923,-0.34471288502622,0.305285019111202,-0.0197139329575089,-0.177398676297579,0.291773336904048,0.0571873303032344,-0.0524341605454942,0.719973563409105,0.333769701431805,-0.00274699002365259,0.589415960693535,0.293334485334941,-0.311847142876376,0.250080912604993,-0.0308831151356915,-0.215838125948439,0.471218230097428,0.127690052074495,-0.159266818315925,0.401935904389759,0.121334543036917,317.500256410256
237,-0.197283042545205,1.83830868357085,0.820512820512821,-0.321194066587259,0.259640541460716,-0.0307767625632713,-0.222143677657625,0.26144330630458,0.0196498143234774,-0.0112000595530019,0.738884322141361,0.36384213129418,-0.072952122959444,0.490183315214859,0.208615596127707,-0.253479692763008,0.315058224580484,0.0307892659087383,-0.113613704897414,0.64955926173139,0.267972778416988,-0.233113271078928,0.344285392795183,0.0555860608581273,317.600259897436
238,-0.139131467052823,1.53400326192462,0.697435897435897,-0.288951283875293,0.208657153537652,-0.0401470651688203,-0.310347518914231,0.161397259942684,-0.0744751294857737,0.0161121808404796,0.697642531778591,0.356877356309535,-0.144654179690715,0.507297207132398,0.181321513720842,-0.244435461359864,0.32093604406649,0.0382502913533126,-0.0360829214427404,0.819291537039963,0.391604307798611,-0.124304955220658,0.474431793437428,0.175063419108385,317.700256564103
239,-0.12725457975167,1.45033150282859,0.661538461538462,-0.279867279291693,0.163128587447404,-0.0583693459221446,-0.458526942079089,0.00475513528329201,-0.226885903397898,-0.0894633283955696,0.540577954096097,0.225557312850264,-0.176246534474782,0.491409822837164,0.157581644181191,-0.311724489931438,0.262202996845852,-0.0247607465427929,0.0283036569260291,0.844127048058224,0.436215352492127,0.0140955044226057,0.627834551998479,0.320965028210542,317.800000179487
240,-0.12312518971576,1.41543288202345,0.646153846153846,-0.227698765640931,0.182554057325678,-0.0225723541576263,-0.61618184180599,-0.0982139827849497,-0.35719791229547,-0.120362020142388,0.65002184566262,0.264829912760116,-0.18193382469233,0.478114183115352,0.148090179211511,-0.471517359859743,0.0724499086342012,-0.199533725612771,0.11617931443024,0.9091073930296,0.51264335372992,0.102910845366981,0.762289405866564,0.432600125616772,317.89999724359
241,-0.115119047087405,1.304862636831,0.594871794871795,-0.161732310621131,0.276967504718213,0.0576175970485412,-0.705841933717536,-0.151386541827793,-0.428614237772664,-0.186118472948043,0.695283139938296,0.254582333495126,-0.151150637254342,0.519243827636594,0.184046595191126,-0.543659875533548,-0.0447549905353795,-0.294207433034464,0.0448048979758096,0.792342950928711,0.41857392445226,0.153723279582693,0.870393736371261,0.512058507976977,318.000256410256
