slice,ci_lower_diskomfort,ci_upper_diskomfort,mean_diskomfort,ci_lower_anger_sm,ci_upper_anger_sm,mean_fl_anger_sm,ci_lower_disgust_sm,ci_upper_disgust_sm,mean_fl_disgust_sm,ci_lower_fear_sm,ci_upper_fear_sm,mean_fl_fear_sm,ci_lower_happiness_sm,ci_upper_happiness_sm,mean_fl_happiness_sm,ci_lower_sadness_sm,ci_upper_sadness_sm,mean_fl_sadness_sm,ci_lower_surprise_sm,ci_upper_surprise_sm,mean_fl_surprise_sm,ci_lower_neutral_sm,ci_upper_neutral_sm,mean_fl_neutral_sm,mean_rel_zeit_s
1,-0.15349686989503,0.461189177587337,0.153846153846154,-0.342967727078355,0.199323852086234,-0.0718219374960604,-0.234451181041197,0.580783189267307,0.173166004113055,-0.199164131913351,0.395230988334704,0.0980334282106767,-0.385855282156889,0.323612649444351,-0.0311213163562691,-0.19314728001412,0.347882351070791,0.0773675355283354,-0.268326621953409,0.467267009697958,0.0994701938722746,-0.265617131243573,0.192986371053587,-0.0363153800949932,186.99974374359
2,-0.15349686989503,0.461189177587337,0.153846153846154,-0.301355830902518,0.255484172471308,-0.0229358292156052,-0.170207205522442,0.482952617663166,0.156372706070362,-0.244815990745819,0.23578105165414,-0.00451746954583959,-0.320790555902564,0.066688678291246,-0.127050938805659,-0.146913187921785,0.42181242232178,0.137449617199998,-0.27800397492984,0.386524700119192,0.054260362594676,-0.229407857676692,0.212938354142754,-0.0082347517669689,187.099743589744
3,-0.15349686989503,0.461189177587337,0.153846153846154,-0.294599002642737,0.280568785551979,-0.00701510854537915,-0.103587547537499,0.467700909800471,0.182056681131486,-0.291757990694648,0.126797383417535,-0.0824803036385566,-0.352252938162525,0.147693757690412,-0.102279590236057,-0.130058249439148,0.427760661636674,0.148851206098763,-0.275433669628356,0.407287671667675,0.0659270010196595,-0.174704097749443,0.271703737519274,0.0484998198849158,187.20000348718
4,-0.15349686989503,0.461189177587337,0.153846153846154,-0.301281184391687,0.300364293680652,-0.000458445355517616,-0.118514077362002,0.437751004106178,0.159618463372088,-0.294897900478718,0.119051921699695,-0.0879229893895112,-0.348209630125586,0.273169799614318,-0.0375199152556336,-0.141428682752274,0.370184606263909,0.114377961755818,-0.246937756337143,0.45773147486298,0.105396859262919,-0.17951022388374,0.299527801960426,0.0600087890383431,187.300253128205
5,-0.15349686989503,0.461189177587337,0.153846153846154,-0.263966491112889,0.17088075691293,-0.0465428670999796,-0.17562453446944,0.376424008288296,0.100399736909428,-0.230349456900807,0.196370955789571,-0.0169892505556181,-0.310106115494377,0.245923735320486,-0.0320911900869453,-0.12866701208089,0.40216585848861,0.13674942320386,-0.21630921178181,0.448419710482063,0.116055249350126,-0.190432319301455,0.305188775973097,0.0573782283358212,187.400256461538
6,-0.158613432224864,0.476562150173582,0.158974358974359,-0.239243862896711,0.184966356787755,-0.0271387530544777,-0.207292857692568,0.34111014224121,0.0669086422743206,-0.231059151009718,0.228103349052198,-0.00147790097876033,-0.237716616654246,0.285028257178462,0.0236558202621079,-0.124209210605771,0.441894086165642,0.158842437779935,-0.261765614922571,0.346157029094602,0.0421957070860153,-0.212384966480421,0.310752272620226,0.0491836530699027,187.5
7,-0.158613432224864,0.476562150173582,0.158974358974359,-0.265330175366887,0.237448037131652,-0.0139410691176173,-0.235962559394121,0.281205281500445,0.0226213610531616,-0.264122280196386,0.218894438892526,-0.02261392065193,-0.270917936386868,0.231895321107708,-0.0195113076395801,-0.124881562179724,0.421757291352715,0.148437864586495,-0.254150137237044,0.335092944079407,0.0404714034211813,-0.212438556475922,0.316299920650852,0.0519306820874652,187.599743641026
8,-0.163729994554698,0.491935122759827,0.164102564102564,-0.298049780629657,0.225910184066838,-0.0360697982814092,-0.217427421574209,0.24266162296232,0.0126171006940554,-0.305597204877817,0.161926505614563,-0.071835349631627,-0.295954799583843,0.283044579836745,-0.00645510987354925,-0.132735427397231,0.405288796279994,0.136276684441381,-0.229189521109671,0.320589413249447,0.0456999460698877,-0.183862294343227,0.339530233823815,0.077833969740294,187.700003282051
9,-0.158613432224864,0.476562150173582,0.158974358974359,-0.28195111301255,0.212795937582496,-0.034577587715027,-0.22659830928055,0.22415340968491,-0.00122244979782007,-0.273470888498483,0.189269548825486,-0.0421006698364986,-0.338707648726304,0.174092681311179,-0.0823074837075626,-0.0807378248725868,0.406773702715316,0.163017938921364,-0.207789290006585,0.318534101585068,0.0553724057892413,-0.169265883914101,0.339104350730556,0.0849192334082274,187.800253179487
10,-0.15349686989503,0.461189177587337,0.153846153846154,-0.326406476346123,0.0844926927368035,-0.12095689180466,-0.240194471221623,0.285909153337222,0.0228573410577995,-0.218031111032187,0.233469174521915,0.007719031744864,-0.334044356758735,0.122219154384476,-0.10591260118713,-0.043806794815763,0.427705953540125,0.191949579362181,-0.116501102578418,0.41085528517445,0.147177091298016,-0.190447807095503,0.281003942454537,0.0452780676795169,187.900256410256
11,-0.15349686989503,0.461189177587337,0.153846153846154,-0.334558764083741,0.0671542456134022,-0.133702259235169,-0.243126154296448,0.406972857769176,0.081923351736364,-0.15465335000309,0.330570226277226,0.0879584381370681,-0.348132389830564,0.0187208165050933,-0.164705786662735,-0.155994565644868,0.31420896062885,0.0791071974919912,-0.112009317127519,0.421047742423804,0.154519212648142,-0.254776201206934,0.191437505145492,-0.0316693480307211,188.000000153846
12,-0.158613432224864,0.476562150173582,0.158974358974359,-0.369369001754799,0.0736249204771868,-0.147872040638806,-0.222548646160584,0.403690588322632,0.0905709710810242,-0.0982461995380194,0.435707177512742,0.168730488987361,-0.352382298692174,0.0374696530315618,-0.157456322830306,-0.256627101754836,0.252758437906103,-0.00193433192436657,-0.0555639570698136,0.484411897354062,0.214423970142124,-0.330265849171525,0.0849150581745195,-0.122675395498503,188.099744564103
13,-0.163729994554698,0.491935122759827,0.164102564102564,-0.414415211471233,0.118252349182511,-0.148081431144361,-0.181479963622333,0.290499939471128,0.0545099879243973,-0.0872579534401652,0.491060115798771,0.201901081179303,-0.340083828746488,0.0141228875835885,-0.16298047058145,-0.324918005086431,0.237191461183899,-0.0438632719512661,-0.0774468329139221,0.481578706403799,0.202065936744938,-0.379197113782617,0.0472038072230613,-0.165996653279778,188.200004358974
14,-0.15349686989503,0.461189177587337,0.153846153846154,-0.42782725097623,0.179238080746677,-0.124294585114776,-0.217489926804271,0.180456905310977,-0.0185165107466473,-0.112867573708708,0.519049774432026,0.203091100361659,-0.290155031062233,0.0676440488261292,-0.111255491118052,-0.351952651049995,0.254418029567907,-0.0487673107410438,-0.0727847321642155,0.479540021128537,0.203377644482161,-0.370143602537115,0.0684069359832536,-0.15086833327693,188.300253128205
15,-0.15349686989503,0.461189177587337,0.153846153846154,-0.321664504244138,0.246999805847414,-0.0373323491983623,-0.264297260688975,0.120608137173966,-0.0718445617575045,-0.121762460275744,0.547313023450916,0.212775281587586,-0.308226975400878,0.0212108284035999,-0.143508073498639,-0.330070962557937,0.283846329136719,-0.0231123167106093,-0.0782161334394939,0.436091539281085,0.178937702920796,-0.351892546343403,0.0707711305321949,-0.140560707905604,188.400256512821
16,-0.163729994554698,0.491935122759827,0.164102564102564,-0.244266744993967,0.28596765386764,0.0208504544368362,-0.293853658361256,0.0579439339336696,-0.117954862213793,-0.0891807804493384,0.568685908602931,0.239752564076796,-0.318729209227213,-0.0302301296515555,-0.174479669439384,-0.328021743124538,0.224353079611974,-0.0518343317562817,-0.0709505683629631,0.404412593677465,0.166731012657251,-0.381864588392604,-0.00195361234134652,-0.191909100366975,188.500000974359
17,-0.168846556884533,0.507308095346071,0.169230769230769,-0.246519356262735,0.269327782539371,0.0114042131383177,-0.27598932696586,0.0763203366234873,-0.0998344951711863,-0.0514621639251434,0.530314780919772,0.239426308497314,-0.335805892277589,-0.010279064018485,-0.173042478148037,-0.349283799884363,0.142623839582303,-0.10332998015103,-0.111831026498829,0.371962094513722,0.130065534007446,-0.421399653008381,-0.0660128151916991,-0.24370623410004,188.599743692308
18,-0.168846556884533,0.507308095346071,0.169230769230769,-0.236556710612109,0.263179388175001,0.0133113387814463,-0.261280932387411,0.105134149598139,-0.0780733913946357,-0.0752978506243069,0.464207831819724,0.194454990597709,-0.33545134291203,0.0963829251314266,-0.119534208890301,-0.378948359904497,0.0732743011135984,-0.152837029395449,-0.177684472907491,0.324614936674229,0.0734652318833691,-0.417059506681383,-0.0462864001296597,-0.231672953405521,188.700003435897
19,-0.168846556884533,0.507308095346071,0.169230769230769,-0.246767984751812,0.303136287212793,0.0281841512304909,-0.234374972582956,0.154207366619999,-0.0400838029814788,-0.109207244860543,0.442805155501102,0.166798955320279,-0.252812440173553,0.465737269167594,0.106462414497021,-0.368415450285938,0.0871089308991366,-0.140653259693401,-0.256911261812391,0.262744356395597,0.00291654729160304,-0.421995460659181,-0.0080554092735669,-0.215025434966374,188.800253897436
20,-0.15349686989503,0.461189177587337,0.153846153846154,-0.209685297615095,0.352849900863911,0.0715823016244077,-0.265872970815394,0.0806606615684557,-0.0926061546234689,-0.170848942550086,0.376877398201867,0.10301422782589,-0.200654512867633,0.407782567699417,0.103564027415892,-0.339962496606153,0.134501376689035,-0.102730559958559,-0.271914933318888,0.272986454102473,0.000535760391792329,-0.38347741914683,0.0496759937158906,-0.16690071271547,188.900256410256
21,-0.15349686989503,0.461189177587337,0.153846153846154,-0.252738672879908,0.347341336056249,0.0473013315881704,-0.300100554489705,0.0270368959413637,-0.136531829274171,-0.184561096780044,0.340235137067738,0.0778370201438472,-0.173825464192695,0.390461161148428,0.108317848477867,-0.326441321433699,0.145223153676614,-0.0906090838785425,-0.256787999756069,0.325449081460483,0.0343305408522069,-0.338612337552516,0.121619963416566,-0.108496187067975,189.000000102564
22,-0.158613432224864,0.476562150173582,0.158974358974359,-0.248370003167872,0.421501855393731,0.0865659261129297,-0.315514221032181,0.0131664725789721,-0.151173874226604,-0.164510122394262,0.365134801057702,0.10031233933172,-0.190889715838247,0.310195342554965,0.059652813358359,-0.334449692299476,0.0946494774687884,-0.119900107415344,-0.231634616485841,0.367186459156582,0.0677759213353706,-0.320519333190486,0.183429312323232,-0.0685450104336271,189.099743589744
23,-0.158613432224864,0.476562150173582,0.158974358974359,-0.325407228813883,0.480090521514431,0.077341646350274,-0.281743867047275,0.0777674515435843,-0.101988207751845,-0.172496213523265,0.341690085646553,0.0845969360616443,-0.193497935563299,0.347282541555532,0.0768923029961167,-0.321204255899616,0.115467654675749,-0.102868300611933,-0.20317406005562,0.347717351068745,0.0722716455065625,-0.300084039259156,0.231394004301613,-0.0343450174787715,189.200003333333
24,-0.12146320355287,0.634283716373383,0.256410256410256,-0.352602436316467,0.455683828593437,0.0515406961384851,-0.240245605859871,0.15455802562485,-0.0428437901175105,-0.211659555024117,0.267661193571067,0.0280008192734746,-0.173047416816799,0.325455893915044,0.0762042385491228,-0.25696345392147,0.187743329549569,-0.0346100621859504,-0.214885451203387,0.27394464903879,0.0295295989177014,-0.278656148446588,0.223893061025034,-0.0273815437107772,189.300253333333
25,-0.133899950327145,0.800566616993811,0.333333333333333,-0.345101744748275,0.147671165385656,-0.0987152896813097,-0.14136871664774,0.29626098657754,0.0774461349649002,-0.308534417125722,0.126504096098737,-0.0910151605134927,-0.16233892765888,0.268222748588774,0.0529419104649471,-0.204279004105279,0.268922105065251,0.0323215504799863,-0.20689489520741,0.279054441357608,0.0360797730750993,-0.281037216522407,0.217134965064198,-0.0319511257291048,189.400256410256
26,-0.12414858845382,0.606199870505102,0.241025641025641,-0.306788040159892,0.206885418693159,-0.0499513107333669,-0.111536788914521,0.36598331202986,0.12722326155767,-0.405472205680048,-0.00232310713657488,-0.203897656408312,-0.182947822688096,0.218918931142,0.0179855542269521,-0.206969602937529,0.293132117954905,0.0430812575086879,-0.242498142763586,0.270113422571143,0.0138076399037784,-0.283532324410503,0.226481346201122,-0.0285254891046906,189.500000051282
27,-0.168846556884533,0.507308095346071,0.169230769230769,-0.208124937655348,0.408476713775605,0.100175888060128,-0.10070722141419,0.401697224512205,0.150495001549007,-0.458530716695924,-0.061369206949843,-0.259949961822883,-0.201212507594027,0.195731144036457,-0.00274068177878501,-0.253968327175088,0.268333644413831,0.00718265861937145,-0.25892576102021,0.238335545386402,-0.0102951078169042,-0.339729173053344,0.205646575025989,-0.0670412990136776,189.599743846154
28,-0.168846556884533,0.507308095346071,0.169230769230769,-0.209481380933391,0.364784123901997,0.0776513714843034,-0.129818519694672,0.356956771611946,0.113569125958637,-0.447813411131011,-0.0477600009389142,-0.247786706034962,-0.208340628676472,0.288844072035157,0.0402517216793428,-0.297756621941633,0.246436691402045,-0.0256599652697941,-0.274261917081143,0.17558650404036,-0.0493377065203915,-0.384223980774583,0.171210907094514,-0.106506536840034,189.700088717949
29,-0.15349686989503,0.461189177587337,0.153846153846154,-0.251373624358564,0.368718696380672,0.0586725360110537,-0.148742925627358,0.413723559624704,0.132490316998673,-0.383046786105661,0.0139901475691202,-0.184528319268271,-0.233476190880498,0.215146688785931,-0.00916475104728306,-0.274570698705296,0.262730332848725,-0.00592018292828574,-0.263733747601904,0.141146868288497,-0.0612934396567037,-0.411528365591762,0.160568263222172,-0.125480051184795,189.800509589744
30,-0.163729994554698,0.491935122759827,0.164102564102564,-0.277674577169288,0.217032765883401,-0.0303209056429436,-0.176122804406535,0.416614415377201,0.120245805485333,-0.310105219749504,0.0905901920214238,-0.10975751386404,-0.250086352329503,0.115198786981839,-0.0674437826738322,-0.279553787137171,0.241278290363216,-0.0191377483869776,-0.191314331715827,0.230132768113527,0.01940921819885,-0.399658769166209,0.167008193239066,-0.116325287963571,189.900512820513
31,-0.168846556884533,0.507308095346071,0.169230769230769,-0.26581239824607,0.352064162267238,0.0431258820105837,-0.167040995771331,0.331600277850392,0.0822796410395304,-0.266844034422386,0.153065095069916,-0.056889469676235,-0.245861450151172,0.0423405886016039,-0.101760430774784,-0.287962267226883,0.183997182613632,-0.0519825423066254,-0.206427349432223,0.353061927900903,0.0733172892343398,-0.368618457851587,0.169660247789845,-0.0994791050308715,190.000000051282
32,-0.168846556884533,0.507308095346071,0.169230769230769,-0.285122071053699,0.246076531337965,-0.0195227698578673,-0.153290412449638,0.317313467377791,0.0820115274640765,-0.256040117591297,0.213698220058428,-0.0211709487664345,-0.21203119689811,0.163566131956874,-0.0242325324706181,-0.29912644786597,0.128965971295355,-0.0850802382853076,-0.236348774215622,0.419116877955888,0.0913840518701328,-0.362899539181654,0.132417936700183,-0.115240801240736,190.099487179487
33,-0.168846556884533,0.507308095346071,0.169230769230769,-0.285815289119838,0.23219934824191,-0.0268079704389638,-0.121684180654531,0.392809295972271,0.13556255765887,-0.260913967376455,0.248114443654346,-0.00639976186105438,-0.200141216002988,0.281901380269132,0.0408800821330719,-0.265074963492668,0.130766598893061,-0.0671541822998032,-0.269832123291064,0.300050724878424,0.0151093007936804,-0.37286825595299,0.116273940443338,-0.128297157754826,190.200003230769
34,-0.15349686989503,0.461189177587337,0.153846153846154,-0.283636483612534,0.183218076357363,-0.0502092036275854,-0.111593786349353,0.453187526354031,0.170796870002339,-0.209246003847504,0.311232425664744,0.0509932109086201,-0.25212945949879,0.264858448394953,0.00636449444808183,-0.231906722052198,0.167956404699582,-0.0319751586763083,-0.270726446583643,0.203927592881646,-0.0333994268509984,-0.352604908832034,0.125885461532464,-0.113359723649785,190.300509846154
35,-0.15349686989503,0.461189177587337,0.153846153846154,-0.250295103532543,0.315299511613336,0.0325022040403964,-0.138476541169884,0.479991431099456,0.170757444964786,-0.160834572125439,0.327592850918256,0.0833791393964082,-0.323669489945174,0.285247533422358,-0.0192109782614083,-0.22792720388978,0.19990609274207,-0.0140105555738547,-0.219624063132225,0.219097640953437,-0.000263211089394033,-0.323638057979808,0.146094374397869,-0.0887718417909696,190.400512923077
36,-0.158613432224864,0.476562150173582,0.158974358974359,-0.263715690267154,0.308296729478692,0.0222905196057687,-0.125303411275407,0.504017969316486,0.18935727902054,-0.156843606603995,0.327828651991439,0.0854925226937216,-0.277807669655199,0.218968342731459,-0.02941966346187,-0.214123294147798,0.225308800822628,0.00559275333741532,-0.193266544761777,0.23684952403262,0.0217914896354214,-0.286626907143316,0.194434817897599,-0.0460960446228585,190.50000025641
37,-0.168846556884533,0.507308095346071,0.169230769230769,-0.258813764767206,0.259886887528747,0.000536561380770726,-0.109280713026647,0.522392617209646,0.2065559520915,-0.20241078622776,0.25794681187435,0.0277680128232951,-0.247165987958995,0.215153240357791,-0.0160063738006018,-0.229518344975952,0.221489803935613,-0.00401427052016977,-0.158991204039054,0.289596080625874,0.0653024382934101,-0.300498838330509,0.189680573729854,-0.0554091323003271,190.599487179487
38,-0.163729994554698,0.491935122759827,0.164102564102564,-0.310872965494344,0.144354883933375,-0.0832590407804843,-0.0666675653392825,0.526531307484116,0.229931871072417,-0.224692243338896,0.21121078193073,-0.00674073070408321,-0.253871900630333,0.254640503103782,0.000384301236724667,-0.246678941946514,0.215276378233904,-0.0157012818563051,-0.180235639582652,0.261373549972445,0.0405689551948967,-0.36966801691054,0.134647735457129,-0.117510140726705,190.700003333333
39,-0.168846556884533,0.507308095346071,0.169230769230769,-0.342681861434622,0.0669372963060338,-0.137872282564294,-0.0539332180640285,0.479357173591449,0.21271197776371,-0.273088254430257,0.173521993893809,-0.0497831302682236,-0.319522227497901,0.188534915214763,-0.0654936561415692,-0.218632639659976,0.166278962794625,-0.0261768384326755,-0.207952014713946,0.244347974491411,0.0181979798887322,-0.490602743718216,-0.0275660441337029,-0.259084393925959,190.800510410256
40,-0.168846556884533,0.507308095346071,0.169230769230769,-0.345869213251936,0.0223582915300848,-0.161755460860926,-0.00100646130311984,0.502024343883279,0.250508941290079,-0.287865975545969,0.1408849027335,-0.0734905364062345,-0.324091175021265,0.137240550568036,-0.0934253122266145,-0.20854109328681,0.152039808606046,-0.0282506423403817,-0.25068907043493,0.267461413417838,0.00838617149145397,-0.544841277133329,-0.103746121927874,-0.324293699530601,190.900512820513
41,-0.168846556884533,0.507308095346071,0.169230769230769,-0.317365657468797,0.0643615028031552,-0.126502077332821,0.0341650744184292,0.521021420324938,0.277593247371683,-0.350388161615408,0.0645778389187349,-0.142905161348337,-0.338318077934302,0.125071569872207,-0.106623254031048,-0.233501248706202,0.154913373547044,-0.0392939375795789,-0.297353399414135,0.237624288967014,-0.0298645552235604,-0.546016874056251,-0.121354716347876,-0.333685795202063,191.000000153846
42,-0.168846556884533,0.507308095346071,0.169230769230769,-0.321334711078115,0.118346525419026,-0.101494092829544,0.013435713197547,0.475943052013264,0.244689382605406,-0.345989627097758,0.0933215649007171,-0.126334031098521,-0.322319828032648,0.111901131741431,-0.105209348145608,-0.23898565959582,0.186532521008256,-0.0262265692937818,-0.274837069731119,0.257099110138555,-0.0088689797962818,-0.544783714672283,-0.130066083400674,-0.337424899036478,191.099487641026
43,-0.168846556884533,0.507308095346071,0.169230769230769,-0.30163002623597,0.134252595789299,-0.0836887152233355,-0.00804306833244768,0.521673043821866,0.256814987744709,-0.380688825750767,0.0876981586284165,-0.146495333561175,-0.287400893459068,0.0901535639052366,-0.0986236647769159,-0.227291360032187,0.217713180027686,-0.0047890900022509,-0.216209058944847,0.257349530507664,0.0205702357814087,-0.482492170318244,-0.0637247153556861,-0.273108442836965,191.200003384615
44,-0.168846556884533,0.507308095346071,0.169230769230769,-0.233493772235854,0.225888529411491,-0.00380262141218156,0.0808060194513155,0.75819261913346,0.419499319292388,-0.38781569253383,0.064631339411641,-0.161592176561095,-0.256863843398351,0.116066684355891,-0.0703985795212302,-0.145616325221837,0.283797893611568,0.069090784194865,-0.253255009172729,0.174840390656048,-0.0392073092583406,-0.505395813370212,-0.0510829791689193,-0.278239396269566,191.30050974359
45,-0.168846556884533,0.507308095346071,0.169230769230769,-0.196352055697808,0.522600473370562,0.163124208836377,0.183829669634054,0.889367088365301,0.536598378999677,-0.407445829203882,0.013197549497675,-0.197124139853103,-0.220780611969677,0.252358535756398,0.0157889618933605,-0.0574096351587202,0.401160937026133,0.171875650933706,-0.348062613983087,0.0790478579563902,-0.134507378013348,-0.572207941101056,-0.0829343062430033,-0.32757112367203,191.400512974359
46,-0.168846556884533,0.507308095346071,0.169230769230769,-0.274959998228012,0.447372652356357,0.0862063270641721,0.228078657915715,0.848739357479584,0.53840900769765,-0.387479291674974,-0.00850718182317874,-0.197993236749076,-0.201320116334053,0.289891793428739,0.0442858385473432,-0.0269421622158914,0.472534210620262,0.222796024202185,-0.405102431913944,-0.00933321001251953,-0.207217820963232,-0.586666048540058,-0.0851366330480415,-0.335901340794049,191.50000025641
47,-0.168846556884533,0.507308095346071,0.169230769230769,-0.344225655924978,0.318245495286443,-0.0129900803192676,0.126608694917001,0.672788796563579,0.39969874574029,-0.395134777559855,-0.0215782265472369,-0.208356502053546,-0.210674121843517,0.305229642854619,0.0472777605055508,-0.0581226317766574,0.447623955991238,0.19475066210729,-0.372375904658911,0.0203769304823258,-0.175999487088292,-0.526179381264008,-0.0124137885036218,-0.269296584883815,191.583591435897
48,-0.168846556884533,0.507308095346071,0.169230769230769,-0.309711689172862,-0.0172987934874299,-0.163505241330146,0.0112796467862487,0.582845106522085,0.297062376654167,-0.381635378496292,-0.0151156541317753,-0.198375516314034,-0.24657952090398,0.187909009821043,-0.0293352555414683,-0.106765007994085,0.365018430627703,0.129126711316809,-0.318394138787634,0.061684615072744,-0.128354761857445,-0.434820538692596,0.0589985300286079,-0.187911004331994,191.7
49,-0.168846556884533,0.507308095346071,0.169230769230769,-0.311748234221153,-0.00251408102035351,-0.157131157620753,-0.0294104076643416,0.55009104105692,0.260340316696289,-0.39786540109108,-0.0507322069057772,-0.224298803998429,-0.276751898181089,0.116109927209427,-0.0803209854858308,-0.158740978029503,0.316782452932684,0.0790207374515903,-0.262644768916085,0.135545481237228,-0.0635496438394285,-0.361060623340318,0.106360649989211,-0.127349986675553,191.816410435897
50,-0.168846556884533,0.507308095346071,0.169230769230769,-0.325315323843705,-0.0421906988003612,-0.183753011322033,-0.000644548299112367,0.495121709403706,0.247238580552297,-0.415280100040403,-0.107249953311239,-0.261265026675821,-0.22754580553482,0.129758452549421,-0.0488936764926997,-0.215297681847525,0.272592827517093,0.0286475728347835,-0.23604346817092,0.152652399063717,-0.0416955345536012,-0.285730884562353,0.147425413320968,-0.0691527356206921,191.916410410256
51,-0.168846556884533,0.507308095346071,0.169230769230769,-0.350228092637443,-0.0763054026505501,-0.213266747643997,-0.0391126464379275,0.391138892303445,0.176013122932759,-0.444576878439063,-0.128475585663823,-0.286526232051443,-0.208363517199664,0.13804935079147,-0.0351570832040972,-0.218321108303438,0.288786690809399,0.0352327912529804,-0.209839834068676,0.187539649878153,-0.0111500920952617,-0.227214069077858,0.177075346458345,-0.0250693613097566,191.99974374359
52,-0.168846556884533,0.507308095346071,0.169230769230769,-0.314142383109798,-0.0595780783689189,-0.186860230739359,-0.104148266785148,0.316750356611014,0.106301044912933,-0.449739650808973,-0.108628293480688,-0.27918397214483,-0.187494768915827,0.245870225021382,0.0291877280527775,-0.229814784517868,0.256293264793659,0.0132392401378955,-0.236627333974557,0.128548688625788,-0.0540393226743845,-0.189445055596611,0.218497529083535,0.0145262367434621,192.083333384615
53,-0.168846556884533,0.507308095346071,0.169230769230769,-0.304553855943729,0.0565280021322698,-0.12401292690573,-0.17815688715516,0.266930182915562,0.0443866478802008,-0.427428185603774,-0.0630625938329081,-0.245245389718341,-0.193549574952598,0.370727073820022,0.0885887494337117,-0.225441600936532,0.216744067247979,-0.00434876684427634,-0.247558404918199,0.193490452332684,-0.0270339762927573,-0.188482356647781,0.22949152015481,0.0205045817535146,192.2
54,-0.168846556884533,0.507308095346071,0.169230769230769,-0.336715190474776,0.0464839140246105,-0.145115638225083,-0.217064798965828,0.258755664755804,0.0208454328949883,-0.432502950821276,-0.0956958081134949,-0.264099379467385,-0.19606165787538,0.325988899237317,0.0649636206809687,-0.20740500569026,0.220412995007277,0.0065039946585087,-0.267742063106438,0.189048264365741,-0.0393468993703486,-0.140427290080521,0.293430795956266,0.0765017529378722,192.316666666667
55,-0.168846556884533,0.507308095346071,0.169230769230769,-0.324073753316118,0.0132757449789955,-0.155399004168561,-0.215895719443271,0.26884941128528,0.0264768459210043,-0.409040724854541,-0.103391629555376,-0.256216177204959,-0.187472676660362,0.205709177235988,0.00911825028781298,-0.173676544966816,0.27921436438392,0.0527689097085522,-0.235902582210405,0.204373275777871,-0.015764653216267,-0.138125371251673,0.293926354854666,0.0779004918014965,192.416667025641
56,-0.168846556884533,0.507308095346071,0.169230769230769,-0.360002891080279,-0.0860890856310022,-0.22304598835564,-0.198174526494786,0.269560498450704,0.0356929859779593,-0.393410871951583,-0.0762800973661204,-0.234845484658852,-0.223312688214742,0.0744538353248277,-0.0744294264449572,-0.190089512627532,0.296589748659449,0.0532501180159586,-0.195177839802932,0.222452568561544,0.0136373643793061,-0.13395257822251,0.287315610666694,0.076681516222092,192.5
57,-0.168846556884533,0.507308095346071,0.169230769230769,-0.341054412659318,0.00373670966817099,-0.168658851495573,-0.166118154951486,0.287677185137095,0.0607795150928043,-0.361728740812035,-0.0288318238289628,-0.195280282320499,-0.245093077655888,0.00467578106554642,-0.120208648295171,-0.18196820079909,0.298088292681208,0.0580600459410591,-0.183812094186392,0.249436825539878,0.0328123656767427,-0.130082439771125,0.280696470194001,0.0753070152114376,192.58350425641
58,-0.172683978631908,0.518837824785755,0.173076923076923,-0.374334543557235,-0.0471206177281971,-0.210727580642716,-0.120934938166193,0.314081466195859,0.0965732640148334,-0.345296395627937,0.0396763213337274,-0.152810037147105,-0.294573202196271,-0.0865722904944824,-0.190572746345377,-0.159302145727684,0.292349008815297,0.0665234315438061,-0.154169611470336,0.270907224646222,0.0583688065879428,-0.171734751356644,0.230049688708616,0.029157468675986,192.700000102564
59,-0.179079681544201,0.53805404051856,0.17948717948718,-0.365575574235906,-0.0673831181992519,-0.216479346217579,-0.109956222003808,0.30605646607429,0.0980501220352411,-0.295883083092182,0.130688394656212,-0.082597344217985,-0.334067738721708,0.209189119341443,-0.0624393096901326,-0.136622310465017,0.283953046500621,0.0736653680178019,-0.171847277429057,0.262151985047954,0.0451523538094484,-0.234874548013295,0.180339264999473,-0.0272676415069112,192.816410205128
60,-0.168846556884533,0.507308095346071,0.169230769230769,-0.396009583882178,-0.107818465285404,-0.251914024583791,-0.128538124369497,0.292502841051036,0.0819823583407695,-0.347318720695013,0.0675840926706393,-0.139867314012187,-0.285032186089004,0.0636890626389345,-0.110671561725035,-0.0932678132579757,0.301594775341852,0.104163481041938,-0.158133922335927,0.260355373574705,0.0511107256193889,-0.265997062605651,0.151757106936111,-0.0571199778347698,192.916153948718
61,-0.168846556884533,0.507308095346071,0.169230769230769,-0.372753357831154,-0.0847781551679749,-0.228765756499564,-0.140891146174831,0.278101620490462,0.0686052371578153,-0.412635368304319,0.0221084796156687,-0.195263444344325,-0.245961245790923,0.0649251418218444,-0.0905180519845392,-0.121700783651199,0.268991304617515,0.0736452604831583,-0.152013833793738,0.260069599399362,0.0540278828028122,-0.258789898395712,0.183571656913252,-0.0376091207412304,192.999743641026
62,-0.168846556884533,0.507308095346071,0.169230769230769,-0.366967931710287,-0.0549381742854843,-0.210953052997886,-0.164084192356943,0.252354432399353,0.044135120021205,-0.395493682268251,0.0894249148237274,-0.153034383722262,-0.29006335662119,0.290486483472518,0.000211563425664273,-0.0968020543108657,0.283682998301522,0.0934404719953279,-0.128345479004087,0.282195730965232,0.0769251259805725,-0.298789871861514,0.176955000474742,-0.0609174356933862,193.083589794872
63,-0.168846556884533,0.507308095346071,0.169230769230769,-0.372495955745733,-0.0169832853028557,-0.194739620524294,-0.174669745031913,0.218742404885136,0.0220363299266114,-0.378406777654662,0.0963925651406851,-0.141007106256989,-0.307100508027688,0.254572382805179,-0.0262640626112549,-0.123564153250802,0.265602559512435,0.0710192031308167,-0.101053167394006,0.296625807793771,0.0977863201998822,-0.300312333210505,0.183104823910369,-0.058603754650068,193.199743717949
64,-0.168846556884533,0.507308095346071,0.169230769230769,-0.371496171850159,0.00477995204154421,-0.183358109904308,-0.210076889239662,0.142725673328077,-0.0336756079557922,-0.323747018395734,0.120402064979744,-0.101672476707995,-0.298081038477283,0.01860229134237,-0.139739373567457,-0.158616557352748,0.290325090579206,0.0658542666132289,-0.0661192754503815,0.347596374971502,0.14073854976056,-0.266365238109389,0.20240581053255,-0.0319797137884195,193.316153871795
65,-0.168846556884533,0.507308095346071,0.169230769230769,-0.359411345040225,-0.0231531684544123,-0.191282256747318,-0.201595107266142,0.165002408633554,-0.0182963493162939,-0.332413966292275,0.0700407247420897,-0.131186620775093,-0.332413612069274,-0.0546065944670751,-0.193510103268175,-0.210398235071464,0.243371030692824,0.0164863978106801,-0.0759596233992142,0.351136493656486,0.137588435128636,-0.262005652968478,0.202666503753898,-0.0296695746072902,193.416410564103
66,-0.168846556884533,0.507308095346071,0.169230769230769,-0.30940909203041,-0.0191569152591429,-0.164283003644776,-0.1953685494707,0.205182589655641,0.00490702009247065,-0.315472918824342,0.0888974288061501,-0.113287745009096,-0.348389272474236,-0.108935370741836,-0.228662321608036,-0.209106772861105,0.232555497013312,0.0117243620761037,-0.10004628755519,0.343941087479439,0.121947399962124,-0.273702534338079,0.185690171307528,-0.0440061815152755,193.5
67,-0.168846556884533,0.507308095346071,0.169230769230769,-0.281311974999013,0.0249503119066133,-0.1281808315462,-0.184893885489792,0.202934338356484,0.00902022643334604,-0.325557187819804,0.0745459722100623,-0.125505607804871,-0.335953105438054,-0.114207900179719,-0.225080502808887,-0.166241196670917,0.27498942890563,0.0543741161173567,-0.125741856340665,0.327764958299538,0.101011550979436,-0.292795482783638,0.175399516703047,-0.0586979830402955,193.583589897436
68,-0.168846556884533,0.507308095346071,0.169230769230769,-0.261000197074676,0.157463745718051,-0.0517682256783124,-0.187696271447924,0.180161739617171,-0.00376726591537656,-0.379498573958679,0.108681984519079,-0.1354082947198,-0.340083401791458,-0.151666733680648,-0.245875067736053,-0.113112357546348,0.347321242883718,0.117104442668685,-0.105313634500102,0.31531040668383,0.104998386091864,-0.243270002845619,0.22243322145328,-0.0104183906961695,193.700000051282
69,-0.168846556884533,0.507308095346071,0.169230769230769,-0.324260131158744,0.132091696002668,-0.0960842175780382,-0.152683749568097,0.212366928975873,0.0298415897038883,-0.406380457410941,0.0537810594310174,-0.176299698989962,-0.319236987919599,-0.0632693607368604,-0.19125317432823,-0.0460444168546611,0.377252280957444,0.165603932051392,-0.131477763131837,0.257550528608469,0.0630363827383161,-0.194606659046616,0.294121359423836,0.0497573501886101,193.816410205128
70,-0.168846556884533,0.507308095346071,0.169230769230769,-0.292910297613931,0.118447984720123,-0.0872311564469044,-0.0571313040535272,0.356564845646703,0.149716770796588,-0.384561565926231,-0.0201029434121219,-0.202332254669177,-0.324530853575858,-0.0105796734588103,-0.167555263517334,-0.015731531627919,0.366944434383352,0.175606451377717,-0.22290906887636,0.173106329321546,-0.0249013697774072,-0.219695011225245,0.261265144627875,0.0207850667013149,193.916410461538
71,-0.168846556884533,0.507308095346071,0.169230769230769,-0.284595772756981,0.0588885303755961,-0.112853621190693,-0.0219450327503186,0.425511061308991,0.201783014279336,-0.403818968667276,-0.0878993862838366,-0.245859177475556,-0.32954773347293,0.0211709737593646,-0.154188379856783,0.0042251498448181,0.399281752352588,0.201753451098703,-0.271666243642213,0.119106743818237,-0.0762797499119881,-0.27018393116016,0.2061433315721,-0.0320202997940299,194.000000076923
72,-0.168846556884533,0.507308095346071,0.169230769230769,-0.293895427344935,0.0700026109092527,-0.111946408217841,-0.0151571591928068,0.433788324048402,0.209315582427798,-0.424606162453245,-0.095690031037244,-0.260148096745245,-0.347693532837987,-0.023979929061598,-0.185836730949792,0.047918916788021,0.443391479113654,0.245655197950837,-0.31994586861106,0.0793729423835787,-0.12028646311374,-0.297652905500835,0.172527714247585,-0.062562595626625,194.083589794872
73,-0.168846556884533,0.507308095346071,0.169230769230769,-0.308087479177209,0.0168444799098046,-0.145621499633702,0.01388844625292,0.527714006620361,0.27080122643664,-0.431615423255932,-0.108685017246223,-0.270150220251077,-0.308822521067767,-0.0852536000889415,-0.197038060578354,0.0864947114181791,0.496876620991276,0.291685666204728,-0.315548851562928,0.0628932015910392,-0.126327824985944,-0.371778229340792,0.103124987950238,-0.134326620695277,194.200000051282
74,-0.173963119214367,0.522681067932316,0.174358974358974,-0.371847883516052,-0.0231897374479554,-0.197518810482004,-0.107051453988125,0.489027641897568,0.190988093954722,-0.455015937592104,-0.158797241717269,-0.306906589654687,-0.298656601800806,-0.0356744300596749,-0.16716551593024,0.10265568953443,0.561121763316387,0.331888726425408,-0.307653224754736,0.111097132029435,-0.0982780463626507,-0.356729736477735,0.13268178412743,-0.112023976175152,194.31641025641
75,-0.168846556884533,0.507308095346071,0.169230769230769,-0.410127316271325,-0.0808003205925841,-0.245463818431955,-0.176078999259271,0.39301319285111,0.10846709679592,-0.479499518767438,-0.179668850531242,-0.32958418464934,-0.252556286957431,0.144719947545317,-0.0539181697060567,0.171083046356106,0.664307809256825,0.417695427806466,-0.300147610514007,0.169789781812997,-0.0651789143505048,-0.346005194923934,0.166406860341623,-0.0897991672911559,194.416410358974
76,-0.168846556884533,0.507308095346071,0.169230769230769,-0.426366213469726,-0.0814585354583684,-0.253912374464047,-0.18504676120472,0.358806058063345,0.0868796484293126,-0.459560102821686,-0.169530251702486,-0.314545177262086,-0.255667553076507,0.205683943410522,-0.0249918048329924,0.165364236585862,0.650948282707565,0.408156259646714,-0.290645539923235,0.210352258266431,-0.0401466408284017,-0.328782660334771,0.182403453637015,-0.0731896033488779,194.500000076923
77,-0.168846556884533,0.507308095346071,0.169230769230769,-0.452910170669379,0.0545061438251424,-0.199202013422118,-0.145581989067185,0.42360691354509,0.139012462238952,-0.419309211839549,-0.126524415264575,-0.272916813552062,-0.253495295375357,0.195093236045027,-0.0292010296651651,0.0871764233114143,0.56744951422589,0.327312968768652,-0.275205333058526,0.23113328564344,-0.022036023707543,-0.289509557373356,0.195001268834919,-0.0472541442692182,194.583589846154
78,-0.168846556884533,0.507308095346071,0.169230769230769,-0.426689967767509,-0.011367301957476,-0.219028634862493,-0.198869852980894,0.282136402253972,0.0416332746365389,-0.34998442220877,-0.0597944806769777,-0.204889451442874,-0.248098207238176,0.0496757559685681,-0.0992112256348039,-0.0361915252314409,0.439071210087476,0.201439842428018,-0.220661140812928,0.244556632121166,0.0119477456541189,-0.238801149919233,0.195712012363349,-0.0215445687779419,194.700000089744
79,-0.168846556884533,0.507308095346071,0.169230769230769,-0.383825980021836,-0.0581312745780718,-0.220978627299954,-0.232510477521791,0.235486363920256,0.00148794319923265,-0.372542057454752,-0.103462433634675,-0.238002245544713,-0.277332477012849,0.0992540343643406,-0.089039221324254,-0.0411093497085885,0.40269320183582,0.180791926063616,-0.204159201757871,0.243327686338394,0.0195842422902612,-0.179440032669404,0.268903097255396,0.0447315322929961,194.81641025641
80,-0.168846556884533,0.507308095346071,0.169230769230769,-0.356263941352421,-0.0125117773587484,-0.184387859355585,-0.243117179025686,0.167586978482651,-0.0377651002715174,-0.424522039718485,-0.138830625046922,-0.281676332382704,-0.277397263142755,0.248015515758266,-0.0146908736922446,0.0149755905303137,0.47023869804394,0.242607144287127,-0.184905598239388,0.284930138389688,0.0500122700751503,-0.0980940735027175,0.375865932909825,0.138885929703554,194.916410358974
81,-0.168846556884533,0.507308095346071,0.169230769230769,-0.382037634220983,0.033832041269688,-0.174102796475648,-0.240458142306582,0.165733301459355,-0.0373624204236139,-0.451475566423196,-0.145768532698671,-0.298622049560933,-0.286968078426382,0.251203308635475,-0.0178823848954536,0.0632287298361633,0.516899201191945,0.290063965514054,-0.189217986565592,0.276356998158877,0.0435695057966427,-0.0414290750769502,0.446223794973051,0.202397359948051,195
82,-0.168846556884533,0.507308095346071,0.169230769230769,-0.379485163155513,0.0386915988141756,-0.170396782170669,-0.27191885842362,0.360109973716258,0.0440955576463188,-0.436052654835973,-0.129691327086055,-0.282871990961014,-0.266183407602813,0.288766619995862,0.0112916061965245,0.0864532380383476,0.505729286247309,0.296091262142828,-0.180051725847618,0.260716698898325,0.0403324865253535,-0.125866933395921,0.388480810900901,0.13130693875249,195.08358974359
83,-0.18035882212666,0.541897283665121,0.180769230769231,-0.384751113764278,0.046248329448528,-0.169251392157875,-0.267403209929183,0.203720433731169,-0.0318413880990067,-0.395636898919271,-0.0725733344294924,-0.234105116674382,-0.291725191841466,0.462281895327394,0.0852783517429637,0.078863184150197,0.493478011307922,0.286170597729059,-0.148230437779346,0.313272152131944,0.0825208571762993,-0.223254985844287,0.276250550478181,0.0264977823169468,195.200000051282
84,-0.168846556884533,0.507308095346071,0.169230769230769,-0.414156110413934,-0.00596486776755326,-0.210060489090744,-0.282159797868072,0.0660093108588916,-0.10807524350459,-0.407177530702778,-0.0989113251590633,-0.253044427930921,-0.302720087961573,0.09028186333208,-0.106219112314747,0.0702319927999479,0.496375605939461,0.283303799369704,-0.172771737040641,0.344978427235787,0.0861033450975733,-0.284779701540179,0.17682237933706,-0.0539786611015591,195.316410358974
85,-0.168846556884533,0.507308095346071,0.169230769230769,-0.396824204597448,0.0576413368476379,-0.169591433874905,-0.302151405648534,0.261005981043808,-0.020572712302363,-0.397563212555031,-0.0770574535630557,-0.237310333059043,-0.281135743222506,0.0587455798084569,-0.111195081707025,0.0545628550304405,0.533596517447624,0.294079686239032,-0.171658755455043,0.332396792864762,0.0803690187048596,-0.324359209601307,0.119459327001301,-0.102449941300003,195.41615425641
86,-0.168846556884533,0.507308095346071,0.169230769230769,-0.430587102412274,0.00753390487727211,-0.211526598767501,-0.295368637050666,0.0463975479510139,-0.124485544549826,-0.385787090091099,-0.0686719437767534,-0.227229516933926,-0.270809976714297,0.0442373692993527,-0.113286303707472,-0.00550939129628102,0.400702504794479,0.197596556749099,-0.175338277506043,0.162723926028896,-0.00630717573857371,-0.27094173891024,0.112844546082586,-0.0790485964138268,195.499743641026
87,-0.168846556884533,0.507308095346071,0.169230769230769,-0.323155625684555,0.173400295796754,-0.0748776649439006,-0.307484997526286,0.38410207186286,0.0383085371682869,-0.341487513784354,-0.0375809024530009,-0.189534208118677,-0.265837284553401,0.0633100659171326,-0.101263609318134,-0.058825987081296,0.42370161693198,0.182437814925342,-0.124442129663997,0.249111697021111,0.0623347836785568,-0.391290593220706,0.0402851230852773,-0.175502735067715,195.583589846154
88,-0.18035882212666,0.541897283665121,0.180769230769231,-0.322425299586194,0.198286015381696,-0.0620696421022489,-0.222199567695116,0.218895113629806,-0.00165222703265511,-0.318487246469866,-0.020599181951205,-0.169543214210536,-0.256877818111941,0.0454202633986085,-0.105728777356666,-0.124792636189185,0.265436462632096,0.0703219132214556,-0.15787995764247,0.219331653138969,0.0307258477482495,-0.349393410904064,0.0584145500053219,-0.145489430449371,195.699487230769
89,-0.173963119214367,0.522681067932316,0.174358974358974,-0.34794271327232,0.0262367872136506,-0.160852963029335,-0.228421850552549,0.17965447470124,-0.0243836879256543,-0.359595640600918,-0.0513539049469391,-0.205474772773928,-0.263264345235174,0.0316622937025903,-0.115801025766292,-0.182525765596079,0.228515468638503,0.0229948515212117,-0.205537769115122,0.238730129878966,0.0165961803819222,-0.257831499513404,0.137927351808531,-0.0599520738524363,195.815897589744
90,-0.168846556884533,0.507308095346071,0.169230769230769,-0.383576408845132,-0.00616914502502437,-0.194872776935078,-0.249435537030795,0.163176725576504,-0.043129405727146,-0.390861593572535,-0.0940876029937946,-0.242474598283165,-0.265927729986837,0.0103890174297074,-0.127769356278565,-0.146477015552871,0.277542422022227,0.065532703234678,-0.227632645204685,0.246535460450953,0.00945140762313403,-0.24636060035029,0.138256525573171,-0.0540520373885596,195.916410461538
91,-0.168846556884533,0.507308095346071,0.169230769230769,-0.394708140511269,-0.0863611915713325,-0.240534666041301,-0.2694205924452,0.139774149295451,-0.0648232215748743,-0.42026330929534,-0.110410014508862,-0.265336661902101,-0.256762639776576,0.0784496915565833,-0.0891564741099965,-0.103409540588936,0.312678128238705,0.104634293824885,-0.216286123877923,0.213173285911716,-0.00155641898310361,-0.302070190564796,0.0843746401997563,-0.10884777518252,196
92,-0.168846556884533,0.507308095346071,0.169230769230769,-0.423500458089625,0.2576046770875,-0.0829478905010626,-0.271613812531953,0.166481425200481,-0.0525661936657364,-0.421294281903725,-0.103320100691429,-0.262307191297577,-0.238547490917073,0.141265557969227,-0.0486409664739227,-0.0139807447013972,0.403435481093716,0.19472736819616,-0.226827493071736,0.130102374331163,-0.0483625593702864,-0.387667224754894,-0.00254621727361135,-0.195106721014253,196.083589846154
93,-0.168846556884533,0.507308095346071,0.169230769230769,-0.356958915369328,-0.00841942193719837,-0.182689168653263,-0.27032925948777,0.150178952767029,-0.0600751533603704,-0.401711979242404,-0.0632559610680373,-0.232483970155221,-0.213746984732503,0.205566961768126,-0.00409001148218857,0.0345292077387802,0.422725603001862,0.228627405370321,-0.268093658887665,0.0589397091727762,-0.104576974857444,-0.422179816915202,-0.0227800922717208,-0.222479954593461,196.200000051282
94,-0.168846556884533,0.507308095346071,0.169230769230769,-0.381881871234678,-0.0759265277670635,-0.228904199500871,-0.303345440959006,0.0918147011658736,-0.105765369896566,-0.379847680179637,-0.0136728413166676,-0.196760260748152,-0.182095182897948,0.298592974424738,0.0582488957633952,0.0109314344949118,0.389285645361172,0.200108539928042,-0.264860743556728,0.0568546737731032,-0.104003034891812,-0.394527658513878,0.00100576753519683,-0.196760945489341,196.316153846154
95,-0.168846556884533,0.507308095346071,0.169230769230769,-0.383091035686238,-0.0353637444990851,-0.209227390092661,-0.356105096938113,0.151118920454878,-0.102493088241618,-0.358890620889124,0.0317845119954749,-0.163553054446825,-0.168278450765097,0.376940915636758,0.104331232435831,-0.0301028363938743,0.337545135418454,0.15372114951229,-0.261998617170039,0.0997084954484603,-0.0811450608607892,-0.417567466515219,-0.00830492100852658,-0.212936193761873,196.415897717949
96,-0.168846556884533,0.507308095346071,0.169230769230769,-0.341124935005816,0.0675810831150639,-0.136771925945376,-0.379462072660754,0.198765753163339,-0.0903481597487076,-0.331417579444566,0.0554484160271821,-0.137984581708692,-0.156555728483889,0.424510348761961,0.133977310139036,-0.0591066552559788,0.318607121073953,0.129750232908987,-0.265509990410962,0.115893294791717,-0.0748083478096227,-0.46825678788741,-0.021964223404616,-0.245110505646013,196.499743641026
97,-0.168846556884533,0.507308095346071,0.169230769230769,-0.295527695176887,0.144697388856368,-0.0754151531602593,-0.360579562861033,0.160076694771702,-0.100251434044665,-0.304222880907036,0.0838297245394264,-0.110196578183805,-0.174977257424829,0.437287224377708,0.13115498347644,-0.083225416812784,0.326775597253378,0.121775090220297,-0.261191161510166,0.160257736932761,-0.0504667122887021,-0.470504354047345,0.00067820702589507,-0.234913073510725,196.583589794872
98,-0.168846556884533,0.507308095346071,0.169230769230769,-0.259913431497027,0.11669481179426,-0.0716093098513835,-0.339048066767442,0.0833754315905132,-0.127836317588465,-0.277658223295178,0.140601355209397,-0.0685284340428904,-0.194189584465667,0.4687796009514,0.137295008242866,-0.122623858706446,0.294366093397443,0.0858711173454984,-0.215387165420756,0.226648651376378,0.00563074297781091,-0.414821967435975,0.0682103846517053,-0.173305791392135,196.700000205128
99,-0.168846556884533,0.507308095346071,0.169230769230769,-0.304453224308183,0.0241727260916374,-0.140140249108273,-0.323736683920348,0.0597933248337453,-0.131971679543301,-0.307554239265437,0.115387239119093,-0.0960835000731723,-0.227835477815655,0.39737373103394,0.0847691266091427,-0.125061259514742,0.307637489845455,0.0912881151653563,-0.201743871791092,0.276393091470211,0.0373246098395594,-0.371656935955065,0.126846234322285,-0.12240535081639,196.81641025641
100,-0.168846556884533,0.507308095346071,0.169230769230769,-0.308772234576032,0.0294327047028265,-0.139669764936603,-0.293721205850281,0.118166776421591,-0.0877772147143451,-0.351273420340328,0.0396702436370476,-0.15580158835164,-0.290164275761012,0.240734463730964,-0.0247149060150243,-0.11311084308608,0.35878715280223,0.122838154858075,-0.216318524384422,0.219374573988295,0.00152802480193695,-0.401165193754194,0.0835420059558826,-0.158811593899156,196.916410461538
101,-0.168846556884533,0.507308095346071,0.169230769230769,-0.289313384481714,0.0999938015104663,-0.0946597914856239,-0.28541197669041,0.116030467210147,-0.0846907547401315,-0.387227849213876,0.0217722081819869,-0.182727820515944,-0.364276362467519,0.149189144575182,-0.107543608946168,-0.104668541232218,0.377534876687753,0.136433167727767,-0.254626734807832,0.152561004668696,-0.0510328650695678,-0.425274943839075,0.0381287389812272,-0.193573102428924,197
102,-0.168846556884533,0.507308095346071,0.169230769230769,-0.246151387182091,0.188294359193931,-0.0289285139940797,-0.288124936946682,0.17036772474527,-0.0588786061007059,-0.400407722130079,-0.00414774620961902,-0.202277734169849,-0.333345866419035,0.0901686361799746,-0.12158861511953,-0.08680148956184,0.37080220558408,0.14200035801112,-0.276346722974965,0.12527152311474,-0.0755375999301125,-0.45226196565716,0.0142458969750026,-0.219008034341079,197.083589794872
103,-0.168846556884533,0.507308095346071,0.169230769230769,-0.236324601347971,0.291814839398088,0.0277451190250583,-0.304562285461643,0.173658676481986,-0.0654518044898284,-0.392277175875422,0.0120989510459204,-0.190089112414751,-0.263175788751039,0.095561234063672,-0.0838072773436833,-0.0587395295025573,0.404928057076053,0.173094263786748,-0.270630445180477,0.138938133056308,-0.0658461560620847,-0.422214256796544,0.0246914053385858,-0.198761425728979,197.199743679487
104,-0.168846556884533,0.507308095346071,0.169230769230769,-0.269039893549757,0.260574206239459,-0.00423284365514878,-0.305977024927685,0.164284676755849,-0.0708461740859178,-0.42341658331114,0.0033483269487195,-0.21003412818121,-0.230090372364442,0.122878020344598,-0.0536061760099221,-0.0608659701518454,0.419100246176859,0.179117138012507,-0.219313516089163,0.2005161428042,-0.00939868664248156,-0.338120512338322,0.0830896925970266,-0.127515409870648,197.316153871795
105,-0.168846556884533,0.507308095346071,0.169230769230769,-0.21222450948703,0.22617005178987,0.00697277115141985,-0.302728597383477,0.170661260621735,-0.0660336683808709,-0.448847664641823,0.0123016702776225,-0.2182729971821,-0.220328675754335,0.110963561994308,-0.0546825568800131,-0.0703013464416118,0.364684928578193,0.14719179106829,-0.209834922762793,0.246018499697684,0.0180917884674456,-0.235566498258471,0.153459311858449,-0.041053593200011,197.416410358974
106,-0.168846556884533,0.507308095346071,0.169230769230769,-0.179005118798747,0.237211081872359,0.0291029815368058,-0.325524792526763,0.174624037312601,-0.0754503776070808,-0.446368469939492,0.00716848368202218,-0.219599993128735,-0.233206247178728,0.0784842474749245,-0.0773609998519017,-0.145835142656897,0.298174851306787,0.0761698543249446,-0.200293295381276,0.316416423623928,0.0580615641213261,-0.20009983005732,0.202968723934767,0.00143444693872358,197.5
107,-0.179079681544201,0.53805404051856,0.17948717948718,-0.152908546644751,0.382407296385363,0.114749374870306,-0.322175969828152,0.140429867301614,-0.0908730512632693,-0.423932378824877,-0.00312161208656524,-0.213526995455721,-0.24586547107232,0.0244138125145437,-0.110725829278888,-0.0930208043550046,0.349589086469543,0.128284141057269,-0.196964800691109,0.323552652755935,0.0632939260324129,-0.19887234413282,0.228831471146502,0.014979563506841,197.58358974359
108,-0.191871087368787,0.576486471984172,0.192307692307692,-0.163860496622256,0.397393413113421,0.116766458245582,-0.332048576392528,0.0792727637684462,-0.126387906312041,-0.402919498746688,0.0369709925676894,-0.182974253089499,-0.319955937625664,-0.120525927899356,-0.22024093276251,0.00552247183467102,0.448484172848391,0.227003322341531,-0.177584655867872,0.311359661729399,0.0668875029307633,-0.248763446694756,0.195459387323811,-0.0266520296854726,197.700000089744
109,-0.179079681544201,0.53805404051856,0.17948717948718,-0.180337883587586,0.273842092328826,0.0467521043706202,-0.382219766378767,0.0580438265465828,-0.162087969916092,-0.379883229359444,-0.0153194131033646,-0.197601321231404,-0.348295349890443,-0.165641661864196,-0.25696850587732,0.013880135057973,0.460616786748355,0.237248460903164,-0.140484071430491,0.308265325575997,0.083890627072753,-0.262924770967367,0.166552500102304,-0.0481861354325314,197.816410358974
110,-0.179079681544201,0.53805404051856,0.17948717948718,-0.188518534831015,0.184227513853335,-0.00214551048884014,-0.370957911294165,0.0673888527751096,-0.151784529259528,-0.394163723309837,-0.107906625531919,-0.251035174420878,-0.347539369201034,-0.164010550998559,-0.255774960099797,-0.0552446166696791,0.396085600948635,0.170420492139478,-0.150240015508275,0.292946617597039,0.0713533010443821,-0.249680303481962,0.17708834587435,-0.036295978803806,197.916154051282
111,-0.168846556884533,0.507308095346071,0.169230769230769,-0.138063852856994,0.235554760434285,0.0487454537886457,-0.329117332837305,0.0875155475624556,-0.120800892637425,-0.457271284574942,-0.213343027021873,-0.335307155798407,-0.317395916826633,-0.073724884631435,-0.195560400729034,-0.0985712010965049,0.362790041887166,0.13210942039533,-0.147398344439669,0.282651118959435,0.0676263872598831,-0.222664609412474,0.185346294377072,-0.0186591575177011,197.999743641026
112,-0.168846556884533,0.507308095346071,0.169230769230769,-0.122777366035454,0.23135855325041,0.0542905936074777,-0.298222085412881,0.0531388615540962,-0.122541611929392,-0.498156517238533,-0.256214569852078,-0.377185543545306,-0.286219120484924,-0.0116677204358797,-0.148943420460402,-0.102760686547345,0.372961334934267,0.135100324193461,-0.193036400257037,0.224368053925041,0.0156658268340022,-0.208797940820513,0.193043911984168,-0.00787701441817211,198.08358974359
113,-0.168846556884533,0.507308095346071,0.169230769230769,-0.144168096628249,0.190381410945973,0.0231066571588617,-0.306916719099267,-0.00136050700930059,-0.154138613054284,-0.491073927218369,-0.267250796396959,-0.379162361807664,-0.242509257715086,0.0302624637447019,-0.106123396985192,-0.0934428181046988,0.398559534977419,0.15255835843636,-0.224300174451999,0.151504613369645,-0.0363977805411771,-0.211390985021904,0.194350021384274,-0.00852048181881509,198.200000051282
114,-0.168846556884533,0.507308095346071,0.169230769230769,-0.239077189704483,0.13881820181989,-0.0501294939422965,-0.351531334445238,-0.0411580355766127,-0.196344685010925,-0.457883252494283,-0.247329167960307,-0.352606210227295,-0.230949189918399,0.0437325439781577,-0.0936083229701206,-0.0675491525949813,0.437801155930214,0.185126001667616,-0.231328509431066,0.10380850937885,-0.0637600000261083,-0.22606239505385,0.17111393361432,-0.0274742307197652,198.31641025641
115,-0.168846556884533,0.507308095346071,0.169230769230769,-0.22646705010271,0.154663901077709,-0.0359015745125005,-0.418490442081545,-0.0960551649152468,-0.257272803498396,-0.429982500362497,-0.208838915218307,-0.319410707790402,-0.234282346196732,0.0695878886017555,-0.0823472287974885,-0.0420706685161914,0.471474747537875,0.214702039510842,-0.201311827989345,0.13091776875576,-0.0351970296167927,-0.236169889314199,0.138569761419389,-0.048800063947405,198.416410461538
116,-0.168846556884533,0.507308095346071,0.169230769230769,-0.226817790779358,0.166433584247299,-0.0301921032660297,-0.44386056189165,-0.12637820145004,-0.285119381670845,-0.442699126896981,-0.199122555183386,-0.320910841040184,-0.244561253986501,0.0936955701918286,-0.0754328418973363,-0.0210019706093391,0.494237725147949,0.236617877269305,-0.169695994034652,0.18425561342209,0.00727980969371899,-0.242540602550417,0.127511237389854,-0.0575146825802813,198.5
117,-0.179079681544201,0.53805404051856,0.17948717948718,-0.173269302011797,0.283215008630024,0.0549728533091134,-0.468619439185554,-0.160949713682143,-0.314784576433849,-0.436820948605637,-0.186049333203176,-0.311435140904407,-0.249151041594213,0.0769218026739719,-0.0861146194601206,-0.00842977241193678,0.472964003506918,0.23226711554749,-0.155239823554494,0.242085211490348,0.043422693967927,-0.240745028877735,0.153395368364599,-0.0436748302565679,198.583589846154
118,-0.168846556884533,0.507308095346071,0.169230769230769,-0.172376352831352,0.266098782806994,0.046861214987821,-0.458577905119933,-0.135606429807155,-0.297092167463544,-0.412966207065213,-0.1627887159857,-0.287877461525456,-0.279432745535165,0.184953950020775,-0.0472393977571953,0.00932727089579413,0.483903809188384,0.246615540042089,-0.198675411506408,0.27878258564939,0.040053587071491,-0.233986844217583,0.17386464018694,-0.0300611020153219,198.699501461538
119,-0.168846556884533,0.507308095346071,0.169230769230769,-0.180893984580547,0.245284046993668,0.0321950312065602,-0.449642629255372,-0.132769889441398,-0.291206259348385,-0.365029327970064,-0.129711257591424,-0.247370292780744,-0.319118863739604,0.28915614215571,-0.0149813607919472,-0.0259082981423854,0.466121693975763,0.220106697916689,-0.217212543083494,0.296749672314947,0.0397685646157268,-0.265679495789347,0.144502562523602,-0.0605884666328726,198.815897589744
120,-0.144272127207443,0.564784947720263,0.21025641025641,-0.249595363837082,0.0854482492082053,-0.0820735573144381,-0.420918312533656,-0.150310160816999,-0.285614236675328,-0.352724802476553,-0.125230034669117,-0.238977418572835,-0.304041705487631,0.199633854890042,-0.0522039252987945,-0.0278857170408528,0.465325108425678,0.218719695692412,-0.185495831656125,0.263513746033302,0.0390089571885884,-0.318489227554277,0.0818247147455148,-0.118332256404381,198.91641025641
121,-0.143656449139709,0.759041064524324,0.307692307692308,-0.279535077703277,0.00301882765695217,-0.138258125023163,-0.366510693735571,-0.0971037290988844,-0.231807211417228,-0.374218820388295,-0.141946683961639,-0.258082752174967,-0.2714341133739,0.0207000172514968,-0.125367048061202,0.0239124165663367,0.52321870892764,0.273565562746988,-0.181658836334813,0.229884792457212,0.0241129780611996,-0.358325510162644,0.0376083997574506,-0.160358555202597,199.000000153846
122,-0.0312354351799189,1.20046620441069,0.584615384615385,-0.304360357778785,-0.040534092235789,-0.172447225007287,-0.353074523182896,-0.0726867325529997,-0.212880627867948,-0.434924001812665,-0.194272961072501,-0.314598481442583,-0.312165887214341,0.0149135704234941,-0.148626158395424,0.0882967132669485,0.598506305296774,0.343401509281861,-0.229703677134567,0.184875286842265,-0.0224141951461512,-0.346815475681368,0.0355171390974987,-0.155649168291935,199.08358974359
123,-0.000882637216242569,1.80857494490855,0.903846153846154,-0.28597151444837,-0.0060253727698052,-0.145998443609087,-0.361743330261776,-0.0936311910065986,-0.227687260634187,-0.478572169722444,-0.215540595964732,-0.347056382843588,-0.335898240916718,0.024842618293096,-0.155527811311811,0.153781136562699,0.663121523781652,0.408451330172175,-0.240192301684774,0.152695381028771,-0.0437484603280018,-0.312014218938395,0.0740589382907023,-0.118977640323846,199.200000051282
124,0.12076591611162,2.13564434029864,1.12820512820513,-0.225590183711047,0.139205426311643,-0.0431923786997022,-0.437880803501577,-0.170430794190992,-0.304155798846284,-0.456637995394319,-0.208714807520939,-0.332676401457629,-0.360598529050185,-0.0582977223227331,-0.209448125686459,0.160945090836211,0.650465960547103,0.405705525691657,-0.234160620799319,0.148274867499368,-0.0429428766499756,-0.307320448495837,0.0851442947108535,-0.111088076892492,199.316410461538
125,0.180136555615005,2.67114549566705,1.42564102564103,-0.161908740506363,0.29395033680953,0.0660207981515835,-0.419554026701455,-0.0815922917998553,-0.250573159250655,-0.439509437450113,-0.193846253820015,-0.316677845635064,-0.336778479366054,-0.136176310498573,-0.236477394932313,0.174983960952136,0.648569392279412,0.411776676615774,-0.267327304269774,0.0945228652755691,-0.0864022194971022,-0.341773540057793,0.0413671142674467,-0.150203212895173,199.416410461538
126,0.184094410747663,2.76975174309849,1.47692307692308,-0.11870391809375,0.381825896382068,0.131560989144159,-0.381295505310785,-0.0132018043340646,-0.197248654822425,-0.467396397301021,-0.202297620727328,-0.334847009014174,-0.30844795550636,-0.0873284733440879,-0.197888214425224,0.184430062794476,0.676423282067373,0.430426672430924,-0.307043906139209,0.0490866766901948,-0.128978614724507,-0.360474373533759,0.0108208043371085,-0.174826784598325,199.5
127,0.179636536621281,2.75369679671205,1.46666666666667,-0.105909785745552,0.408351322950486,0.151220768602467,-0.347762579793163,0.0315045480562753,-0.158129015868444,-0.489739259969795,-0.21437225710851,-0.352055758539152,-0.258524095988917,-0.0305042120056024,-0.14451415399726,0.192562237611074,0.684522728596477,0.438542483103775,-0.381711654646712,-0.0266012413003281,-0.20415644797352,-0.362589740416392,0.00325333868138116,-0.179668200867506,199.583589794872
128,0.188321374069568,2.89629401054582,1.54230769230769,-0.127055333536368,0.303742574223593,0.0883436203436126,-0.322086851168118,0.0510808978132865,-0.135502976677416,-0.486265399293681,-0.166552223971844,-0.326408811632762,-0.204551378047189,0.0391316293685586,-0.0827098743393152,0.149196038864833,0.615434007433098,0.382315023148966,-0.43193748478088,-0.0914234594174996,-0.26168047209919,-0.383484105166892,-0.0159981359909158,-0.199741120578904,199.700000051282
129,0.234045890848433,3.06851821171567,1.65128205128205,-0.191396941066386,0.196976080049811,0.00278956949171278,-0.311640923102147,0.107516755848967,-0.10206208362659,-0.42223857608799,-0.0474823900552886,-0.234860483071639,-0.202926773069249,0.0715259046033978,-0.0657004342329258,0.113240463650436,0.551179513065408,0.332209988357922,-0.449617040096266,-0.121107940363695,-0.28536249022998,-0.467487140400979,-0.10059395089113,-0.284040545646055,199.816410205128
130,0.254619875822767,3.12999550879262,1.69230769230769,-0.206201680800734,0.103095189720602,-0.0515532455400658,-0.227518059901868,0.253771135709096,0.0131265379036139,-0.394955974124666,0.00451559743637444,-0.195220188344146,-0.199195784916549,0.13245552250031,-0.0333701312081194,0.0944223827681371,0.506660986807208,0.300541684787672,-0.441523700298613,-0.0936045309379977,-0.267564115618305,-0.550999467681386,-0.172319021241075,-0.36165924446123,199.91641025641
131,0.418991241750503,3.42716260440334,1.92307692307692,-0.254272744577593,0.0404671594410263,-0.106902792568283,-0.136624497448543,0.338372016081014,0.100873759316235,-0.418604533316069,0.0151578982735051,-0.201723317521282,-0.218449258796364,0.158774996985748,-0.0298371309053082,0.0933966541466786,0.518679966744223,0.306038310445451,-0.451037449522226,-0.0737602432761983,-0.262398846399212,-0.581921349571314,-0.196730557389154,-0.389325953480234,200
132,0.653943709576998,4.06400500837172,2.35897435897436,-0.305835454117503,0.00504163865612267,-0.15039690773069,-0.072809338402655,0.401156988435679,0.164173825016512,-0.470669457259783,-0.0342925802889288,-0.252481018774356,-0.228408089846755,0.179254869455289,-0.0245766101957333,0.0100036616231895,0.504887015702116,0.257445338662653,-0.457188006663048,-0.0396546090763863,-0.248421307869717,-0.54802217609968,-0.173681087955023,-0.360851632027351,200.083589794872
133,0.774818427234057,5.11748926507364,2.94615384615385,-0.323014794620758,0.0170673784235908,-0.152973708098583,-0.00442831984256027,0.470023358197454,0.232797519177447,-0.529715493824734,-0.128298302107335,-0.329006897966034,-0.258705809113374,0.156840818065557,-0.0509324955239085,-0.0399394491490383,0.500687879561043,0.230374215206002,-0.392961697808535,0.0512231020605379,-0.170869297873998,-0.488283574994529,-0.112543898537092,-0.30041373676581,200.200000128205
134,0.837931011100842,5.67488950171967,3.25641025641026,-0.322480988797191,0.112731812736377,-0.104874588030407,-8.47375187758077e-05,0.524036069778,0.261975666129612,-0.52938559223598,-0.190871557580349,-0.360128574908165,-0.268608580414633,0.127201091876465,-0.0707037442690839,-0.0414801903090732,0.466993122499404,0.212756466095165,-0.291135268862501,0.154750380083198,-0.0681924443896515,-0.483433709539647,-0.0940876277075251,-0.288760668623586,200.316410205128
135,1.12741545373409,6.26745634113771,3.6974358974359,-0.270146688275174,0.236158107111778,-0.0169942905816977,-0.0279151363416171,0.493504294823557,0.23279457924097,-0.500213362138792,-0.193921396282361,-0.347067379210576,-0.25107540417535,0.125580191757346,-0.0627476062090018,-0.0144278113607241,0.483529231897884,0.23455071026858,-0.253480647110116,0.175727354964842,-0.0388766460726371,-0.506153333501045,-0.115472947424344,-0.310813140462695,200.416410564103
136,1.39451085710282,6.79010452751256,4.09230769230769,-0.300964093319377,0.147789530963104,-0.0765872811781368,-0.0636913662759202,0.434164884639445,0.185236759181763,-0.442839264631934,-0.155099490749643,-0.298969377690789,-0.26503127912056,0.101502554968285,-0.0817643620761375,-0.00757971553714006,0.514867217494261,0.25364375097856,-0.282348009436164,0.138875272507464,-0.0717363684643498,-0.518042703804573,-0.128429599190229,-0.323236151497401,200.500000153846
137,1.64610111335568,7.31800145074689,4.48205128205128,-0.317968237836924,0.0579750913669087,-0.129996573235008,-0.125708379413483,0.365373720413209,0.119832670499863,-0.420451366508074,-0.134829379346534,-0.277640372927304,-0.286177370024053,0.0872384520899847,-0.099469458967034,-0.0417510268101327,0.485648870657825,0.221948921923846,-0.317217417997362,0.0876194097112617,-0.11479900414305,-0.465414733319046,-0.0863396169273139,-0.27587717512318,200.583589846154
138,1.84230729716381,8.14230808745158,4.99230769230769,-0.407979607089805,-0.146760569478688,-0.277370088284247,-0.126281139202642,0.365465843490945,0.119592352144152,-0.372871210887214,-0.0744507860917765,-0.223660998489495,-0.293611633724555,0.0302324464200046,-0.131689593652275,-0.0545305773967061,0.429242733362416,0.187356077982855,-0.31618748867819,0.0692344690845532,-0.123476509796819,-0.433346386525675,-0.0468403005140073,-0.240093343519841,200.700000051282
139,2.52772584478847,10.8568895398269,6.69230769230769,-0.418575621712699,-0.0821911197840976,-0.250383370748398,-0.0994049527694285,0.442465092739496,0.171530069985034,-0.302735511592333,0.00635220809315185,-0.148191651749591,-0.300822724490511,-0.0312901880917501,-0.16605645629113,-0.112960119474866,0.316373384591768,0.101706632558451,-0.242912446148809,0.155899501830805,-0.0435064721590018,-0.440849225593341,-0.0616005968418485,-0.251224911217595,200.81641025641
140,3.05033899521454,12.4983789535034,7.77435897435897,-0.368669287427685,0.02968044504126,-0.169494421193212,-0.0663660096801507,0.506126637878222,0.219880314099036,-0.253917117262169,0.0780924053251199,-0.0879123559685245,-0.315562728240479,-0.0633953208314906,-0.189479024535985,-0.187015404652435,0.250697112159014,0.0318408537532898,-0.220928115191646,0.228598045149956,0.00383496497915495,-0.495635827548933,-0.11550500402094,-0.305570415784937,200.916410564103
141,3.53495730643297,13.2804273089516,8.40769230769231,-0.283151615887483,0.109826738362221,-0.0866624387626307,-0.0731894022582958,0.46304492603302,0.194927761887362,-0.242853067263025,0.0950462273814686,-0.0739034199407781,-0.299420533505251,-0.00438706658532734,-0.151903800045289,-0.283973597070631,0.150252574640326,-0.0668605112151523,-0.248105707610083,0.211355123523505,-0.0183752920432887,-0.451518704004039,-0.0738836534406668,-0.262701178722353,201
142,3.78231052915861,13.8792279323799,8.83076923076923,-0.221239584102685,0.105760139722213,-0.0577397221902359,-0.0814723914515198,0.419849650494562,0.169188629521521,-0.290114443386506,0.0551105892126624,-0.117501927086922,-0.291995652816824,0.00536239017110693,-0.143316631322858,-0.277483446033439,0.132517820450489,-0.0724828127914751,-0.311968841642291,0.121693201394141,-0.0951378201240747,-0.418454865222661,-0.0548236477032756,-0.236639256462968,201.083589846154
143,4.23212084738415,14.6832637680005,9.45769230769231,-0.208350203750131,0.090930485670661,-0.0587098590397352,-0.135936770251761,0.301748237328537,0.0829057335383882,-0.339179272096059,0.0184252154828347,-0.160377028306612,-0.242086705357051,0.121786102718406,-0.0601503013193228,-0.220879206171472,0.164605034788389,-0.0281370856915417,-0.386176732593655,0.0163420970069132,-0.184917317793371,-0.363096721915864,0.0101828775766914,-0.176456922169586,201.199743641026
144,4.86312407194416,15.3932861844661,10.1282051282051,-0.207291578420618,0.199640879989785,-0.00382534921541609,-0.169431380130762,0.289090293722464,0.0598294567958512,-0.353990578292248,0.012974790035769,-0.17050789412824,-0.245594607706213,0.144567337294654,-0.0505136352057796,-0.154119451296649,0.251584360832447,0.048732454767899,-0.384731176564646,-0.00713256191987768,-0.195931869242262,-0.376292670627672,0.000936180815541302,-0.187678244906065,201.316153923077
145,5.69569354562953,16.2325115825756,10.9641025641026,-0.196274299345641,0.289410599442568,0.0465681500484637,-0.190903345050241,0.304155727002157,0.0566261909759581,-0.37391337246483,0.00741446970851251,-0.183249451378159,-0.246294031892477,0.145933903246933,-0.0501800643227719,-0.174870577005654,0.232745901848976,0.0289376624216608,-0.376240367338795,-0.00674299670020187,-0.191491682019499,-0.377460852796143,0.00684312761715215,-0.185308862589496,201.416410461538
146,6.58413151641597,17.1850992528148,11.8846153846154,-0.165788137623324,0.412964185805464,0.12358802409107,-0.214298114811936,0.326179819029814,0.0559408521089393,-0.403086334038417,-0.0205677563401621,-0.21182704518929,-0.262990104167274,0.00505619763468519,-0.128966953266294,-0.152400968634497,0.228742889608218,0.0381709604868609,-0.376467940927317,0.00318282057469883,-0.186642560176309,-0.373239682732583,0.0197318517807895,-0.176753915475897,201.500000153846
147,7.7743916417644,18.6974032300305,13.2358974358974,-0.101288428879,0.490636971778362,0.194674271449681,-0.18553761659632,0.424568474954671,0.119515429179176,-0.433566716956836,-0.0729431051280634,-0.25325491104245,-0.2385111268304,0.0523922220582019,-0.0930594523860992,-0.210398790544292,0.158358283820969,-0.0260202533616619,-0.373723802273436,0.00297533388226251,-0.185374234195587,-0.420147519602988,-0.0310689583906377,-0.225608238996813,201.583589897436
148,9.42956693930098,21.2858176760836,15.3576923076923,-0.0571144698475432,0.455737019117972,0.199311274635214,-0.197611608514064,0.399412930194472,0.100900660840204,-0.441069946802249,-0.095447311208164,-0.268258629005206,-0.252392727519968,0.0422429259177624,-0.105074900801103,-0.185691577871203,0.191945066389322,0.00312674425905939,-0.360009854407056,0.026069772802634,-0.166970040802211,-0.415125106193942,-0.0478041389543524,-0.231464622574147,201.700000051282
149,10.8387078674888,23.1715485427676,17.0051282051282,-0.00201343962007943,0.402287706274402,0.200137133327161,-0.242603906133788,0.276477816987208,0.0169369554267099,-0.429894523215267,-0.0927358092992853,-0.261315166257276,-0.298423396750524,-0.0122094279582134,-0.155316412354368,-0.1678764646282,0.230590939485154,0.0313572374284768,-0.373924887089573,0.00849463781811113,-0.182715124635731,-0.364668940816239,0.0054704237436093,-0.179599258536315,201.81641025641
150,11.3630414854924,23.9908046683538,17.6769230769231,-0.0181002600058711,0.360479077666917,0.171189408830523,-0.257291097796833,0.214084868256258,-0.0216031147702876,-0.410889231444292,-0.0554470187600292,-0.23316812510216,-0.347469981554592,-0.0562992153790158,-0.201884598466804,-0.0887187369119149,0.31187357988598,0.111577421487033,-0.405151400926603,-0.0198761316652009,-0.212513766295902,-0.336548801610172,0.067037286624757,-0.134755757492708,201.916410358974
151,11.6284303413734,24.8484927355497,18.2384615384615,-0.0268247954905011,0.393947675398182,0.18356143995384,-0.266958001599225,0.164172225401647,-0.0513928880987887,-0.380771965532373,-0.0236978372589553,-0.202234901395664,-0.370382675230399,-0.103173716768044,-0.236778195999221,-0.0404362080615691,0.343054812086891,0.151309302012661,-0.390395585383772,0.00161274770134143,-0.194391418841215,-0.342394411033143,0.0668342175449935,-0.137780096744075,202
152,11.5916583062741,24.8903929757772,18.2410256410256,-0.0987542268033383,0.365811730181718,0.13352875168919,-0.241986595552583,0.190766421707334,-0.0256100869226246,-0.330358237273225,0.0215866494278459,-0.15438579392269,-0.336210396493308,-0.0884973858799396,-0.212353891186624,-0.0414610966463497,0.34121415998244,0.149876531668045,-0.332916402120109,0.0608082646626294,-0.13605406872874,-0.371319248944349,-0.00718928778811032,-0.18925426836623,202.08358974359
153,10.7639741904117,23.3437181172806,17.0538461538462,-0.212090533709258,0.232813170683446,0.0103613184870941,-0.264157579023249,0.194735985316882,-0.0347107968531834,-0.254040062514072,0.0658610378583293,-0.0940895123278714,-0.296226409527379,0.104705429872257,-0.095760489827561,-0.117370161008869,0.284673967026225,0.0836519030086779,-0.297903286797376,0.118489964799656,-0.0897066609988598,-0.425626450862752,-0.0786092063965471,-0.25211782862965,202.199743641026
154,9.55764598769682,21.2423540123032,15.4,-0.246734048050112,0.0927896714750523,-0.07697218828753,-0.374874525916632,0.0667103829146677,-0.154082071500982,-0.222964450541876,0.119486748230268,-0.0517388511558038,-0.285143633620928,-0.0340308347639524,-0.15958723419244,-0.138738827003218,0.278110476038257,0.0696858245175196,-0.263275702633645,0.178442526424603,-0.0424165881045212,-0.438398563232734,-0.0560639518040836,-0.247231257518409,202.316153923077
155,8.98996251554149,20.5792682536893,14.7846153846154,-0.220415223247921,0.156162873806436,-0.0321261747207424,-0.424290427351809,-0.0162575014751922,-0.220273964413501,-0.222935581349459,0.13917646845075,-0.0418795564493545,-0.263099741307173,-0.0152768977073315,-0.139188319507252,-0.145191329564941,0.269993162744803,0.0624009165899307,-0.269609126142377,0.163929130111242,-0.0528399980155676,-0.418152817669703,-0.0481492222031442,-0.233151019936424,202.41641025641
156,9.02216468850852,20.516296849953,14.7692307692308,-0.21162722012051,0.12528631187069,-0.0431704541249098,-0.413052383413352,-0.0174616478712088,-0.21525701564228,-0.25372176088306,0.10063058228154,-0.07654558930076,-0.216283826600627,0.146230071584879,-0.0350268775078741,-0.125231191983515,0.293447282241862,0.0841080451291735,-0.28821706189892,0.120551838138158,-0.0838326118803811,-0.391802731670783,-0.0560622577057989,-0.223932494688291,202.5
157,9.13151283998298,20.5505384420683,14.8410256410256,-0.226757276174003,0.152563170547934,-0.0370970528130344,-0.380177447503255,0.0589338175043576,-0.160621814999449,-0.301620987354122,0.0346358428149735,-0.133492572269574,-0.146312780531404,0.333734088103872,0.0937106537862337,-0.1012364211235,0.313615233224956,0.106189406050728,-0.31333065970021,0.0799219722342172,-0.116704343732996,-0.419184031902536,-0.0896516572159694,-0.254417844559253,202.58358974359
158,8.67025543843439,19.114359946181,13.8923076923077,-0.270376692998245,0.1685447702363,-0.0509159613809723,-0.32504234648339,0.158994308535409,-0.0830240189739904,-0.363308488202408,-0.0581181432684943,-0.210713315735451,-0.129525036999123,0.343963092993344,0.10721902799711,-0.0856370691522633,0.327504519957891,0.120933725402814,-0.345611445413262,0.012155660650129,-0.166727892381567,-0.439024662852418,-0.0570739234285834,-0.248049293140501,202.700000089744
159,7.61807403843845,18.0639772436128,12.8410256410256,-0.24561467856839,0.212609237457867,-0.0165027205552613,-0.321549203336095,0.08803101997839,-0.116759091678853,-0.381731138236619,-0.0743336280106229,-0.228032383123621,-0.200230148627395,0.111181165548933,-0.0445244915392311,-0.054771986847904,0.37344278782584,0.159335400488968,-0.319908343281696,0.0108071559911221,-0.154550593645287,-0.457958760974435,-0.0335734589338703,-0.245766109954153,202.816410307692
160,7.42053505955241,18.0051059660886,12.7128205128205,-0.20581587042977,0.221322841650098,0.00775348561016359,-0.265535029914214,0.141146737877537,-0.0621941460183386,-0.309385225042969,0.0254763337884011,-0.141954445627284,-0.26414620391128,-0.0159566051901269,-0.140051404550704,-0.103312449330328,0.325898426467529,0.111292988568601,-0.344421897853952,-0.0367931846192534,-0.190607541236603,-0.487592946659045,-0.0653436717183877,-0.276468309188717,202.916410358974
161,7.15754449573427,17.8578401196503,12.5076923076923,-0.210955546268044,0.17611885940243,-0.0174183434328073,-0.239332775337566,0.13926005979868,-0.050036357769443,-0.283666624152732,0.0829679550551517,-0.10034933454879,-0.303679552541365,0.00216388691176569,-0.150757832814799,-0.110771893602974,0.31922558882779,0.104226847612408,-0.369267532014596,-0.036439741678161,-0.202853636846379,-0.499194796388227,-0.0898509609521035,-0.294522878670165,203.000000153846
162,6.78512798957753,17.502051497602,12.1435897435897,-0.255739169790731,0.0948016723251748,-0.080468748732778,-0.219669964412023,0.151749643407702,-0.0339601605021609,-0.268790764981506,0.126698988363202,-0.0710458883091516,-0.332299471144599,0.141920404610267,-0.0951895332671661,-0.109889742362093,0.311686242063669,0.100898249850788,-0.375144071476049,-0.0158071949219235,-0.195475633198986,-0.475100281295885,-0.0583302190529069,-0.266715250174396,203.083589846154
163,6.602065040651,17.2517811131952,11.9269230769231,-0.297039327574803,0.298194837214514,0.000577754819855352,-0.191255480662957,0.18937292043902,-0.00094128011196855,-0.294647312308364,0.139573925931162,-0.0775366931886013,-0.345833802015186,0.204222137947241,-0.0708058320339725,-0.136460501301689,0.291013470055677,0.0772764843769942,-0.373593204032649,-0.00140800699791714,-0.187500605515283,-0.465983685594303,-0.0398406747063767,-0.25291218015034,203.200000051282
164,6.18292459967132,16.6786138618671,11.4307692307692,-0.294048241161829,0.380475180138981,0.043213469488576,-0.20794108488594,0.216374998236659,0.0042169566753595,-0.294852163208754,0.181758207672711,-0.0565469777680219,-0.329754620674851,0.0967700942750734,-0.116492263199889,-0.219825083914693,0.218446869847349,-0.000689107033671676,-0.361239790942845,0.0194427302104404,-0.170898530366202,-0.486077007302068,-0.0545312038945556,-0.270304105598312,203.316410461538
165,5.53363292071084,15.7330337459558,10.6333333333333,-0.249695506906632,0.223704075486052,-0.0129957157102901,-0.185000174179039,0.287632042053582,0.0513159339372716,-0.31962712499728,0.186121912913122,-0.066752606042079,-0.301846417000705,-0.0518687302521862,-0.176857573626446,-0.260653684011915,0.250750178100836,-0.00495175295553921,-0.412064095171243,-0.0265567823863558,-0.219310438778799,-0.481975594355532,-0.0551085284687326,-0.268542061412132,203.416154051282
166,4.70579809603303,14.6685608783259,9.68717948717949,-0.305445639024983,0.175134267621404,-0.065155685701789,-0.192113779061192,0.293918751432943,0.0509024861858754,-0.346243666966052,0.192159355663658,-0.077042155651197,-0.317006551446409,-0.0933187936154478,-0.205162672530929,-0.249369129255818,0.303558631356903,0.0270947510505423,-0.409593436940619,-0.02968039009835,-0.219636913519485,-0.455395584159703,-0.0334552693711711,-0.244425426765437,203.49974374359
167,4.05990470716745,13.9400952928326,9,-0.326895614357009,0.156355192860104,-0.0852702107484522,-0.16323974438206,0.298519503902667,0.0676398797603036,-0.362927574499617,0.180319732562711,-0.0913039209684531,-0.315224023884528,-0.105944172243747,-0.210584098064137,-0.232492762126555,0.316948013126839,0.0422276255001418,-0.395016574033047,0.0160678545665972,-0.189474359733225,-0.408600968068394,0.0199977540840454,-0.194301606992174,203.583589794872
168,3.65333951068109,13.4928143354728,8.57307692307692,-0.363554640194336,0.106607536058614,-0.128473552067861,-0.157706404611439,0.263502324605818,0.0528979599971895,-0.334312684238669,0.199213380723415,-0.0675496517576266,-0.320365180387425,-0.0642911534111292,-0.192328166899277,-0.219080947790382,0.26360518893085,0.0222621205702339,-0.359456819957546,0.141546856033441,-0.108954981962053,-0.370409891199031,0.0603845382158707,-0.15501267649158,203.700000128205
169,3.5495709163641,13.3119675451744,8.43076923076923,-0.384504491347731,0.0319212524891386,-0.176291619429296,-0.151238928043334,0.261978454092778,0.055369763024722,-0.307352207215424,0.251272436225092,-0.0280398854951656,-0.297001384857859,0.0476940582800242,-0.124653663288918,-0.24284591945558,0.216767127004008,-0.0130393962257859,-0.353801084704317,0.156481898020116,-0.0986595933421002,-0.370303280363684,0.0592056809715513,-0.155548799696066,203.816410307692
170,3.54692771463391,13.2838415161353,8.41538461538462,-0.348482762562008,0.0363603618608157,-0.156061200350596,-0.15820426115605,0.333419596614523,0.0876076677292366,-0.247176915657782,0.332045246152435,0.0424341652473264,-0.277941694770461,0.142436967876922,-0.0677523634467699,-0.245234465345444,0.224508356979249,-0.0103630541830977,-0.387265289865759,0.0618121425268676,-0.162726573669446,-0.407994785889324,0.0209043264763439,-0.19354522970649,203.91641025641
171,3.6062026611221,13.3322588773394,8.46923076923077,-0.316142903933849,0.100285148712533,-0.107928877610658,-0.195638931100079,0.364152145272693,0.084256607086307,-0.201830378790409,0.328949870927626,0.0635597460686088,-0.257907804719974,0.163577896881007,-0.0471649539194832,-0.271124891879024,0.23013354496577,-0.0204956734566272,-0.419260082119676,-0.0305407030080184,-0.224900392563847,-0.415363027825015,0.02577678946246,-0.194793119181278,204
172,3.55856192353791,13.2619508969749,8.41025641025641,-0.230207199112784,0.211778929779119,-0.00921413466683248,-0.244582279297388,0.318742905815426,0.0370803132590186,-0.178647075530893,0.291648258574367,0.0565005915217372,-0.250656306787532,0.168693125603456,-0.0409815905920379,-0.279960281200382,0.22104061905772,-0.0294598310713314,-0.454657033821066,-0.0618740677093758,-0.258265550765221,-0.384508131576263,0.0821710601895111,-0.151168535693376,204.083589794872
173,3.36288684593512,12.9448054617572,8.15384615384615,-0.21484894846848,0.239587534837584,0.0123692931845519,-0.256431643027402,0.216461200225586,-0.0199852214009081,-0.206101234817796,0.242009781436494,0.0179542733093491,-0.196484984878431,0.200446599128168,0.00198080712486828,-0.243816890425228,0.220736624615598,-0.0115401329048149,-0.448847784344032,-0.0841616045320022,-0.266504694438017,-0.354494759194216,0.142728341504559,-0.105883208844829,204.200000051282
174,3.00439733651372,12.4417565096401,7.72307692307692,-0.239871099585804,0.21006117778505,-0.0149049609003766,-0.261973413427279,0.230149374802026,-0.0159120193126264,-0.229588976448987,0.25689157226163,0.0136512979063218,-0.205508134550333,0.289081814456867,0.041786839953267,-0.172600503502988,0.245279558382317,0.0363395274396647,-0.464145074586548,-0.106859087879761,-0.285502081233154,-0.373995700420811,0.110115398350734,-0.131940151035038,204.316410205128
175,2.77461325333927,12.1176944389684,7.44615384615385,-0.259836266046857,0.181374400060312,-0.0392309329932725,-0.275941291462532,0.236475836840854,-0.0197327273108392,-0.189360606014554,0.331568592213647,0.0711039930995466,-0.205660080882779,0.297562927604493,0.0459514233608569,-0.159258809768874,0.24718647481691,0.043963832524018,-0.481046190673098,-0.132400610689053,-0.306723400681075,-0.403283580685402,0.0615699650764873,-0.170856807804457,204.41641025641
176,2.61304577090438,11.9254157675572,7.26923076923077,-0.279946695048294,0.139229979303437,-0.0703583578724286,-0.286002931993487,0.214458051937213,-0.0357724400281366,-0.162654284898235,0.370904424231204,0.104125069666485,-0.205160617708242,0.178071895152688,-0.0135443612777773,-0.184293604138999,0.230205000346503,0.022955698103752,-0.493449685496176,-0.14537792789286,-0.319413806694518,-0.409665385360938,0.0395743095225126,-0.185045537919212,204.500000153846
177,2.59508315276436,11.7946604369792,7.1948717948718,-0.257625661788681,0.139233576539322,-0.0591960426246792,-0.255518361662699,0.196087483927273,-0.0297154388677127,-0.16007423938167,0.411654929344007,0.125790344981169,-0.20668775537649,0.28901048270127,0.0411613636623904,-0.24239206088245,0.187125217989559,-0.0276334214464454,-0.485334678838394,-0.124749179385726,-0.30504192911206,-0.407149001711616,0.0347931874959019,-0.186177907107857,204.58358974359
178,2.46031332166489,11.362763601412,6.91153846153846,-0.26953359957768,0.159470662733953,-0.0550314684218633,-0.203334753786013,0.28003760628921,0.0383514262515985,-0.184921394078503,0.393394263010398,0.104236434465947,-0.226394619742357,0.313085149582001,0.0433452649198221,-0.277638885593722,0.160097669190439,-0.0587706082016415,-0.46459481722187,-0.0971461879945858,-0.280870502608228,-0.439611187934601,-0.00636099560358793,-0.222986091769094,204.700000051282
179,2.07913282193544,10.7618928190902,6.42051282051282,-0.295504038890338,0.189421553084343,-0.0530412429029977,-0.11609242292574,0.444261343480421,0.16408446027734,-0.212944030186441,0.341306974976264,0.0641814723949114,-0.238553583937688,0.220705655757025,-0.00892396409033134,-0.246679626069268,0.192937813325658,-0.026870906371805,-0.490349270462885,-0.12089229122186,-0.305620780842373,-0.51567757277982,-0.0554635454470308,-0.285570559113426,204.816410205128
180,1.99104177299001,10.6038300218818,6.2974358974359,-0.302781648716114,0.172524593413951,-0.0651285276510814,-0.110697247117691,0.457404211754748,0.173353482318529,-0.216259499487595,0.269192038495422,0.0264662695039136,-0.275460584369608,0.146055432990017,-0.0647025756897954,-0.252497835112897,0.214209119805292,-0.0191443576538028,-0.49803551257605,-0.138068581207611,-0.31805204689183,-0.540083863209611,-0.0804548323223413,-0.310269347765976,204.916154051282
181,1.85385379503029,10.3615308203543,6.10769230769231,-0.329622057228997,0.0985826237082714,-0.115519716760363,-0.13005802916536,0.403912926250352,0.136927448542496,-0.201294549039467,0.264498127321149,0.0316017891408413,-0.295763324419264,0.234929905101788,-0.0304167096587381,-0.273326802933413,0.246360827239633,-0.0134829878468901,-0.488455733546267,-0.126560994036179,-0.307508363791223,-0.473957599442459,-0.0287285232326159,-0.251343061337537,204.99974374359
182,1.6936018236597,10.1422956122377,5.91794871794872,-0.327424638892548,0.183276125283819,-0.0720742568043641,-0.171894288628881,0.293847618825681,0.0609766650983997,-0.150392980165638,0.328083202042078,0.0888451109382199,-0.26843408496498,0.236192828290449,-0.0161206283372657,-0.310433080391154,0.21011175795034,-0.050160661220407,-0.428247914152671,-0.0538574863984039,-0.241052700275537,-0.427461570057867,0.0126376854943259,-0.20741194228177,205.083589794872
183,1.47434085945014,9.34104375593448,5.40769230769231,-0.384365341665715,0.121995382762937,-0.131184979451389,-0.245168298674961,0.191184968366071,-0.0269916651544452,-0.0695376898245388,0.429543119117048,0.180002714646254,-0.238149669904333,0.200463455353945,-0.0188431072751944,-0.344893394228803,0.186717856556079,-0.079087768836362,-0.321988151766673,0.0789856979791199,-0.121501226893776,-0.393138740523987,0.0557135261803824,-0.168712607171802,205.200000089744
184,1.3820687314496,7.88972614034527,4.63589743589744,-0.33141327988765,0.119989137338299,-0.105712071274675,-0.305891324446139,0.137603125529987,-0.0841440994580758,0.0229953889974695,0.524187118850532,0.273591253924001,-0.218453187648957,0.131982441830617,-0.0432353729091698,-0.368044037653966,0.14322367303757,-0.112410182308198,-0.235156291881924,0.189331138972662,-0.0229125764546314,-0.394600216264928,0.081706644974953,-0.156446785644988,205.316410461538
185,1.27080309924021,6.97535074691364,4.12307692307692,-0.356832816092786,0.0548490515566446,-0.150991882268071,-0.327485755319203,0.155419472502579,-0.0860331414083124,0.155909733803936,0.705241712882874,0.430575723343405,-0.1941169861698,0.237121279494509,0.0215021466623547,-0.348350309775602,0.161259492930586,-0.0935454084225081,-0.228961235803764,0.253537134613392,0.0122879494048139,-0.357188388292979,0.130392270809749,-0.113398058741615,205.416153948718
186,1.09461313964355,6.3515407065103,3.72307692307692,-0.340449293520172,0.0519987839844156,-0.144225254767878,-0.329758055053427,0.204645400586494,-0.0625563272334665,0.269472741229961,0.853792137505531,0.561632439367746,-0.161365966715519,0.341305578737778,0.0899698060111296,-0.365175714648811,0.19435029587012,-0.0854127093893453,-0.233235943325417,0.279734222094168,0.0232491393843756,-0.295936479066991,0.189530305321989,-0.0532030868725014,205.499743641026
187,0.753706540992354,5.76937038208457,3.26153846153846,-0.377371130208133,-0.0299493564814475,-0.20366024334479,-0.312976340465508,0.235537439921937,-0.0387194502717852,0.33885687823157,0.94613821652456,0.642497547378065,-0.20862969500658,0.600125545809199,0.19574792540131,-0.429253637082996,0.107074846614916,-0.16108939523404,-0.220807152788156,0.304573269077834,0.0418830581448388,-0.251010107260685,0.226702883532702,-0.0121536118639918,205.58358974359
188,0.545715112817895,5.46966950256672,3.00769230769231,-0.350029687326755,-0.0126015435173359,-0.181315615422045,-0.307948227323484,0.188784751613154,-0.059581737855165,0.354127490068615,0.999020016757307,0.676573753412961,-0.192416404078337,0.223950825578032,0.0157672107498478,-0.519241455552123,-0.0286109819561022,-0.273926218754113,-0.197226802526603,0.290083818897612,0.0464285081855042,-0.239348447868077,0.256782367429591,0.00871695978075698,205.700000051282
189,0.498173875195099,5.35823638121516,2.92820512820513,-0.323521254911485,0.0749864862669887,-0.124267384322248,-0.359741928005904,0.179239253515939,-0.0902513372449824,0.345598272961697,1.04844718633836,0.697022729650029,-0.191297415426295,0.257393298050794,0.0330479413122497,-0.617378575049827,-0.159045698612556,-0.388212136831192,-0.162419829401222,0.341775789252299,0.0896779799255382,-0.286505946489765,0.231086586936029,-0.0277096797768683,205.816410205128
190,0.355327557179836,5.10108269923042,2.72820512820513,-0.287481652955438,0.156551877653024,-0.0654648876512073,-0.356678024968972,0.220326359813775,-0.0681758325775985,0.357369536161298,1.0517914330864,0.704580484623849,-0.171650498676918,0.290224979013572,0.0592872401683271,-0.628053231776568,-0.159379307158022,-0.393716269467295,-0.149625155690754,0.385809124241251,0.118091984275248,-0.307743995033941,0.229984059485365,-0.0388799677742881,205.91641025641
191,0.335465624307339,4.87991899107728,2.60769230769231,-0.244127135357758,0.204653263136171,-0.0197369361107935,-0.345568417260347,0.268098075922997,-0.038735170668675,0.371708170524771,1.04640766012763,0.7090579153262,-0.137984496107705,0.350920954032878,0.106468228962587,-0.617744730700565,-0.152523406893066,-0.385134068796816,-0.134876633926063,0.402903797787857,0.134013581930897,-0.318177790690049,0.227037961534996,-0.0455699145775264,206
192,0.31181376233185,4.55998110946302,2.43589743589744,-0.211422847582425,0.278249316706388,0.0334132345619816,-0.352006643375263,0.297900570787263,-0.027053036294,0.313660340781717,0.933590791375779,0.623625566078748,-0.114894158178507,0.399693869664802,0.142399855743148,-0.604612867533265,-0.145064051167234,-0.37483845935025,-0.0777046750119002,0.452166900513334,0.187231112750717,-0.267730162272542,0.306170275229768,0.0192200564786131,206.083589794872
193,0.298900298399821,4.19340739390787,2.24615384615385,-0.143927284442616,0.361199627313965,0.108636171435675,-0.360951228048003,0.343562746425237,-0.00869424081138332,0.258351690915312,0.884514237964593,0.571432964439952,-0.0513240878477507,0.504061893789259,0.226368902970754,-0.665401178509813,-0.218922460642104,-0.442161819575959,-0.0645706621797361,0.474490306337653,0.204959822078959,-0.162239817099961,0.430264623100256,0.134012403000147,206.200000128205
194,0.254802553401058,3.81699231839381,2.03589743589744,-0.128838097699822,0.370573985553573,0.120867943926875,-0.398543050846847,0.294548196360954,-0.0519974272429461,0.231408286358932,0.918746063375116,0.575077174867024,-0.117153378933152,0.553674312676177,0.218260466871512,-0.721548092102868,-0.298671547978034,-0.510109820040451,-0.0909798900528602,0.462298384168424,0.185659247057782,-0.0292075098536768,0.551323013344412,0.261057751745368,206.316422820513
195,0.170987630586318,3.61362775402907,1.89230769230769,-0.0844894164276293,0.466497957464067,0.191004270518219,-0.375711060259527,0.248397910811069,-0.0636565747242293,0.205748999202186,0.884332219560578,0.545040609381382,-0.180515900158857,0.524071950727562,0.171778025284353,-0.753140295551887,-0.348461563231338,-0.550800929391613,-0.117601046233225,0.424324528392604,0.153361741079689,0.00609719126449179,0.563345730098592,0.284721460681542,206.416025589744
196,0.148847218034495,3.46653739735012,1.80769230769231,-0.0784105796041724,0.508103428707507,0.214846424551667,-0.351167078217453,0.23851533189608,-0.0563258731606866,0.15648666026223,0.832766855885472,0.494626758073851,-0.22156056868972,0.492773126753969,0.135606279032124,-0.717711041646454,-0.303632845383631,-0.510671943515043,-0.131609372659815,0.413188107438876,0.140789367389531,0.025369767277601,0.573225556726357,0.299297662001979,206.499743641026
197,0.195458367379694,3.03531086338954,1.61538461538462,-0.0699687819731926,0.485261147455166,0.207646182740987,-0.31373809541524,0.28038771846278,-0.0166751884762301,0.0463346662836457,0.679826904779617,0.363080785531631,-0.201879606897812,0.295730829003221,0.0469256110527045,-0.737201501854006,-0.318549392389373,-0.52787544712169,-0.123428299178146,0.404309575575801,0.140440638198827,-0.0419864245995212,0.512690301630843,0.235351938515661,206.583846205128
198,0.210455418464589,1.96646765845849,1.08846153846154,-0.193520688465509,0.311823252110086,0.0591512818222884,-0.229863385136005,0.390033132082221,0.0800848734731079,0.00987441863011899,0.613636595633309,0.311755507131714,-0.152161267966255,0.272072871325262,0.0599558016795036,-0.742459428067209,-0.268898452051445,-0.505678940059327,-0.130341897233676,0.413153723514512,0.141405913140418,-0.132367788130373,0.389956484963668,0.128794348416648,206.700000371795
199,0.146401590389133,1.57667533268779,0.861538461538462,-0.194419041378433,0.247063890824272,0.0263224247229196,-0.214174632078184,0.377605758417569,0.0817155631696928,-0.0388224399710479,0.548198908321555,0.254688234175253,-0.173932832511555,0.232716207553083,0.0293916875207641,-0.693262878063809,-0.168103609231889,-0.430683243647849,-0.180565059011604,0.380586804985525,0.10001087298696,-0.220149559848933,0.293173150849146,0.0365117955001061,206.816153794872
200,0.0550206408674032,1.3449793591326,0.7,-0.18154772299998,0.230094546476591,0.0242734117383053,-0.229681201696549,0.36745431074011,0.0688865545217805,-0.0930012318983425,0.466407506562798,0.186703137332228,-0.192551462419631,0.194397946490593,0.000923242035481024,-0.553452264503574,0.0272995085640874,-0.263076377969743,-0.229728001478248,0.295284725432051,0.0327783619769014,-0.27837991921459,0.242292801396441,-0.0180435589090749,206.915641128205
201,0.0108254736739049,1.17378991094148,0.592307692307692,-0.148888125248047,0.30441566373524,0.0777637692435967,-0.282943792854412,0.317901231906138,0.0174787195258628,-0.122319372996093,0.411256286855015,0.144468456929461,-0.231352172406735,0.227326596355571,-0.00201278802558184,-0.450282184173185,0.180532495272681,-0.134874844450252,-0.281084163674551,0.217485024937356,-0.0317995693685978,-0.287762043355468,0.239342018721393,-0.0242100123170379,206.999487282051
202,-0.139839725770401,0.785673059103734,0.322916666666667,-0.0709699924767272,0.494208156186606,0.211619081854939,-0.313570661725242,0.283726645237431,-0.0149220082439058,-0.112687402521263,0.401660039676955,0.144486318577846,-0.206114784787951,0.480523026351922,0.137204120781985,-0.365264172747703,0.271782841256621,-0.0467406657455414,-0.288893516838772,0.166572313493725,-0.0611606016725234,-0.344264785976454,0.171003763566349,-0.0866305112050522,207.083854322917
203,-0.146246313084513,0.755621313084513,0.3046875,0.0600001531941688,0.726679504585358,0.393339828889763,-0.34296511101755,0.179819984039798,-0.0815725634888759,-0.0833774740551893,0.602330076659422,0.259476301302116,-0.125607506741188,0.728844957980332,0.301618725619572,-0.322703692682003,0.246508294333162,-0.0380976991744203,-0.27217732675154,0.203914672305856,-0.034131327222842,-0.346652677658138,0.13938991682586,-0.103631380416139,207.200000104167
204,-0.11177070628131,0.773309167819771,0.330769230769231,0.059007928191101,0.724948650899385,0.391978289545243,-0.280044680780183,0.260998279676879,-0.00952320055165226,-0.14573929923456,0.504912745692684,0.179586723229062,-0.149225589399218,0.733826954571506,0.292300682586144,-0.304189696212043,0.2349758274504,-0.0346069343808212,-0.302639673639634,0.184054087169056,-0.0592927932352889,-0.357731015043962,0.116260792036906,-0.120735111503528,207.316008910256
205,-0.145116585910502,0.729731970525887,0.292307692307692,-0.0324748306619831,0.577949331140458,0.272737250239238,-0.268359303905012,0.306573134412591,0.0191069152537895,-0.136309141835922,0.498155637790195,0.180923247977137,-0.193353523253002,0.486626252096679,0.146636364421839,-0.319084960400125,0.254810464451711,-0.0321372479742071,-0.303391937299594,0.225793329007273,-0.0387993041461603,-0.293438640436624,0.188520733000867,-0.0524589537178783,207.416153948718
206,-0.138923207557345,0.708153976788114,0.284615384615385,-0.027886169641659,0.490671995829332,0.231392913093836,-0.233050210977097,0.318855665137726,0.0429027270803145,-0.110212484605805,0.507275637839667,0.198531576616931,-0.245842361066165,0.2983644300006,0.0262610344672175,-0.296266255124119,0.302259260809056,0.00299650284246856,-0.337968687367197,0.208378734558401,-0.0647949764043985,-0.228491775373531,0.26671770830682,0.0191129664666447,207.5
207,-0.132835605249515,0.686681759095669,0.276923076923077,-0.00141966432632303,0.420532873868338,0.209556604771008,-0.177714953691882,0.342126536960353,0.0822057916342356,-0.10901327505839,0.454569717965514,0.172778221453562,-0.272775057849798,0.217306985124671,-0.0277340363625635,-0.273927937527572,0.296370176168506,0.0112211193204667,-0.35290368548356,0.149326357252252,-0.101788664115654,-0.185924232523829,0.312728629216705,0.0634021983464382,207.583846205128
208,-0.132835605249515,0.686681759095669,0.276923076923077,-0.0817718558323931,0.309251756458173,0.11373995031289,-0.125602879509816,0.393905897605837,0.13415150904801,-0.197541726669773,0.38271918138427,0.0925887273572486,-0.28034434745043,0.156050385270057,-0.0621469810901861,-0.24082200341569,0.288475490738375,0.0238267436613424,-0.356456269609364,0.109114983551867,-0.123670643028748,-0.118729410980989,0.364686361196676,0.122978475107844,207.700000141026
209,-0.140976420718411,0.715335395077385,0.287179487179487,-0.260543451904059,0.255596612241732,-0.00247341983116349,-0.201169791885297,0.331859637857648,0.0653449229861755,-0.215993676413683,0.404861381688076,0.0944338526371968,-0.346047900863829,0.061941136445576,-0.142053382209127,-0.165439606260065,0.372578191471355,0.103569292605645,-0.317898117165661,0.146620022848674,-0.0856390471584935,-0.0224484013050323,0.462285701654573,0.219918650174771,207.81615374359
210,-0.140976420718411,0.715335395077385,0.287179487179487,-0.297410513349097,0.262314582080518,-0.0175479656342895,-0.217400782793763,0.353490619485685,0.0680449183459609,-0.178549013051216,0.403442534119878,0.112446760534331,-0.354348808306044,0.102484371179846,-0.125932218563099,-0.160052502958181,0.395403559485944,0.117675528263882,-0.306988024102682,0.17722730469708,-0.064880359702801,0.0940626984059743,0.577384682650359,0.335723690528167,207.915384820513
211,-0.133602239904505,0.677191983494248,0.271794871794872,-0.329260855937273,0.199633472975162,-0.0648136914810553,-0.241216654174625,0.352633228029449,0.055708286927412,-0.168530515940675,0.363103763900103,0.0972866239797137,-0.336337089143079,0.203890299057633,-0.0662233950427227,-0.205234259849549,0.336764662864012,0.0657652015072315,-0.278772746724766,0.230298796594697,-0.0242369750650344,0.0934939565076336,0.616074249236925,0.354784102872279,207.999231025641
212,-0.134583092527171,0.667916425860504,0.266666666666667,-0.309619649312101,0.293735523120763,-0.00794206309566883,-0.23980761155507,0.358812919812827,0.0595026541288782,-0.208768697572319,0.284478959919531,0.0378551311736064,-0.315579052453402,0.250321158469257,-0.0326289469920724,-0.277923598106194,0.257171702483277,-0.0103759478114584,-0.245812601453558,0.310066052154287,0.0321267253503643,0.0479970754461925,0.631055712997859,0.339526394222026,208.083846153846
213,-0.122110503223462,0.683648964761923,0.280769230769231,-0.363214325468368,0.29662774297509,-0.0332932912466392,-0.249629296187264,0.29942642874649,0.024898566279613,-0.201407592573436,0.286814597648718,0.042703502537641,-0.337945031551812,0.110390044395476,-0.113777493578168,-0.413138109830126,0.075327259613973,-0.168905425108076,-0.242471177606884,0.381677008337573,0.0696029153653445,-0.0464789556807747,0.539075255100178,0.246298149709701,208.200000102564
214,-0.0874029851701583,0.995095292862466,0.453846153846154,-0.399460312468245,0.261887180537178,-0.0687865659655333,-0.263932941761773,0.226769402435917,-0.0185817696629282,-0.178053091426072,0.329420791282557,0.0756838499282427,-0.358583273082227,-0.0613389119047724,-0.2099610924935,-0.468714059817813,0.0415759096794793,-0.213569075069167,-0.246609501371095,0.41930418250561,0.0863473405672577,-0.0189198489685205,0.557123667805403,0.269101909418441,208.308073974359
215,-0.257869785057818,1.65274157992961,0.697435897435897,-0.428274422285012,0.0387588429740946,-0.194757789655459,-0.287389310379267,0.160692102822825,-0.0633486037782214,-0.142621422711303,0.387592694393144,0.12248563584092,-0.38689547331426,-0.141349799060456,-0.264122636187358,-0.520970762731844,-0.0193811445063268,-0.270175953619086,-0.251930469914273,0.391076080251682,0.0695728051687041,0.0371680015419036,0.578222435021044,0.307695218281474,208.400000102564
216,-0.289676127643437,1.74608638405369,0.728205128205128,-0.305093904572731,0.168179284933829,-0.068457309819451,-0.318734677433297,0.0895544730631879,-0.114590102185054,-0.155456775867647,0.378779612048164,0.111661418090259,-0.378182089297843,-0.150630158797931,-0.264406124047887,-0.511894847551293,0.00949767623401676,-0.251198585658638,-0.225638564092598,0.382144220037328,0.0782528279723649,0.106488544904147,0.615625074869589,0.361056809886868,208.500000051282
217,-0.265292113887356,1.64990749850274,0.692307692307692,-0.182575153982251,0.398422408668605,0.107923627343177,-0.350228238890573,0.0718823923397334,-0.13917292327542,-0.196057117921153,0.351108629339238,0.0775257557090425,-0.355312240753351,-0.122448983599078,-0.238880612176215,-0.470325175703613,0.0677420378795355,-0.201291568912039,-0.226521912767534,0.366921658833819,0.0701998730331422,0.126728965720123,0.583177840275158,0.354953402997641,208.6
218,-0.122881243553111,1.13826585893773,0.507692307692308,-0.127785959521837,0.490388448106732,0.181301244292448,-0.289537309423822,0.248629755214802,-0.0204537771045102,-0.266963524083132,0.253693373641967,-0.00663507522058269,-0.342788533327417,0.0855547362413501,-0.128616898543033,-0.417115468185303,0.116853234841767,-0.150131116671768,-0.212648704781313,0.380527657128946,0.0839394761738167,0.102723452010074,0.540427118407128,0.321575285208601,208.700003435897
219,-0.11962764251549,0.642704565592413,0.261538461538462,-0.197433865309959,0.369877053034116,0.0862215938620786,-0.250768167280579,0.416480928906232,0.0828563808128266,-0.276229692635983,0.2490255906945,-0.0136020509707412,-0.383614719727452,0.188785486165244,-0.0974146167811039,-0.371647275669184,0.160561897259218,-0.105542689204983,-0.201059817146841,0.361780033777565,0.080360108315362,0.0569204484717966,0.514970278218555,0.285945363345176,208.799996717949
220,-0.16371350097936,0.512431449697309,0.174358974358974,-0.289593731183206,0.28011122957087,-0.00474125080616793,-0.201024703655145,0.537811023638259,0.168393159991557,-0.289187470879142,0.283127935101131,-0.00302976788900532,-0.343787972885229,0.281866533899641,-0.0309607194927941,-0.406430949571821,0.110190264645308,-0.148120342463256,-0.216163128419758,0.320376472412565,0.0521066719964034,-0.0216035898084635,0.464055659770278,0.221226034980907,208.9
221,-0.179079681544201,0.53805404051856,0.17948717948718,-0.317606340661055,0.200253882896495,-0.0586762288822799,-0.261941854964908,0.373957389565125,0.056007767300109,-0.259353706737502,0.381578376841471,0.0611123350519846,-0.275214686877053,0.233534283613218,-0.0208402016319173,-0.449872261418664,0.121205793164564,-0.16433323412705,-0.170922966519884,0.350018300788294,0.0895476671342052,-0.0120209624626699,0.479704988315113,0.233842012926222,209.000000051282
222,-0.179079681544201,0.53805404051856,0.17948717948718,-0.337611683043505,0.437953971058419,0.050171144007457,-0.304164913200789,0.269856479463953,-0.0171542168684177,-0.171912738705349,0.407814451020373,0.117950856157512,-0.22204921308188,0.610023476988836,0.193987131953478,-0.507379038931625,0.0531240678909834,-0.227127485520321,-0.16047523891193,0.347800066279455,0.0936624136837625,0.0442563734280277,0.518956178084945,0.281606275756486,209.100000205128
223,-0.184196243874036,0.553427013104805,0.184615384615385,-0.324469966289741,0.182248666051479,-0.071110650119131,-0.328415801767722,0.197339176332177,-0.0655383127177723,-0.136489602069611,0.415889055546313,0.139699726738351,-0.20794830167734,0.648386085870906,0.220218892096783,-0.438815080705748,0.166586422761747,-0.136114328972,-0.220167108698208,0.291256345957218,0.0355446186295048,0.0881428646196807,0.576518402740723,0.332330633680202,209.200088871795
224,-0.184196243874036,0.553427013104805,0.184615384615385,-0.310508384719421,0.0721091119451342,-0.119199636387143,-0.296010126046984,0.210183798557931,-0.0429131637445266,-0.195131399327178,0.36083106189413,0.0828498312834759,-0.165439582597774,0.56553402916123,0.200047223281728,-0.403187574696014,0.187813598096876,-0.107686988299569,-0.253454623491653,0.244980354690832,-0.00423713440041038,0.0725836213831487,0.613092056118731,0.34283783875094,209.300253282051
225,-0.173963119214367,0.522681067932316,0.174358974358974,-0.351326045966991,0.0626569215589327,-0.144334562204029,-0.303776997324351,0.167469909931337,-0.0681535436965068,-0.228463994021887,0.294567092508699,0.0330515492434061,-0.202829068167068,0.383491220409779,0.0903310761213555,-0.389849191283462,0.217722706509139,-0.0860632423871616,-0.217891707264963,0.294240479498268,0.0381743861166528,0.123103507627441,0.664001172480228,0.393552340053834,209.400256512821
226,-0.168846556884533,0.507308095346071,0.169230769230769,-0.32922436560075,0.0892490758325551,-0.119987644884097,-0.348116749182481,0.100286158407429,-0.123915295387526,-0.214722141356446,0.28225809234682,0.0337679754951873,-0.206438502507196,0.438043788531071,0.115802643011937,-0.379966418543699,0.231564525629564,-0.0742009464570674,-0.153836117082585,0.385538749578543,0.115851316247979,0.203984144816601,0.746717456869101,0.475350800842851,209.500000051282
227,-0.168846556884533,0.507308095346071,0.169230769230769,-0.257870531448407,0.202690923803041,-0.0275898038226826,-0.383358440893818,0.0199469521444791,-0.181705744374669,-0.196377992039914,0.313169682887395,0.0583958454237404,-0.154300579936726,0.428860286438251,0.137279853250762,-0.387460419468142,0.193370021993143,-0.0970451987374997,-0.129911165145447,0.421461602887721,0.145775218871137,0.252672541921633,0.795455820954683,0.524064181438158,209.599743589744
228,-0.168846556884533,0.507308095346071,0.169230769230769,-0.242320693639058,0.430648842435931,0.0941640743984366,-0.392166947596281,0.00886326189286811,-0.191651842851707,-0.219462586781165,0.313114719125568,0.0468260661722015,-0.128966596634831,0.412903618882782,0.141968511123976,-0.351607442129144,0.220554458895683,-0.0655264916167306,-0.138970262778784,0.422679653400776,0.141854695310996,0.222279071011055,0.800107091436376,0.511193081223715,209.700003333333
229,-0.163729994554698,0.491935122759827,0.164102564102564,-0.168086856678198,0.551592043081997,0.191752593201899,-0.386555277966789,0.0297688946266684,-0.17839319167006,-0.252623302281908,0.295927351986399,0.0216520248522455,-0.178770636838797,0.363916025968715,0.0925726945649592,-0.363376842784693,0.206457412857961,-0.078459714963366,-0.161307457772739,0.395867605803949,0.117280074015605,0.162065707737243,0.744032806699551,0.453049257218397,209.800253230769
230,-0.158613432224864,0.476562150173582,0.158974358974359,-0.159839307108129,0.454108223864971,0.147134458378421,-0.36067732829091,0.0754707735602626,-0.142603277365324,-0.224479541549042,0.388179636265932,0.0818500473584452,-0.229167623478264,0.290333997393935,0.0305831869578351,-0.417151083874037,0.140960337453981,-0.138095373210028,-0.199822245480985,0.372245783443,0.0862117689810077,0.167617897371517,0.740720264985844,0.454169081178681,209.900256410256
231,-0.168846556884533,0.507308095346071,0.169230769230769,-0.242943163735554,0.248902721827276,0.00297977904586125,-0.265120455362031,0.169397666861949,-0.0478613942500409,-0.166178136597468,0.47960963501811,0.156715749210321,-0.273311049373275,0.16476495327384,-0.0542730480497177,-0.467405292583043,0.0493564898580033,-0.20902440136252,-0.293962249059813,0.286464538338181,-0.00374885536081626,0.186310091094254,0.772766745610317,0.479538418352285,210.000000051282
232,-0.168846556884533,0.507308095346071,0.169230769230769,-0.304962700643619,0.109269968394146,-0.0978463661247364,-0.216246406628823,0.225039631713837,0.00439661254250701,-0.122974902398146,0.52978766885445,0.203406383228152,-0.27350718974277,0.14423274660454,-0.0646372215691148,-0.510329487195713,-0.0158777207526756,-0.263103603974194,-0.326626202977098,0.238771363038756,-0.0439274199691707,0.184777180950756,0.790893994179156,0.487835587564956,210.099743692308
233,-0.168846556884533,0.507308095346071,0.169230769230769,-0.274464675726429,0.0962347984272396,-0.0891149386495949,-0.168655903139188,0.276822675955044,0.054083386407928,-0.133789480557181,0.498740860841623,0.182475690142221,-0.27122093169534,0.135365581068316,-0.0679276753135117,-0.557254767088351,-0.0531670222890783,-0.305210894688715,-0.34022093283991,0.243213046112332,-0.048503943363789,0.101955118270752,0.739388162696976,0.420671640483864,210.200003282051
234,-0.168846556884533,0.507308095346071,0.169230769230769,-0.264038018630602,0.121066020267532,-0.071485999181535,-0.215963882805106,0.231405940249622,0.00772102872225772,-0.131601752401765,0.473832148904699,0.171115198251467,-0.224379030795629,0.268676096483312,0.0221485328438415,-0.599339644264967,-0.0850021187353237,-0.342170881500145,-0.322896078200593,0.301989448771469,-0.0104533147145624,0.0318214003494193,0.699429709932819,0.365625555141119,210.300253384615
235,-0.168846556884533,0.507308095346071,0.169230769230769,-0.316880814686648,0.130591659914231,-0.0931445773862088,-0.270877460283342,0.207295154350361,-0.0317911529664903,-0.144719749629213,0.408256917934745,0.131768584152766,-0.230536051452307,0.325378737758146,0.0474213431529193,-0.562611373615224,-0.0422119560262076,-0.302411664820716,-0.296429204309834,0.371627828068954,0.0375993118795595,0.00117620534492241,0.683498473119163,0.342337339232043,210.400256564103
236,-0.158613432224864,0.476562150173582,0.158974358974359,-0.355901757559956,0.172344997931396,-0.0917783798142799,-0.286873643689791,0.197713972060615,-0.0445798358145879,-0.174129089495789,0.344893539969735,0.0853822252369729,-0.246105407332171,0.339206322750797,0.046550457709313,-0.494202339505984,0.010586856677895,-0.241807741414045,-0.299495767495402,0.38200230616591,0.0412532693352538,-0.0201654985501437,0.655025721899026,0.317430111674441,210.5
237,-0.168846556884533,0.507308095346071,0.169230769230769,-0.395758470076554,0.226961688860322,-0.0843983906081157,-0.199616348613343,0.331583400337333,0.0659835258619949,-0.242814079881782,0.28763638438271,0.022411152250464,-0.262891291951778,0.355311919826655,0.0462103139374385,-0.409371717384258,0.15387366529438,-0.127749026044939,-0.306001331054623,0.407650690586783,0.0508246797660801,0.0055681922835762,0.649292770185825,0.327430481234701,210.599743692308
238,-0.168846556884533,0.507308095346071,0.169230769230769,-0.3584889263477,0.287709720769906,-0.0353896027888967,-0.118913521390197,0.450670857311575,0.165878667960689,-0.276388572118641,0.245818051174167,-0.0152852604722374,-0.222087613123292,0.501126242693875,0.139519314785292,-0.384854251514759,0.231240923733101,-0.076806663890829,-0.319908078693658,0.432385442141958,0.05623868172415,0.0252323847502403,0.65265971530499,0.338946050027615,210.700003384615
239,-0.168846556884533,0.507308095346071,0.169230769230769,-0.286663846079896,0.469694228752795,0.0915151913364495,-0.0852257856978556,0.476618326497637,0.195696270399891,-0.270920275862149,0.275506107120507,0.00229291562917903,-0.197670353692725,0.523777887153099,0.163053766730187,-0.368011362311201,0.252166831052173,-0.0579222656295135,-0.255518923228717,0.477527251225181,0.111004163998232,0.0183757458946608,0.576153401418625,0.297264573656643,210.800253230769
240,-0.168846556884533,0.507308095346071,0.169230769230769,-0.177626156850336,0.54720497471196,0.184789408930812,-0.201925293971173,0.344858686720125,0.0714666963744758,-0.23478753320447,0.439300916328498,0.102256691562014,-0.215738982884431,0.36771449331312,0.0759877552143447,-0.322549237010784,0.244909221449158,-0.0388200077808132,-0.184095514956706,0.509902316636259,0.162903400839776,0.0627726610390426,0.645263013209396,0.354017837124219,210.900256410256
241,-0.168846556884533,0.507308095346071,0.169230769230769,-0.100435527821227,0.606889969465183,0.253227220821978,-0.299531670661546,0.24574566750825,-0.0268930015766485,-0.201106884295218,0.592567963842113,0.195730539773447,-0.27984066153894,0.119030028960232,-0.0804053162893537,-0.272479363774725,0.272309936052535,-8.47138610950312e-05,-0.170525164972197,0.503319961139122,0.166397398083462,0.00501925360553019,0.615138839895518,0.310079046750524,211.000000205128
242,-0.168846556884533,0.507308095346071,0.169230769230769,-0.10146309834222,0.511637888742631,0.205087395200205,-0.320719274271034,0.186561294681198,-0.0670789897949181,-0.221485039459741,0.575350752030785,0.176932856285522,-0.282797097167557,0.298511530077313,0.00785721645487801,-0.288576122385169,0.266946074805042,-0.0108150237900632,-0.197466204557222,0.423513566456743,0.11302368094976,-0.0175156164030954,0.582394862068183,0.282439622832544,211.099743692308
243,-0.168846556884533,0.507308095346071,0.169230769230769,-0.0481777419737901,0.508404421480548,0.230113339753379,-0.334255605811398,0.115968321583826,-0.109143642113786,-0.268255351104363,0.380149367805291,0.0559470083504639,-0.241844101888382,0.638023732896685,0.198089815504152,-0.29488802798096,0.297853109447346,0.00148254073319331,-0.203336058192157,0.393814977558408,0.0952394596831253,-0.04804881568074,0.527058368964852,0.239504776642056,211.200003435897
244,-0.163729994554698,0.491935122759827,0.164102564102564,-0.0259515814752553,0.453507870852061,0.213778144688403,-0.354194634504329,0.13611475968012,-0.109039937412104,-0.323119737805368,0.210862984536093,-0.0561283766346374,-0.215620527820394,0.619302909579641,0.201841190879623,-0.310334976866486,0.304037455980405,-0.0031487604430407,-0.200903379768056,0.400675936587399,0.0998862784096715,0.0161176766732931,0.579972397540513,0.298045037106903,211.300253128205
245,-0.158613432224864,0.476562150173582,0.158974358974359,-0.0269186272187128,0.423463298125181,0.198272335453234,-0.381414987669696,0.143446384735332,-0.118984301467182,-0.328995235490287,0.152113951391499,-0.0884406420493938,-0.169894508042198,0.589122033442394,0.209613762700098,-0.35242896592729,0.233262413274548,-0.0595832763263712,-0.197072322362385,0.402502288903051,0.102714983270333,0.0522888728739882,0.610031733035757,0.331160302954873,211.400256512821
246,-0.168846556884533,0.507308095346071,0.169230769230769,-0.0363334265763733,0.417613278756668,0.190639926090147,-0.439306150763076,0.167543647961767,-0.135881251400655,-0.266739245561779,0.23632454940802,-0.0152073480768797,-0.143297676904384,0.44397353132615,0.150337927210883,-0.39189939463272,0.178557835732825,-0.106670779449948,-0.235820254884221,0.365706809818139,0.064943277466959,0.113125829697796,0.691112514572618,0.402119172135207,211.500000205128
247,-0.168846556884533,0.507308095346071,0.169230769230769,-0.0240794801761987,0.509482633313199,0.2427015765685,-0.474064952608328,0.104351776410452,-0.184856588098938,-0.21292045114757,0.347873508052158,0.0674765284522937,-0.0951779406720595,0.471451356400653,0.188136707864297,-0.452443418775407,0.136729392566955,-0.157857013104226,-0.229844271466229,0.369290513499346,0.0697231210165585,0.132410830407044,0.720480137663575,0.426445484035309,211.599743589744
248,-0.168846556884533,0.507308095346071,0.169230769230769,-0.0237811617752594,0.507746593342745,0.241982715783743,-0.498155518126725,0.0954925096765793,-0.201331504225073,-0.159544877270083,0.452056726338589,0.146255924534253,-0.108753955772467,0.396847895415127,0.14404696982133,-0.503802023976799,0.113994682610766,-0.194903670683017,-0.189483475325353,0.371871541239636,0.0911940329571411,0.172445296036945,0.74791878162652,0.460182038831733,211.700003282051
249,-0.168846556884533,0.507308095346071,0.169230769230769,-0.0110718614670133,0.610926380503069,0.299927259518028,-0.504789885912478,0.0886412015392533,-0.208074342186612,-0.137143862580929,0.483505654225006,0.173180895822038,-0.155340268687889,0.400714751413228,0.12268724136267,-0.558954821960891,0.0517620495217851,-0.253596386219553,-0.0942475836766802,0.442804465993471,0.174278441158395,0.194433552407956,0.763835797506494,0.479134674957225,211.800253179487
250,-0.163729994554698,0.491935122759827,0.164102564102564,0.0251144435069754,0.695763634961429,0.360439039234202,-0.493691135718905,0.132521718484712,-0.180584708617096,-0.122521271849572,0.502425425127355,0.189952076638892,-0.231296596444159,0.277645234608244,0.0231743190820428,-0.627197448540657,-0.0268209010443469,-0.327009174792502,-0.0312552651410528,0.489121613067931,0.228933173963439,0.183685682217627,0.745056567332384,0.464371124775005,211.900256410256
251,-0.158613432224864,0.476562150173582,0.158974358974359,0.00538610364981332,0.721957349349787,0.3636717264998,-0.526455975358374,0.129363597914262,-0.198546188722056,-0.0393803893681318,0.597751607421052,0.27918560902646,-0.250289355813682,0.15428496675703,-0.0480021945283259,-0.593386711082419,0.0525271424810493,-0.270429784300685,0.0529565877406788,0.64465580265505,0.348806195197864,0.179002093201255,0.73237321499111,0.455687654096182,212.000000102564
252,-0.168846556884533,0.507308095346071,0.169230769230769,0.0132489177671434,0.610745193864367,0.311997055815755,-0.50958766617975,0.112290495332367,-0.198648585423691,0.0323812821676849,0.693513340334092,0.362947311250889,-0.289247590110642,0.0639133541287602,-0.112667117990941,-0.603706049093247,0.0678163870805787,-0.267944831006334,0.116923001917868,0.910232566591721,0.513577784254794,0.165953468641041,0.687691046733054,0.426822257687048,212.099743589744
253,-0.168846556884533,0.507308095346071,0.169230769230769,-0.0560620519189575,0.418048524987937,0.18099323653449,-0.509283729507649,0.00440733303569703,-0.252438198235976,0.112742909847684,0.769144008841138,0.440943459344411,-0.275376020801044,0.0804195271898481,-0.0974782468055982,-0.573951562077466,0.0951579373219947,-0.239396812377736,0.114797414885311,0.941070236957783,0.527933825921547,0.130999202044862,0.625378910881366,0.378189056463114,212.200003282051
254,-0.168846556884533,0.507308095346071,0.169230769230769,-0.0867315101182093,0.390113657407119,0.151691073644455,-0.531781077608131,-0.133057823304316,-0.332419450456224,0.187349301462835,0.774055411973051,0.480702356717943,-0.238010947555682,0.24459976633114,0.00329440938772891,-0.591044617933878,0.0325842145504344,-0.279230201691722,0.0865492426658664,0.788224745981215,0.437386994323541,0.101805113961965,0.606534826977253,0.354169970469609,212.300253128205
255,-0.168846556884533,0.507308095346071,0.169230769230769,-0.123836997830956,0.303849114518348,0.0900060583436961,-0.503653033092759,-0.0991776557728542,-0.301415344432807,0.22402724939339,0.795458105649215,0.509742677521303,-0.243460247553291,0.408148454457568,0.0823441034521387,-0.545638519195197,0.0614499967116226,-0.242094261241787,-0.0154059921106692,0.562090166597932,0.273342087243632,0.0612525552835737,0.648861056734167,0.35505680600887,212.400256410256
256,-0.163729994554698,0.491935122759827,0.164102564102564,-0.0975122938163004,0.370579144099458,0.136533425141579,-0.450332959076395,-0.0197507087525906,-0.235041833914493,0.204351482537651,0.772433152617057,0.488392317577354,-0.223581088430673,0.51968230601126,0.148050608790293,-0.571114780774655,0.0549896575118217,-0.258062561631417,-0.0391337227558719,0.575397972011405,0.268132124627767,0.120522899391139,0.744782952755809,0.432652926073474,212.5
257,-0.15349686989503,0.461189177587337,0.153846153846154,-0.10841158808172,0.418146921862539,0.15486766689041,-0.45213552031825,0.0656713035539193,-0.193232108382165,0.138781550752367,0.776474960843869,0.457628255798118,-0.232422786419733,0.397813625064305,0.0826954193222858,-0.617121273513443,0.0081777014003631,-0.30447178605654,-0.0676785766012388,0.636677355984497,0.284499389691629,0.196034392333798,0.818010406924978,0.507022399629388,212.599743692308
258,-0.168846556884533,0.507308095346071,0.169230769230769,-0.0446623810218182,0.568929357022894,0.262133488000538,-0.431813556312772,0.112290839281762,-0.159761358515505,0.0747533968348358,0.637720166426942,0.356236781630889,-0.195274934353262,0.295391569126684,0.0500583173867112,-0.688167670198734,-0.0809049336331658,-0.38453630191595,-0.0765271794199619,0.710471680070085,0.316972250325061,0.191841392709644,0.818417551418887,0.505129472064265,212.700003282051
259,-0.168846556884533,0.507308095346071,0.169230769230769,0.0213287666738714,0.682760268352352,0.352044517513112,-0.440613360059436,0.0768304258945899,-0.181891467082423,0.060291946459587,0.642066046869068,0.351178996664328,-0.212982741056894,0.246814647162325,0.0169159530527153,-0.624162854799142,-0.0455205251521083,-0.334841689975625,-0.0757415483242241,0.582827673990258,0.253543062833017,0.0892955324038611,0.715287013268947,0.402291272836404,212.800253128205
260,-0.168846556884533,0.507308095346071,0.169230769230769,0.0338961270093845,0.759559479157621,0.396727803083502,-0.476235667479653,0.0230967500866666,-0.226569458696493,0.0684144758720988,0.690147302544898,0.379280889208498,-0.143365544564336,0.483279312609612,0.169956884022638,-0.563194431555882,0.0203984953988536,-0.271397968078514,-0.0587544700093071,0.667739043815535,0.304492286903114,0.0335834027957098,0.659355494883528,0.346469448839619,212.900256410256
261,-0.163729994554698,0.491935122759827,0.164102564102564,0.0405361669822267,0.732936650545232,0.386736408763729,-0.527301304687824,-0.0289025345287324,-0.278101919608278,0.150641343207484,0.86024846406126,0.505444903634372,-0.0550060316561807,0.681320894845964,0.313157431594891,-0.553114890327857,0.0339524716700012,-0.259581209328928,-0.0325501501957285,0.75117449229699,0.359312171050631,-0.0492661841977994,0.625097867027126,0.287915841414663,213
262,-0.168846556884533,0.507308095346071,0.169230769230769,0.0481810929789886,0.867090255897907,0.457635674438448,-0.529175059767071,0.00362501723066683,-0.262775021268202,0.121797919292471,0.827607223301766,0.474702571297118,-0.0483386839625417,0.731156071334275,0.341408693685867,-0.56210144917787,-0.0101432160226111,-0.286122332600241,-0.0198144559875975,0.806568826184902,0.393377185098652,-0.0341797837167089,0.697682032362823,0.331751124323057,213.099743794872
263,-0.168846556884533,0.507308095346071,0.169230769230769,0.0371304590164634,0.989398051912383,0.513264255464423,-0.521530726060294,0.0508358136649002,-0.235347456197697,0.174721080191868,0.915330052242795,0.545025566217331,-0.106317492538093,0.624410321939906,0.259046414700906,-0.667535831402167,-0.110387737172524,-0.388961784287345,-0.0189224466839746,0.845852096717098,0.413464825016562,-0.0478674496807383,0.747498226791656,0.349815388555459,213.200003384615
264,-0.168846556884533,0.507308095346071,0.169230769230769,-0.014370167247509,0.948473103666295,0.467051468209393,-0.494899248489542,0.041361361174033,-0.226768943657755,0.216967773645539,0.944723011301088,0.580845392473314,-0.129342279221991,0.560869067894571,0.21576339433629,-0.645523332186597,-0.064037963977028,-0.354780648081812,-0.0453987907685214,0.780918525811461,0.36775986752147,-0.0423497707337093,0.817235893264382,0.387443061265336,213.300253179487
265,-0.168846556884533,0.507308095346071,0.169230769230769,0.0307156773352226,0.950254687066008,0.490485182200615,-0.455125025131718,0.0592118338375461,-0.197956595647086,0.235785518380081,0.977211818177997,0.606498668279039,-0.123277580483952,0.474859490154769,0.175790954835409,-0.624158038371313,-0.00437876938105412,-0.314268403876184,-0.135530358371404,0.593321117953736,0.228895379791166,-0.0675075512153386,0.722029156667732,0.327260802726197,213.400256410256
266,-0.158613432224864,0.476562150173582,0.158974358974359,-0.108504556559397,0.698338847588857,0.29491714551473,-0.418078293853633,0.104377925824375,-0.156850184014629,0.196647507926727,0.892241297344488,0.544444402635607,-0.0914044130102717,0.480443286419515,0.194519436704622,-0.538818814680459,0.0990561372313226,-0.219881338724568,-0.212614893927997,0.430267137189309,0.108826121630656,-0.0201278536664781,0.722344280627403,0.351108213480462,213.500000051282
267,-0.163729994554698,0.491935122759827,0.164102564102564,-0.12373252223966,0.667125325708558,0.271696401734449,-0.310567348046577,0.221726149881319,-0.0444205990826289,0.0806417461664818,0.716857666835648,0.398749706501065,-0.0822155175073414,0.508083915350356,0.212934198921507,-0.440253514061073,0.222050732070346,-0.109101390995363,-0.343985275301625,0.244641882359598,-0.0496716964710138,-0.0259902239044464,0.699280847304551,0.336645311700052,213.599743794872
268,-0.168846556884533,0.507308095346071,0.169230769230769,-0.0706650060282768,0.550922259376957,0.24012862667434,-0.280814156819286,0.311766191614556,0.015476017397635,-0.0154511196976717,0.583650972853042,0.284099926577685,0.00705560433750393,0.673561929520277,0.340308766928891,-0.418342980396071,0.264463728881183,-0.0769396257574441,-0.50926116023595,0.072258924930002,-0.218501117652974,-0.112963589609567,0.608859404519806,0.247947907455119,213.700003282051
269,-0.163729994554698,0.491935122759827,0.164102564102564,-0.120072878978211,0.467780555873915,0.173853838447852,-0.261796574375119,0.322663578409598,0.0304335020172396,-0.038204610068676,0.63110712028297,0.296451255107147,0.0820744600910959,0.72363406648118,0.402854263286138,-0.452747410524594,0.172691717817478,-0.140027846353558,-0.585144667970825,-0.01229080383443,-0.298717735902628,-0.151913245356221,0.502314768784549,0.175200761714164,213.800253128205
270,-0.158613432224864,0.476562150173582,0.158974358974359,-0.0429814293274206,0.519849751194667,0.238434160933623,-0.171602261928226,0.496497221183235,0.162447479627505,-0.117731887462545,0.578553301643459,0.230410707090457,0.186269685184899,1.09942398093182,0.64284683305836,-0.471496849817392,0.127694721485366,-0.171901064166013,-0.569347748262532,0.0149986574883329,-0.2771745453871,-0.206940698694526,0.383418420627973,0.0882388609667237,213.900256564103
271,-0.168846556884533,0.507308095346071,0.169230769230769,-0.0606684334172025,0.614960173688128,0.277145870135463,-0.115491609211302,0.567589399978625,0.226048895383662,-0.113069970031998,0.702789165587325,0.294859597777664,0.298826869209563,1.36395439145964,0.8313906303346,-0.463003482193734,0.138860435583589,-0.162071523305073,-0.563876976812572,0.0232240469334929,-0.27032646493954,-0.369691177127571,0.234261307404246,-0.0677149348616623,214
272,-0.168846556884533,0.507308095346071,0.169230769230769,-0.0580376746737372,0.641842155082861,0.291902240204562,-0.0931282622141041,0.535256919606645,0.22106432869627,-0.0976172988544642,0.699168205401648,0.300775453273592,0.283112926124886,1.31593880829742,0.799525867211154,-0.374500556062639,0.233490932612368,-0.0705048117251359,-0.493529480333331,0.0546696267830013,-0.219429926775165,-0.379021066725206,0.205434403838215,-0.0867933314434958,214.099743589744
273,-0.168846556884533,0.507308095346071,0.169230769230769,-0.067255963580661,0.538414646401856,0.235579341410598,-0.145816944231168,0.399479008609994,0.126831032189413,-0.0181039051418893,0.734489463416614,0.358192779137362,0.218921584185195,1.2131412868434,0.716031435514297,-0.35272123734004,0.27478089928538,-0.03897016902733,-0.435787110041601,0.111611479229032,-0.162087815406284,-0.3379672290005,0.2675463285199,-0.0352104502402999,214.200003333333
274,-0.168846556884533,0.507308095346071,0.169230769230769,-0.112327697390257,0.328591803636792,0.108132053123268,-0.140967459673161,0.422160918988351,0.140596729657595,0.026351528426857,0.733933539510324,0.38014253396859,0.161035612007077,1.14880628352938,0.654920947768228,-0.350660667080749,0.288491822105317,-0.0310844224877158,-0.416737148014114,0.182115392476078,-0.117310877769018,-0.293700832948265,0.342245893284648,0.0242725301681914,214.300253179487
275,-0.168846556884533,0.507308095346071,0.169230769230769,-0.131438082775161,0.553710114983233,0.211136016104036,-0.111714271907393,0.516900390736037,0.202593059414322,0.00778148286645335,0.645295375477088,0.326538429171771,0.119881134120659,0.996201965864789,0.558041549992724,-0.380163627474026,0.253213632413998,-0.063474997530014,-0.437631160048063,0.189279841818495,-0.124175659114784,-0.313444546825139,0.363408766518834,0.0249821098468473,214.400256410256
276,-0.15349686989503,0.461189177587337,0.153846153846154,-0.135673800506627,0.54922286100318,0.206774530248277,-0.058972615368891,0.636409436680348,0.288718410655729,-0.104654564636999,0.548485177176626,0.221915306269814,0.0900653812165336,0.975812500378862,0.532938940797698,-0.376366109439425,0.237274782077941,-0.0695456636807423,-0.437756810808352,0.19218549743361,-0.122785656687371,-0.28782966521006,0.402412432462936,0.0572913836264384,214.5
277,-0.168846556884533,0.507308095346071,0.169230769230769,-0.0994584369661659,0.539869840820687,0.22020570192726,-0.0437176128555001,0.664317414305455,0.310299900724977,-0.179850540631071,0.457521753868481,0.138835606618705,0.0949254572372038,1.07783446158152,0.58637995940936,-0.41856492339294,0.207550167466667,-0.105507377963137,-0.442728114349578,0.19995240791379,-0.121387853217894,-0.22974651807548,0.485380500178037,0.127816991051279,214.599743589744
278,-0.168846556884533,0.507308095346071,0.169230769230769,-0.099401346649132,0.429923254812704,0.165260954081786,-0.108177661510089,0.595266766057229,0.24354455227357,-0.206833567308485,0.396119777833814,0.0946431052626645,0.0891286609293793,1.18539134558861,0.637260003258996,-0.48072639735989,0.143981231667665,-0.168372582846112,-0.379131146461374,0.25537196622892,-0.0618795901162271,-0.174439795008583,0.551510994169841,0.188535599580629,214.700003384615
279,-0.158613432224864,0.476562150173582,0.158974358974359,-0.0696361013709808,0.59333841456475,0.261851156596885,-0.202666106461766,0.48878896871475,0.143061431126492,-0.126925418538677,0.498707187859419,0.185890884660371,0.0371118411440276,1.11233067331218,0.574721257228106,-0.580377764255221,0.0143609119815979,-0.283008426136811,-0.300549363394044,0.314843640803018,0.00714713870448697,-0.130950443853447,0.568627471952047,0.2188385140493,214.800253128205
280,-0.168846556884533,0.507308095346071,0.169230769230769,-0.129739828210547,0.567394270884743,0.218827221337098,-0.24941386394268,0.420919988956108,0.085753062506714,0.004438372913908,0.779258415611821,0.391848394262865,-0.0115620142660097,0.812442586698593,0.400440286216292,-0.635611149115633,-0.0864257115786821,-0.361018430347157,-0.299186742941721,0.320842246647214,0.0108277518527463,-0.130238560276722,0.551983177642433,0.210872308682856,214.900256410256
281,-0.168846556884533,0.507308095346071,0.169230769230769,-0.217808983415047,0.418127018361565,0.100159017473259,-0.351024876456589,0.335383392009277,-0.00782074222365615,0.0842930488011243,0.901670424057181,0.492981736429153,0.00625049849960307,0.786867853634826,0.396559176067215,-0.660446928817751,-0.112313237381609,-0.38638008309968,-0.275553526680239,0.385180513681245,0.0548134935005031,-0.129349682349061,0.569814245490916,0.220232281570927,215.000000102564
282,-0.168846556884533,0.507308095346071,0.169230769230769,-0.249851159629906,0.294001688823124,0.0220752645966092,-0.412989293168589,0.269725578873236,-0.0716318571476765,0.0760166879957491,0.845301428998718,0.460659058497234,0.0390992715472481,0.970289047376195,0.504694159461722,-0.636477152008966,-0.085738498834659,-0.361107825421813,-0.256969735926148,0.412187203894676,0.0776087339842638,-0.181401510120318,0.519815634952223,0.169207062415953,215.099743692308
283,-0.168846556884533,0.507308095346071,0.169230769230769,-0.261935906527609,0.258752686573295,-0.00159160997715693,-0.39596728322603,0.258165809796595,-0.0689007367147172,0.0101827764870389,0.754192614489005,0.382187695488022,0.0586115424411267,1.02359996230823,0.541105752374677,-0.603058529960675,-0.0380409694889362,-0.320549749724806,-0.24243706658121,0.439503629401327,0.0985332814100586,-0.138655136044221,0.540210073027311,0.200777468491545,215.200003384615
284,-0.168846556884533,0.507308095346071,0.169230769230769,-0.262308997506495,0.288891531740449,0.0132912671169769,-0.354706014054831,0.282753309276417,-0.0359763523892073,-0.0689372864005312,0.725722216722561,0.328392465161015,0.111177765654385,0.886101205413593,0.498639485533989,-0.534383830101817,-0.00981709629320713,-0.272100463197512,-0.276967939137028,0.383972323417134,0.053502192140053,-0.124427626108944,0.563755019546115,0.219663696718585,215.300253179487
285,-0.168846556884533,0.507308095346071,0.169230769230769,-0.24627306543783,0.422437447740128,0.0880821911511491,-0.323399363568292,0.268540479748917,-0.0274294419096871,-0.197215261467077,0.611424763375186,0.207104750954054,-0.0168118666066071,0.594288687971608,0.288738410682501,-0.485536252682972,0.0185540915000027,-0.233491080591485,-0.325412664847939,0.296063189353106,-0.0146747377474164,-0.123090768998299,0.62038528916875,0.248647260085225,215.400256410256
286,-0.163729994554698,0.491935122759827,0.164102564102564,-0.217630959477626,0.595062792837245,0.18871591667981,-0.324566939336633,0.192894386549792,-0.0658362763934204,-0.202390568326209,0.504629646565752,0.151119539119771,-0.106763549491957,0.429995737377495,0.161616093942769,-0.507997181931202,0.0209823096351685,-0.243507436148017,-0.296508513164883,0.260299243184382,-0.0181046349902504,-0.16798363559063,0.595561097996386,0.213788731202878,215.500000153846
287,-0.168846556884533,0.507308095346071,0.169230769230769,-0.161271444489733,0.666842024978731,0.252785290244499,-0.332358214401164,0.199626304454845,-0.0663659549731596,-0.122462309994052,0.745688894280639,0.311613292143293,-0.21258208639143,0.591036919813404,0.189227416710987,-0.55569220762729,0.0100297904168645,-0.272831208605213,-0.192889182157581,0.350782720977847,0.0789467694101327,-0.132712878510047,0.602949468229414,0.235118294859684,215.599743897436
288,-0.168846556884533,0.507308095346071,0.169230769230769,-0.131981383688935,0.556040469194114,0.212029542752589,-0.351155797039753,0.23918407452327,-0.0559858612582415,-0.0558976977049366,0.6193156946941,0.281708998494582,-0.209667837529281,0.653259871542342,0.22179601700653,-0.592742050671038,0.0174750002565494,-0.287633525207245,-0.0966760430947418,0.489969479681981,0.19664671829362,-0.161023990090615,0.571141980941905,0.205058995425645,215.700003384615
289,-0.168846556884533,0.507308095346071,0.169230769230769,-0.15617286001772,0.517857463511182,0.180842301746731,-0.370537875304373,0.299871157110823,-0.035333359096775,-0.0407856264209489,0.608032809104423,0.283623591341737,-0.225734273345395,0.273765201896313,0.0240154642754586,-0.592225600307553,0.0605582056998548,-0.265833697303849,-0.0537482887363022,0.683667159695676,0.314959435479687,-0.144501760535759,0.559616871051279,0.20755755525776,215.800253179487
290,-0.168846556884533,0.507308095346071,0.169230769230769,-0.144473954780226,0.560360186365992,0.207943115792883,-0.436294844947943,0.157474013778491,-0.139410415584726,0.0108019373947993,0.684566632772763,0.347684285083781,-0.290296460459563,0.301046118348999,0.005374828944718,-0.544302122788097,0.108072795496198,-0.218114663645949,-0.0542580709383618,0.868015048929857,0.406878488995747,-0.149432340602125,0.555800533282713,0.203184096340294,215.900256410256
291,-0.168846556884533,0.507308095346071,0.169230769230769,-0.13040459861775,0.609622415698856,0.239608908540553,-0.440880471975112,0.168138961320682,-0.136370755327215,0.000153298495636034,0.756778763982691,0.378466031239163,-0.347750185682774,0.296045934854753,-0.0258521254140107,-0.529059014835717,0.119387722802984,-0.204835646016367,-0.0996100107825328,0.766651691622816,0.333520840420141,-0.132815212622263,0.604327885553236,0.235756336465486,216.000000102564
