slice,ci_lower_diskomfort,ci_upper_diskomfort,mean_diskomfort,ci_lower_anger_sm,ci_upper_anger_sm,mean_fl_anger_sm,ci_lower_disgust_sm,ci_upper_disgust_sm,mean_fl_disgust_sm,ci_lower_fear_sm,ci_upper_fear_sm,mean_fl_fear_sm,ci_lower_happiness_sm,ci_upper_happiness_sm,mean_fl_happiness_sm,ci_lower_sadness_sm,ci_upper_sadness_sm,mean_fl_sadness_sm,ci_lower_surprise_sm,ci_upper_surprise_sm,mean_fl_surprise_sm,ci_lower_neutral_sm,ci_upper_neutral_sm,mean_fl_neutral_sm,mean_rel_zeit_s
1,-0.173963119214367,0.522681067932316,0.174358974358974,-0.194649299137317,0.271447120886804,0.0383989108747436,-0.338318010680021,0.0557733774891944,-0.141272316595413,-0.045160427818148,0.748349992455757,0.351594782318805,-0.159524367535164,0.333370562368469,0.0869230974166524,-0.418824500575822,0.054411766257467,-0.182206367159177,-0.15552915513802,0.318235957046475,0.0813534009542275,-0.199318871443491,0.313509033627609,0.0570950810920588,133.983590102564
2,-0.168846556884533,0.507308095346071,0.169230769230769,-0.246464595240059,0.0997310640489947,-0.0733667655955319,-0.279083175729362,0.120560607666762,-0.0792612840312998,-0.0528393813557695,0.60199324359619,0.27457693112021,-0.148193351736983,0.386541442272313,0.119174045267665,-0.44917680138841,0.0118891415738199,-0.218643829907295,-0.137858038352991,0.346918715221523,0.104530338434266,-0.176037621145671,0.328995558250909,0.0764789685526189,134.083589846154
3,-0.176521400379284,0.530367554225438,0.176923076923077,-0.221255913035606,0.143892757520687,-0.0386815777574595,-0.170908930065525,0.272182346181405,0.0506367080579395,-0.137629237477057,0.365730966910238,0.114050864716591,-0.0999306148417686,0.511028572257075,0.205548978707653,-0.382404478217041,0.101499800971418,-0.140452338622812,-0.165828650719667,0.304352826667136,0.0692620879737344,-0.146944438614908,0.334361500595906,0.0937085309904991,134.199231038462
4,-0.173963119214367,0.522681067932316,0.174358974358974,-0.24316230579919,0.198376803952045,-0.0223927509235726,-0.098651901581848,0.398116823863912,0.149732461141032,-0.261848433226159,0.181872385300693,-0.0399880239627328,-0.114470540958812,0.530638691973053,0.208084075507121,-0.297369069247351,0.227010465761609,-0.0351793017428711,-0.203687222773757,0.249351853183761,0.0228323152050019,-0.193388441724587,0.292493165278284,0.0495523617768488,134.315643435897
5,-0.179079681544201,0.53805404051856,0.17948717948718,-0.213791269190182,0.258535264098083,0.0223719974539506,-0.145612006798713,0.410029491437288,0.132208742319287,-0.355324571507252,0.0427151593727103,-0.156304706067271,-0.13121773489928,0.622226146784687,0.245504205942703,-0.254952673388295,0.264904408116159,0.00497586736393157,-0.230472891613652,0.215184014752934,-0.00764443843035907,-0.142379398781824,0.364496012260833,0.111058306739505,134.415897641026
6,-0.168846556884533,0.507308095346071,0.169230769230769,-0.200123161240668,0.300646310386515,0.0502615745729232,-0.264200843785812,0.292850835441374,0.0143249958277813,-0.365189625760975,0.0185585182292517,-0.173315553765862,-0.156478754269156,0.685329726444704,0.264425486087774,-0.30229907556171,0.189570062220088,-0.0563645066708111,-0.206900574288054,0.248175050986241,0.0206372383490936,-0.106961958414026,0.386303383569213,0.139670712577594,134.499487358974
7,-0.168846556884533,0.507308095346071,0.169230769230769,-0.198152413106459,0.212985946774941,0.00741676683424105,-0.355539539018192,0.182284850487972,-0.0866273442651098,-0.297039034573964,0.0835446488581943,-0.106747192857885,-0.16621069587568,0.609858873127882,0.221824088626101,-0.288876858956788,0.179589563549944,-0.0546436477034219,-0.178923230527477,0.274830763110385,0.047953766291454,-0.0770126877573591,0.405110355052735,0.164048833647688,134.58359025641
8,-0.168846556884533,0.507308095346071,0.169230769230769,-0.142312391389917,0.248314055954143,0.0530008322821128,-0.453755315938536,0.0108150048269573,-0.221470155555789,-0.181980725901178,0.240669553445187,0.0293444137720046,-0.222823148089831,0.328870760787104,0.0530238063486368,-0.307774522061633,0.119708776845355,-0.0940328726081388,-0.109949939353083,0.348756193453057,0.119403127049987,-0.0741472481637876,0.41524911589358,0.170550933864896,134.699488307692
9,-0.168846556884533,0.507308095346071,0.169230769230769,-0.098909189873586,0.341366710469289,0.121228760297852,-0.463643977873414,-0.00456703537303282,-0.234105506623223,-0.116085034308245,0.342393387238557,0.113154176465156,-0.309918515801494,0.0814871454944251,-0.114215685153534,-0.326378143310427,0.101988412013484,-0.112194865648472,-0.0759959145108833,0.389301979292688,0.156653032390903,-0.102360316256364,0.391686845196404,0.14466326447002,134.815642858974
10,-0.168846556884533,0.507308095346071,0.169230769230769,-0.0805809234103546,0.369526693484411,0.144472885037028,-0.473672146323784,-0.0416522223052086,-0.257662184314496,-0.140070339658514,0.338171777333201,0.0990507188373436,-0.334255008434571,0.0501896503735428,-0.142032679030514,-0.300676420547032,0.151562238354296,-0.0745570910963684,-0.0542332570912874,0.42899334151976,0.187380042214236,-0.118013559983657,0.351363873650463,0.116675156833403,134.915641641026
11,-0.168846556884533,0.507308095346071,0.169230769230769,-0.115438538797167,0.303744256633495,0.0941528589181635,-0.452636231653605,-0.0158996874901821,-0.234267959571893,-0.150324212598801,0.318056297172293,0.0838660422867457,-0.327134339940389,0.0295179631406843,-0.148808188399852,-0.269134389532915,0.222389738924152,-0.0233723253043817,-0.0524926279344048,0.413123802754053,0.180315587409824,-0.158583166202804,0.30608956747811,0.0737532006376528,134.999490666667
12,-0.168846556884533,0.507308095346071,0.169230769230769,-0.1764088633887,0.196703275650356,0.0101472061308283,-0.43092742298718,0.0120679625094648,-0.209429730238858,-0.17156663992891,0.289373159611214,0.0589032598411519,-0.322123950354578,0.06226284412208,-0.129930553116249,-0.187092587895579,0.31438311879449,0.0636452654494556,-0.0730690896577187,0.354102413117786,0.140516661730034,-0.219665911133946,0.245385317258649,0.0128597030623516,135.083591897436
13,-0.168846556884533,0.507308095346071,0.169230769230769,-0.236272775572013,0.109096788165189,-0.0635879937034122,-0.3662345781714,0.0906256686047054,-0.137804454783347,-0.215266692471699,0.229332312473345,0.00703281000082291,-0.325866582940006,0.475465503000882,0.074799460030438,-0.104742607577139,0.362375214437465,0.128816303430163,-0.164972536555953,0.24475748604144,0.0398924747427435,-0.249942804176892,0.20716012723038,-0.021391338473256,135.199487628205
14,-0.168846556884533,0.507308095346071,0.169230769230769,-0.209669366600538,0.168389682009316,-0.0206398422956111,-0.374269352797181,0.0544019932182189,-0.159933679789481,-0.295510045110476,0.138790572294457,-0.0783597364080094,-0.265053479534156,0.423700822042715,0.0793236712542795,-0.0838829178451958,0.365885771306867,0.141001426730836,-0.214203731194567,0.203765166963826,-0.00521928211537069,-0.259045979271847,0.213686135995564,-0.0226799216381415,135.315898602564
15,-0.168846556884533,0.507308095346071,0.169230769230769,-0.145715135703089,0.290823518964025,0.072554191630468,-0.336927764670678,0.136383004261915,-0.100272380204382,-0.32525783081395,0.115089574473765,-0.105084128170092,-0.222264760383859,0.220691381780995,-0.000786689301432004,-0.120154840532155,0.301550829770448,0.0906979946191463,-0.282133144970944,0.145753001446498,-0.0681900717622228,-0.242885311378871,0.234713438975009,-0.00408593620193106,135.416154
16,-0.168846556884533,0.507308095346071,0.169230769230769,-0.0691885768716443,0.402991103252101,0.166901263190228,-0.290468112186611,0.218771437247556,-0.0358483374695278,-0.322800978271362,0.112646425554276,-0.105077276358543,-0.213880368575771,0.146997398731356,-0.0334414849222072,-0.16555627663757,0.304472227913162,0.0694579756377962,-0.371614612238729,0.0622819004001206,-0.154666355919304,-0.288932687747415,0.196223393964235,-0.0463546468915897,135.49974674359
17,-0.168846556884533,0.507308095346071,0.169230769230769,-0.0648402297018903,0.398503562926224,0.166831666612167,-0.248907418246249,0.299590838166515,0.0253417099601331,-0.308960830076543,0.146264186426513,-0.0813483218250149,-0.20387334458104,0.121331019041486,-0.0412711627697768,-0.190833050545067,0.325611320440903,0.0673891349479176,-0.448099301899345,-0.0216926045516885,-0.234895953225517,-0.28335088900461,0.179922779488804,-0.0517140547579031,135.583589794872
18,-0.168846556884533,0.507308095346071,0.169230769230769,-0.0409323279738113,0.432589110920929,0.195828391473559,-0.253339089759623,0.236404718181546,-0.00846718578903803,-0.299648270474046,0.137427499514822,-0.081110385479612,-0.168651247243284,0.118889983806769,-0.0248806317182575,-0.150767817739197,0.41264345621099,0.130937819235897,-0.413141484374087,-0.00540364326041008,-0.209272563817249,-0.29128240770991,0.15022516552219,-0.07052862109386,135.699743641026
19,-0.168846556884533,0.507308095346071,0.169230769230769,-0.0827347400981008,0.4285988439896,0.172932051945749,-0.298920912609214,0.168430497968776,-0.0652452073202189,-0.295849159598984,0.1627274379154,-0.0665608608417919,-0.20523959941157,0.0944013656486947,-0.0554191168814376,-0.138590110626215,0.42791020450717,0.144660046940478,-0.376583416842149,0.0427533920640845,-0.166915012389032,-0.273881560217446,0.170796704107408,-0.051542428055019,135.816154115385
20,-0.168846556884533,0.507308095346071,0.169230769230769,-0.0950794193375827,0.470733094896646,0.187826837779531,-0.31200339461793,0.164556910726741,-0.073723241945595,-0.255427103523288,0.223773421958157,-0.0158268407825656,-0.243482496780476,0.00281087146861277,-0.120335812655932,-0.121543463394056,0.418654884688278,0.148555710647111,-0.386893347652967,0.0098035568079793,-0.188544895422494,-0.262377859836405,0.202351123606192,-0.0300133681151068,135.916155076923
21,-0.168846556884533,0.507308095346071,0.169230769230769,-0.138024617195763,0.487208590948973,0.174591986876605,-0.292617822173388,0.218698504998469,-0.0369596585874594,-0.232950071566602,0.263360024904994,0.015204976669196,-0.27613986378401,-0.0347987628897132,-0.155469313336861,-0.12879546586513,0.41633912733175,0.14377183073331,-0.413055533012753,-0.0293436778269656,-0.221199605419859,-0.19398105600258,0.294069065644682,0.0500440048210509,135.99974374359
22,-0.168846556884533,0.507308095346071,0.169230769230769,-0.138411871055939,0.537889861276575,0.199738995110318,-0.268669876650585,0.234848427518076,-0.0169107245662546,-0.245999932028377,0.286741848253914,0.0203709581127682,-0.261289111641359,-0.0134081417636003,-0.13734862670248,-0.153153795272356,0.385434289931644,0.116140247329644,-0.378973578913626,-0.030632352854745,-0.204802965884185,-0.180165951444463,0.330076798499693,0.0749554235276147,136.083590564103
23,-0.168846556884533,0.507308095346071,0.169230769230769,-0.107816469048126,0.456636509671972,0.174410020311923,-0.227481610187848,0.231858695796874,0.00218854280451305,-0.248787308800287,0.296307012578203,0.0237598518889579,-0.276743553941511,-0.00466132484390565,-0.140702439392709,-0.170524603752355,0.333842674460117,0.0816590353538813,-0.338084862773174,0.0246327855542495,-0.156726038609462,-0.116292610994222,0.383342767198303,0.133525078102041,136.198975961538
24,-0.168846556884533,0.507308095346071,0.169230769230769,-0.0475115708348268,0.493625840637261,0.223057134901217,-0.188031535511914,0.281895164590007,0.0469318145390466,-0.246897270289808,0.309021074636303,0.0310619021732472,-0.28777721939438,0.0477769519555994,-0.120000133719391,-0.204550428012871,0.211193914451311,0.00332174321922024,-0.371941330962591,0.0367505284848416,-0.167595401238874,-0.125373108540103,0.3545327820765,0.114579836768199,136.315129692308
25,-0.168846556884533,0.507308095346071,0.169230769230769,-0.0648821826474086,0.438395492332256,0.186756654842424,-0.158229759930749,0.320392094705355,0.0810811673873031,-0.188898623878033,0.399551291148732,0.105326333635349,-0.265972814962038,0.13614741198073,-0.0649127014906542,-0.219408185595376,0.224868190252527,0.00273000232857532,-0.401875153287909,0.0185410641016128,-0.191667044593148,-0.142918136777338,0.325253272007652,0.0911675676151572,136.41564174359
26,-0.168846556884533,0.507308095346071,0.169230769230769,-0.0462035740856309,0.500809628666893,0.227303027290631,-0.153320499689888,0.315509083946504,0.0810942921283079,-0.185896587177549,0.40989586754615,0.111999640184301,-0.281128187331105,0.135127728439459,-0.0730002294458228,-0.274686468651069,0.14278037739454,-0.0659530456282645,-0.336914862822269,0.089303049397033,-0.123805906712618,-0.163597978021441,0.313223465478799,0.074812743728679,136.499489666667
27,-0.168846556884533,0.507308095346071,0.169230769230769,-0.0436466545469455,0.554203393339828,0.255278369396441,-0.162554551378478,0.296378252870539,0.0669118507460305,-0.216311255728768,0.376803969350124,0.0802463568106784,-0.280715638084585,0.198637564403052,-0.0410390368407669,-0.242185303346931,0.181460405159576,-0.030362449093678,-0.261358834599239,0.170261448183304,-0.0455486932079675,-0.161503893395819,0.323585467148162,0.0810407868761718,136.583594871795
28,-0.168846556884533,0.507308095346071,0.169230769230769,-0.0265187952203433,0.511364382206803,0.24242279349323,-0.194072498671858,0.26670789991546,0.0363177006218007,-0.304915224890726,0.198032827632581,-0.0534411986290724,-0.30247714140234,0.206672415375157,-0.0479023630135913,-0.143740774319032,0.363895354647896,0.110077290164432,-0.222862606431195,0.188849486109947,-0.0170065601606238,-0.210342062342024,0.251959880777939,0.0208089092179574,136.69974498718
29,-0.168846556884533,0.507308095346071,0.169230769230769,-0.0594463754664899,0.379178302124874,0.159865963329192,-0.155192949096723,0.236265272877025,0.0405361618901514,-0.361300354746154,0.055081912834878,-0.153109220955638,-0.230427666891919,0.241793228783147,0.00568278094561394,0.00678707821133788,0.554063410969212,0.280425244590275,-0.278016635171469,0.138406921107113,-0.0698048570321781,-0.237410386543993,0.206263916883249,-0.0155732348303721,136.816154128205
30,-0.168846556884533,0.507308095346071,0.169230769230769,-0.112164040035474,0.25601687566632,0.0719264178154231,-0.114092403276538,0.246822126815524,0.0663648617694932,-0.365418864702971,0.0121862337987092,-0.176616315452131,-0.206987631778337,0.128885684871893,-0.0390509734532218,0.0396159928700367,0.531120371273171,0.285368182071604,-0.309940278937008,0.0761979871155247,-0.116871145910742,-0.289194334650539,0.150285128236745,-0.0694546032068971,136.915900820513
31,-0.168846556884533,0.507308095346071,0.169230769230769,-0.176083902589851,0.233281762836693,0.028598930123421,-0.144621605688533,0.256417364879275,0.055897879595371,-0.346010115708348,0.0132380333058128,-0.166386041201268,-0.23834942716999,0.0556275656059161,-0.0913609307820371,0.0564883223350469,0.5227755868966,0.289631954615823,-0.291266442665202,0.0962861121783507,-0.0974901652434255,-0.305384196134228,0.143280320097071,-0.0810519380185782,136.99949074359
32,-0.168846556884533,0.507308095346071,0.169230769230769,-0.251050576865081,0.224487341606043,-0.0132816176295194,-0.152561737226131,0.250023901420525,0.0487310820971968,-0.33914049754705,0.0555751358376924,-0.141782680854679,-0.231538097666505,0.0293757577671422,-0.101081169949682,0.0939119779613453,0.57674422183266,0.335328099897002,-0.264732245271739,0.141756967981094,-0.0614876386453223,-0.313137506071536,0.151081089178183,-0.0810282084466768,137.083589897436
33,-0.168846556884533,0.507308095346071,0.169230769230769,-0.329135768827519,0.157660339716766,-0.0857377145553764,-0.162496682411069,0.184163219514906,0.0108332685519183,-0.322931889656326,0.117178789816117,-0.102876549920105,-0.27762625808721,0.0465135490851068,-0.115556354501051,0.0732550632641467,0.560736018865685,0.316995541064916,-0.197904575252332,0.253464810175251,0.0277801174614595,-0.265067080462988,0.202340245787702,-0.031363417337643,137.199231487179
34,-0.168846556884533,0.507308095346071,0.169230769230769,-0.294278461087714,0.157520068531301,-0.0683791962782068,-0.170235245837698,0.144578360127199,-0.01282844285525,-0.298446027815033,0.154119534637439,-0.0721632465887968,-0.281587927012036,0.0434843724934125,-0.119051777259312,-0.0603419828211074,0.413123705687812,0.176390861433352,-0.203709022998121,0.31467217802777,0.0554815775148248,-0.256236873258485,0.228285981127146,-0.0139754460656694,137.315129897436
35,-0.168846556884533,0.507308095346071,0.169230769230769,-0.291010368194373,0.170386071085721,-0.060312148554326,-0.198282514361714,0.115595370454417,-0.0413435719536485,-0.282113084184527,0.149758467262599,-0.0661773084609643,-0.229282736607028,0.00800597628348561,-0.110638380161771,-0.14980198741305,0.305819876734907,0.0780089446609288,-0.189602338356486,0.353194779837942,0.0817962207407284,-0.241626354880769,0.214790703512018,-0.0134178256843756,137.415385025641
36,-0.168846556884533,0.507308095346071,0.169230769230769,-0.29270395317584,0.17727178717703,-0.0577160829994046,-0.203919440757749,0.121851100740606,-0.0410341700085711,-0.254557606612424,0.147515964493863,-0.0535208210592807,-0.226731575646016,0.0248992414252768,-0.100916167110369,-0.177698178261131,0.278803698001748,0.0505527598703086,-0.170753840555991,0.37012283132859,0.0996844953862995,-0.207221900639067,0.230944950459498,0.0118615249102155,137.499487282051
37,-0.168846556884533,0.507308095346071,0.169230769230769,-0.327809130164374,0.0950367014575544,-0.11638621435341,-0.189698255827147,0.183946917148095,-0.00287566933952586,-0.272858803748853,0.10527282778287,-0.0837929879829914,-0.181343062757995,0.168819076725143,-0.00626199301642583,-0.121048672278082,0.346010495177638,0.112480911449778,-0.167719182707978,0.319096247739476,0.075688532515749,-0.155838521941401,0.254928260811041,0.0495448694348199,137.583589948718
38,-0.168846556884533,0.507308095346071,0.169230769230769,-0.26885349026832,0.16738408344763,-0.050734703410345,-0.187501095677872,0.256190220424668,0.034344562373398,-0.331452899039206,0.0561434257099919,-0.137654736664607,-0.205350569919744,0.152048317502683,-0.0266511262085309,-0.0167034973339905,0.481680754259192,0.232488628462601,-0.221361232926795,0.211597504534066,-0.00488186419636457,-0.140625768311591,0.257450756709506,0.0584124941989577,137.69923124359
39,-0.168846556884533,0.507308095346071,0.169230769230769,-0.244470693313922,0.210624856222308,-0.016922918545807,-0.213418308204136,0.216003581697238,0.00129263674655126,-0.354178421636709,0.0238026031154269,-0.165187909260641,-0.279383208286304,0.390859593191747,0.0557381924527215,0.0108477249642154,0.556926681129987,0.283887203047101,-0.298801806535483,0.144360319524673,-0.0772207435054049,-0.168732054261673,0.282829732925851,0.0570488393320889,137.815386653846
40,-0.168846556884533,0.507308095346071,0.169230769230769,-0.267349144144253,0.379821368468428,0.0562361121620876,-0.183911901497847,0.186595202832837,0.00134165066749508,-0.369013934611986,-0.033598591755576,-0.201306263183781,-0.251100488870704,0.336149272926442,0.0425243920278691,0.0360707297163632,0.581631603153613,0.308851166434988,-0.361611945659033,0.0704909328767861,-0.145560506391124,-0.144326163498409,0.339790961974438,0.0977323992380141,137.91487274359
41,-0.168846556884533,0.507308095346071,0.169230769230769,-0.303076144683281,0.282021232473941,-0.0105274561046699,-0.150491667883821,0.266695921023665,0.0581021265699221,-0.391597339492183,-0.0880418663516368,-0.23981960292191,-0.28840439271873,0.399316380037876,0.0554559936595727,-0.00129001223066614,0.549251715736157,0.273980851752746,-0.363539606939786,0.0789903804573566,-0.142274613241215,-0.0551677552583301,0.446309708782945,0.195570976762308,137.998720051282
42,-0.168846556884533,0.507308095346071,0.169230769230769,-0.303363476235083,0.287407310459362,-0.00797808288786037,-0.128503830697755,0.336522607344807,0.104009388323526,-0.380533298622229,-0.0907656004904078,-0.235649449556319,-0.308193040605958,0.344590073498569,0.0181985164463054,-0.0181139319412225,0.516751583724496,0.249318825891637,-0.364639576403481,0.0569137736649987,-0.153862901369241,-0.0273376963136678,0.463607920549953,0.218135112118142,138.083590564103
43,-0.168846556884533,0.507308095346071,0.169230769230769,-0.253131448883499,0.190096410293963,-0.0315175192947681,-0.154443705149543,0.362074550156775,0.103815422503616,-0.303250818486525,0.0322879314559505,-0.135481443515287,-0.355002254819441,0.0731417719210307,-0.140930241449205,-0.0679407192285477,0.446201640800125,0.189130460785789,-0.276443174791265,0.11184383685581,-0.0822996689677272,-0.0378560947153374,0.416779702757847,0.189461804021255,138.199231576923
44,-0.168846556884533,0.507308095346071,0.169230769230769,-0.252940011089322,0.144551823955943,-0.0541940935666893,-0.154798098467537,0.306123740998584,0.0756628212655234,-0.19069017041098,0.171078371198122,-0.00980589960642885,-0.345505309129687,-0.141222970634922,-0.243364139882305,-0.0637915121650914,0.456898769306292,0.1965536285706,-0.25734687293659,0.101998707479005,-0.0776740827287927,-0.0216149442231014,0.457673345628667,0.218029200702783,138.315641948718
45,-0.179079681544201,0.53805404051856,0.17948717948718,-0.196267632526055,0.332764087566015,0.0682482275199802,-0.154372471624798,0.267090169666212,0.0563588490207067,-0.178436744306834,0.26424677148273,0.0429050135879477,-0.354670442474681,-0.122696755476612,-0.238683598975647,-0.00336083212685891,0.495599129363284,0.246119148618213,-0.248808604058876,0.112475776782765,-0.0681664136380553,0.00592617168855784,0.469648719825457,0.237787445757007,138.415643051282
46,-0.168846556884533,0.507308095346071,0.169230769230769,-0.155231169569486,0.400227158022509,0.122497994226512,-0.150934478881373,0.261666862235234,0.0553661916769304,-0.2324401451128,0.279682944278495,0.0236213995828474,-0.316288012170177,-0.0167153043857943,-0.166501658277985,0.0557021906133279,0.531230585057014,0.293466387835171,-0.306849747587215,0.073897198976903,-0.116476274305156,-0.0483839184008736,0.405670008106263,0.178643044852695,138.499231230769
47,-0.168846556884533,0.507308095346071,0.169230769230769,-0.104260112297874,0.462136920308653,0.17893840400539,-0.131481362406058,0.283424157452256,0.075971397523099,-0.292889164427651,0.224840778707972,-0.0340241928598392,-0.268793188358489,0.172989828705531,-0.0479016798264788,0.0546603351346209,0.506191817811087,0.280426076472854,-0.374595841502341,0.0376183421215052,-0.168488749690418,-0.0793315327436409,0.366640817622091,0.143654642439225,138.583591384615
48,-0.172683978631908,0.518837824785755,0.173076923076923,-0.124598591413735,0.451140846380072,0.163271127483169,-0.0782632565954386,0.337443164152155,0.129589953778358,-0.312806141849017,0.12781074768547,-0.0924976970817735,-0.223693694362182,0.219727412812739,-0.00198314077472147,0.0278075185067674,0.475016454718056,0.251411986612412,-0.432617100441448,-0.00934514316639686,-0.220981121803922,-0.157193180665057,0.317194729234375,0.0800007742846591,138.698718730769
49,-0.168846556884533,0.507308095346071,0.169230769230769,-0.20065705937433,0.456356363542401,0.127849652084036,-0.0505625518746174,0.407465775666343,0.178451611895863,-0.314823851556613,0.12950087571798,-0.0926614879193169,-0.17515413783426,0.212640463509549,0.0187431628376444,0.00967360070284592,0.449235798944812,0.229454699823829,-0.448581535218625,-0.0524373620099946,-0.25050944861431,-0.210539245901051,0.266028953739708,0.0277448539193285,138.814616333333
50,-0.168846556884533,0.507308095346071,0.169230769230769,-0.261441874482491,0.379391437043761,0.0589747812806348,-0.0616668347846341,0.340144570328351,0.139238867771859,-0.302889034857883,0.252484074551819,-0.0252024801530318,-0.176510712941229,0.136178447132472,-0.0201661329043783,0.012878512997564,0.435690725576284,0.224284619286924,-0.384772221928429,-0.0123795020368575,-0.198575861982643,-0.225748571394174,0.223591754497484,-0.00107840844834534,138.915129423077
51,-0.168846556884533,0.507308095346071,0.169230769230769,-0.263714531161332,0.233603944542571,-0.0150552933093804,-0.0772990669279124,0.350602255720832,0.13665159439646,-0.314623814145658,0.307073842755099,-0.00377498569527966,-0.181273356556439,0.163721777453975,-0.00877578955123209,-0.0277322047040014,0.414415579835611,0.193341687565805,-0.334431362464071,0.071825859013778,-0.131302751725146,-0.241261984833923,0.18620408380505,-0.0275289505144367,138.999236692308
52,-0.168846556884533,0.507308095346071,0.169230769230769,-0.167280554648937,0.292591227732753,0.0626553365419082,-0.182145137771784,0.383706450829954,0.100780656529085,-0.283768701322783,0.321921594992398,0.0190764468348075,-0.183214181421846,0.182390545241999,-0.000411818089923455,-0.143480691285845,0.334094837346476,0.0953070730303155,-0.267771647601807,0.20470380013176,-0.0315339237350232,-0.175850463515526,0.246873658435521,0.0355115974599971,139.08359025641
53,-0.168846556884533,0.507308095346071,0.169230769230769,-0.0980136342269985,0.435515296077966,0.168750830925484,-0.24984759075759,0.363914676336089,0.0570335427892493,-0.288923757116099,0.263426656093934,-0.0127485505110829,-0.131971670613716,0.459164723996504,0.163596526691394,-0.312522488979122,0.20626934339384,-0.0531265727926411,-0.237851022062405,0.323634323453649,0.0428916506956218,-0.0893582569091437,0.378207776958666,0.144424760024761,139.199231769231
54,-0.168846556884533,0.507308095346071,0.169230769230769,-0.00623364492325406,0.55293989343068,0.273353124253713,-0.298816621325596,0.321707925164754,0.0114456519195789,-0.301763393066899,0.155927968095047,-0.0729177124859258,-0.0286642910955311,0.650935954929972,0.311135831917221,-0.420044172601425,0.0459796910102154,-0.187032240795605,-0.27713399141707,0.261896412547685,-0.00761878943469271,-0.00301164898934599,0.495143795035416,0.246066073023035,139.31487375641
55,-0.168846556884533,0.507308095346071,0.169230769230769,-0.045899026435191,0.462576061753299,0.208338517659054,-0.251631874634608,0.380866986859445,0.0646175561124185,-0.327716958666197,0.0579312072684701,-0.134892875698863,0.0123862863800675,0.666126675271072,0.33925648082557,-0.343055559917346,0.110035232965902,-0.116510163475722,-0.393815734625405,0.108209694355186,-0.14280302013511,-0.0252846742461006,0.475953484733209,0.225334405243554,139.414617012821
56,-0.168846556884533,0.507308095346071,0.169230769230769,-0.0933638574600871,0.405458429854557,0.156047286197235,-0.167422153029701,0.358120256085105,0.095349051527702,-0.355103514637017,0.0206474493374219,-0.167228032649797,-0.0862674047497765,0.540545652664438,0.227139123957331,-0.278888202108171,0.169045330996699,-0.0549214355557362,-0.451053878589557,0.0375680737406552,-0.206742902424451,-0.00110993746403444,0.514423949510154,0.25665700602306,139.498976230769
57,-0.168846556884533,0.507308095346071,0.169230769230769,-0.149852652324799,0.405444234925389,0.127795791300295,-0.104717748377235,0.370226595298457,0.132754423460611,-0.375833844888319,0.0168921292670473,-0.179470857810636,-0.13954837839242,0.41550819816886,0.13797990988822,-0.24457944340791,0.249366136314258,0.002393346453174,-0.484647226596212,0.0203592573791375,-0.232143984608537,0.0142525462548603,0.508466968451924,0.261359757353392,139.583590358974
58,-0.168846556884533,0.507308095346071,0.169230769230769,-0.162963430717635,0.416958905769682,0.126997737526023,-0.116691464562303,0.372589404118493,0.127948969778095,-0.386053120840126,-0.0292438373113573,-0.207648479075741,-0.149519547652362,0.303422545949099,0.0769514991483683,-0.303497269375015,0.177048219813571,-0.0632245247807218,-0.467808051610595,0.0970076564472227,-0.185400197581686,-0.0166174649293337,0.45422398996948,0.218803262520073,139.699231025641
59,-0.168846556884533,0.507308095346071,0.169230769230769,-0.130652831638358,0.432574123649261,0.150960646005451,-0.153195712138843,0.332304428231355,0.0895543580462562,-0.362163545442013,0.0054072082713101,-0.178378168585352,-0.145567052883488,0.300764862173343,0.0775989046449275,-0.296780332986694,0.161561245703306,-0.0676095436416936,-0.45973483784418,0.0623879208960005,-0.19867345847409,-0.0353324617665304,0.439266287418575,0.201966912826022,139.815387051282
60,-0.168846556884533,0.507308095346071,0.169230769230769,-0.164710431457337,0.379723800263252,0.107506684402957,-0.15984228066754,0.354642583116165,0.0974001512243127,-0.352356891784756,0.0377655038888894,-0.157295693947933,-0.119939824176484,0.558078820682683,0.2190694982531,-0.240360915700514,0.215775137210024,-0.012292889245245,-0.413308016192384,0.0194209612268926,-0.196943527482746,-0.0476897475441124,0.410328826378822,0.181319539417355,139.915386141026
61,-0.168846556884533,0.507308095346071,0.169230769230769,-0.151776395432362,0.406148034991372,0.127185819779505,-0.168339807302324,0.368197447337832,0.0999288200177542,-0.364040217710977,0.0144688255057348,-0.174785696102621,-0.128239661807172,0.596042738234462,0.233901538213645,-0.164061988942985,0.300199551886108,0.0680687814715616,-0.395733125719438,0.0115724416588096,-0.192080342030314,-0.0388490921929062,0.370871206800538,0.166011057303816,139.999487948718
62,-0.168846556884533,0.507308095346071,0.169230769230769,-0.110617119605716,0.355475015505688,0.122428947949986,-0.102329410501991,0.486365464115635,0.192018026806822,-0.399282037502075,-0.0310247580312725,-0.215153397766674,-0.0990388063696544,0.618227090145757,0.259594141888051,-0.111845263830683,0.355717988282125,0.121936362225721,-0.407261801871457,0.0424553665791099,-0.182403217646173,-0.0831748689898176,0.291088898744989,0.103957014877586,140.083850102564
63,-0.172683978631908,0.518837824785755,0.173076923076923,-0.0491353834747063,0.390171136110788,0.170517876318041,-0.116864623489709,0.398603298836464,0.140869337673377,-0.456528877377418,-0.0989922934289851,-0.277760585403202,-0.108165553869132,0.826954146437361,0.359394296284115,-0.0293267771806145,0.460432567974097,0.215552895396741,-0.397465146971092,0.0974098914421171,-0.150027627764487,-0.150845207651731,0.282233849103905,0.065694320726087,140.19974425641
64,-0.173963119214367,0.522681067932316,0.174358974358974,-0.0713620036153283,0.384197460786774,0.156417728585723,-0.14831720951429,0.328323048367255,0.0900029194264825,-0.429155320390418,-0.104061919635899,-0.266608620013159,-0.195645858083322,0.629066742565716,0.216710442241197,0.0382887346046783,0.572870853719053,0.305579794161866,-0.403686808242242,0.139744698861667,-0.131971054690288,-0.0737885488190616,0.403837146912666,0.165024299046802,140.315642538462
65,-0.168846556884533,0.507308095346071,0.169230769230769,-0.113610410644897,0.377163753897475,0.131776671626289,-0.232159877598683,0.251461340487909,0.00965073144461283,-0.37432417139833,-0.038635006991469,-0.206479589194899,-0.231970871425793,0.409281965462055,0.0886555470181313,0.0032017248943876,0.583000896695932,0.29310131079516,-0.321627953795402,0.20484636872823,-0.058390792533586,0.0542674649246275,0.524659329243551,0.289463397084089,140.414873871795
66,-0.168846556884533,0.507308095346071,0.169230769230769,-0.111705274034846,0.453667552809791,0.170981139387472,-0.193979145912388,0.334235039758671,0.0701279469231418,-0.378944271830865,0.065851774564236,-0.156546248633314,-0.204221884749225,0.244695809936634,0.0202369625937046,-0.105103894320444,0.491502135837119,0.193199120758337,-0.289857394040719,0.203757460212481,-0.0430499669141192,0.0713503732171761,0.52544679464916,0.298398583933168,140.498975666667
67,-0.173963119214367,0.522681067932316,0.174358974358974,-0.0859627132650017,0.553028453072388,0.233532869903693,-0.14408194079971,0.398677364005568,0.127297711602929,-0.362707840507544,0.254812150922716,-0.0539478447924138,-0.209187113882604,0.184988506135105,-0.0120993038737494,-0.217416500990452,0.328054500646524,0.0553189998280362,-0.229328230738614,0.224769079522432,-0.00227957560809114,0.0432533486182689,0.489729604482971,0.26649147655062,140.583847230769
68,-0.184196243874036,0.553427013104805,0.184615384615385,-0.0109815875987661,0.544454341211619,0.266736376806426,-0.083962497119088,0.479219960447142,0.197628731664027,-0.35103220852698,0.431305571263491,0.0401366813682557,-0.207805394433237,0.20941946477719,0.000807035171976359,-0.26617648842785,0.206912992088954,-0.0296317481694481,-0.214296231062852,0.200928321536177,-0.00668395476333735,-0.0528463375200309,0.400436281998013,0.173794972238991,140.700000217949
69,-0.168846556884533,0.507308095346071,0.169230769230769,-0.0104698740937148,0.537309154604668,0.263419640255476,-0.00936090665834332,0.529626437706128,0.260132765523892,-0.315517402312063,0.150695563251202,-0.0824109195304303,-0.220206045331659,0.124243280215966,-0.0479813825578467,-0.215231810322102,0.274977243286515,0.0298727164822067,-0.284911029284862,0.137604424285143,-0.0736533024998591,-0.130396158552685,0.369232108383862,0.119417974915589,140.816155692308
70,-0.168846556884533,0.507308095346071,0.169230769230769,-0.0308759212075554,0.587177666075832,0.278150872434139,-0.0165474065732265,0.523381938110975,0.253417265768874,-0.273911957546031,0.211006113691909,-0.0314529219270611,-0.223113113308629,0.231790070909043,0.00433847880020695,-0.190195806171636,0.348172428254961,0.0789883110416621,-0.346104967602661,0.0937887488379671,-0.126158109382347,-0.222839562173334,0.277235174675031,0.0271978062508485,140.915901128205
71,-0.168846556884533,0.507308095346071,0.169230769230769,-0.08391867361893,0.58282516029862,0.249453243339845,0.0256510169416036,0.641426034017941,0.333538525479772,-0.302209214527343,0.248174206470066,-0.0270175040286383,-0.226240682115549,0.238430325144976,0.0060948215147136,-0.200101469688681,0.353943657558906,0.0769210939351125,-0.390237319957268,0.0452919107963915,-0.172472704580438,-0.292911328277731,0.179073341978108,-0.0569189931498114,140.999744410256
72,-0.168846556884533,0.507308095346071,0.169230769230769,-0.00259056002659046,0.684389451451852,0.340899445712631,0.0761151001876041,0.717064447804882,0.396589773996243,-0.349959580474666,0.232445971342354,-0.0587568045661563,-0.253108017962039,0.184051246923983,-0.0345283855190277,-0.201818952842481,0.318877899165189,0.0585294731613537,-0.440617506261871,-0.0148643533476665,-0.227740929804769,-0.346847079905661,0.107685557993032,-0.119580760956314,141.083846923077
73,-0.173963119214367,0.522681067932316,0.174358974358974,-0.00815325847907283,0.6102396631744,0.301043202347664,0.0852415766008726,0.703812854159799,0.394527215380336,-0.346444575736224,0.214268862537215,-0.0660878565995048,-0.226375414734983,0.106482146683075,-0.059946634025954,-0.204245168062564,0.252827652984614,0.024291242461025,-0.49952529866812,-0.0665796730416933,-0.283052485854906,-0.380203429824472,0.0776181448599475,-0.151292642482262,141.198462538462
74,-0.168846556884533,0.507308095346071,0.169230769230769,0.0429388283307056,0.707932753262724,0.375435790796715,0.0061783820487508,0.544400826173212,0.275289604110982,-0.312791044049697,0.292475007926658,-0.0101580180615193,-0.279196568645151,0.618019126096033,0.169411278725441,-0.249569685851186,0.153933631722589,-0.0478180270642983,-0.542187999391113,-0.104144325079436,-0.323166162235275,-0.358948470290316,0.126274958987755,-0.116336755651281,141.314363012821
75,-0.184196243874036,0.553427013104805,0.184615384615385,0.0938160382610362,0.645914730846671,0.369865384553854,-0.0496721594371373,0.448992768777396,0.199660304670129,-0.35962609472133,0.170266315865629,-0.0946798894278502,-0.229607561586865,0.395700155307296,0.0830462968602154,-0.241858617826121,0.17651201322966,-0.0326733022982303,-0.474074644479283,-0.0378682855623716,-0.255971465020828,-0.290975170209445,0.19154919885971,-0.0497129856748673,141.414104538462
76,-0.168846556884533,0.507308095346071,0.169230769230769,0.111053944663177,0.657211569299392,0.384132756981285,-0.106101012636154,0.368447232225633,0.13117310979474,-0.394575633993545,0.0813128892355887,-0.156631372378978,-0.247027939438063,0.0984281444218295,-0.0742998975081167,-0.229979556810354,0.218921656520571,-0.00552895014489163,-0.390692562175784,0.0275908096560928,-0.181550876259846,-0.156050050633365,0.286672715524879,0.0653113324457566,141.498208358974
77,-0.168846556884533,0.507308095346071,0.169230769230769,0.150711231015291,0.770121759255461,0.460416495135376,-0.14182594071748,0.318882127519376,0.0885280934009482,-0.371664866243793,0.0306931764333598,-0.170485844905217,-0.311373809841998,-0.0799418795810375,-0.195657844711518,-0.18998957269006,0.279219472789152,0.0446149500495463,-0.278533008648496,0.141311049098751,-0.0686109797748725,-0.054487205186643,0.353838399580028,0.149675597196693,141.583849589744
78,-0.168846556884533,0.507308095346071,0.169230769230769,0.130880145240129,0.653440473930215,0.392160309585172,-0.136689656446102,0.297994880769773,0.0806526121618358,-0.320770952407391,0.0214854960230229,-0.149642728192184,-0.320300436174214,-0.0898884497873656,-0.20509444298079,-0.180909062578871,0.30134967335485,0.0602203053879894,-0.212667219138733,0.197475698704596,-0.00759576021706888,0.0146417390102356,0.409094732129083,0.211868235569659,141.699835589744
79,-0.168846556884533,0.507308095346071,0.169230769230769,0.0887589370940654,0.590455629621512,0.339607283357789,-0.119899064849492,0.290565194433504,0.0853330647920059,-0.286086987911329,0.0402016437425634,-0.122942672084383,-0.323219531099765,-0.0478450558497694,-0.185532293474767,-0.187401380973241,0.306232614631519,0.059415616829139,-0.179012256666794,0.219744928556142,0.0203663359446737,-0.0403610185868212,0.346842168353163,0.153240574883171,141.799998307692
80,-0.173963119214367,0.522681067932316,0.174358974358974,-0.0344866569074714,0.479427264799982,0.222470303946256,-0.171633132815155,0.199736467347859,0.0140516672663522,-0.271480036011035,0.0756202475111053,-0.0979298942499647,-0.341652874214783,-0.018819662916714,-0.180236268565749,-0.225762452280571,0.240899289153868,0.00756841843664865,-0.190544570893789,0.190395495704444,-7.45375946724504e-05,-0.129145322088152,0.259186056669855,0.0650203672908515,141.900000974359
81,-0.173963119214367,0.522681067932316,0.174358974358974,-0.0940931487864798,0.420526272582882,0.163216561898201,-0.25223291836007,0.0566033712508079,-0.0978147735546308,-0.247826652944968,0.0839651580896721,-0.0819307474276478,-0.374283933809498,-0.0312702587378958,-0.202777096273697,-0.282824172112363,0.144155864409388,-0.0693341538514873,-0.154800298693562,0.2376840549297,0.0414418781180691,-0.166636183948109,0.220988717795583,0.0271762669237372,142.000003025641
82,-0.168846556884533,0.507308095346071,0.169230769230769,-0.0586195391419027,0.420787883341892,0.181084172099994,-0.320872276021416,-0.0263711997121875,-0.173621737866802,-0.191207209407466,0.14309426316332,-0.0240564731220727,-0.403396387910731,0.279170471872557,-0.0621129580190867,-0.375282530880894,0.0353564048942014,-0.169963062993346,-0.12780035063729,0.286448874997327,0.0793242621800181,-0.175886690188737,0.225333326587669,0.0247233181994661,142.100000923077
83,-0.173963119214367,0.522681067932316,0.174358974358974,-0.0483021929070937,0.348300012850175,0.149998909971541,-0.331454042906789,-0.0237496620795246,-0.177601852493157,-0.193124015844731,0.151259764554358,-0.0209321256451862,-0.3808801519367,0.203571566760798,-0.0886542925879507,-0.384551572488547,0.0330075281180248,-0.175772022185261,-0.122720028358459,0.283562037922835,0.0804210047821878,-0.12168393616403,0.260741021582275,0.0695285427091226,142.200004
84,-0.184196243874036,0.553427013104805,0.184615384615385,-0.0164535401287033,0.361386904281419,0.172466682076358,-0.318910810199949,0.0301347662910997,-0.144388021954425,-0.200769956707088,0.156419066455996,-0.0221754451255458,-0.341106651092373,0.106858457144431,-0.117124096973971,-0.360310352880449,0.0863328186726658,-0.136988767103892,-0.160461215152227,0.223138573393747,0.0313386791207598,-0.138974164564282,0.250267781514654,0.0556468084751862,142.299997897436
85,-0.179079681544201,0.53805404051856,0.17948717948718,-0.0576972037534537,0.386481710998049,0.164392253622298,-0.253350641996817,0.119496167592999,-0.0669272372019091,-0.191482649080289,0.168207468095369,-0.0116375904924601,-0.342557388077713,0.0263461584470587,-0.158105614815327,-0.368321282463978,0.0969122654408875,-0.135704508511545,-0.222121468775025,0.133804353793975,-0.0441585574905245,-0.160849017136908,0.22756185780023,0.0333564203316608,142.400002820513
86,-0.168846556884533,0.507308095346071,0.169230769230769,-0.0628541680556162,0.414633042956231,0.175889437450307,-0.216413708308936,0.238940711523212,0.0112635016071381,-0.168147393140104,0.227912066322147,0.0298823365910215,-0.353167715861286,-0.0282319940039523,-0.190699854932619,-0.402464791535504,0.0816041857713987,-0.160430302882053,-0.251087023287406,0.0958667186597478,-0.0776101523138289,-0.200137271310089,0.210931235812589,0.0053969822512498,142.500001538462
87,-0.168846556884533,0.507308095346071,0.169230769230769,-0.0517859858174421,0.420611097045689,0.184412555614124,-0.219540358976034,0.363720447591121,0.0720900443075435,-0.154996499067004,0.256923448034465,0.0509634744837306,-0.350077329649179,-0.0763518958139554,-0.213214612731567,-0.384262141410814,0.0938078312635926,-0.145227155073611,-0.284546163130667,0.0617080254072446,-0.111419068861711,-0.216114911385066,0.213471730978854,-0.00132159020310607,142.600001589744
88,-0.168846556884533,0.507308095346071,0.169230769230769,-0.0741841747377417,0.458010214269507,0.191913019765882,-0.233075104430177,0.375592042099089,0.071258468834456,-0.182692284329075,0.215755554381608,0.0165316350262664,-0.33211055486722,-0.0151575797122418,-0.173634067289731,-0.36472815405436,0.0979176117759651,-0.133405271139197,-0.304611495724949,0.0633593859890528,-0.120626054867948,-0.186367705903513,0.252623847885713,0.0331280709910999,142.700008102564
89,-0.173963119214367,0.522681067932316,0.174358974358974,-0.116148675998409,0.428462987027974,0.156157155514782,-0.229529473382162,0.398948608263603,0.0847095674407206,-0.176117163257603,0.198268407901639,0.0110756223220177,-0.312625971503279,0.013452517262689,-0.149586727120295,-0.341950933926863,0.101746489731903,-0.12010222209748,-0.309862108841157,0.0413858057234558,-0.134238151558851,-0.182061639436585,0.251401272320973,0.0346698164421941,142.800255435897
90,-0.168846556884533,0.507308095346071,0.169230769230769,-0.195246101589952,0.314394248177829,0.0595740732939385,-0.245943202167357,0.404248820239228,0.0791528090359359,-0.211833007284162,0.198990352516727,-0.00642132738371732,-0.286171229653956,0.0482942670250206,-0.118938481314468,-0.31458181881375,0.127841517805318,-0.0933701505042159,-0.284901656020923,0.0769341128234023,-0.10398377159876,-0.203208565881743,0.230819444626176,0.0138054393722163,142.900257384615
91,-0.168846556884533,0.507308095346071,0.169230769230769,-0.226336061283145,0.231295753642872,0.00247984617986341,-0.25197346090382,0.353967481333567,0.0509970102148735,-0.238091006293931,0.156126078545927,-0.040982463874002,-0.280467904653561,-0.029393673358167,-0.154930789005864,-0.317261686123012,0.110181958959482,-0.103539863581765,-0.217620628229892,0.150638296969067,-0.0334911656304129,-0.194508679123905,0.237803283497794,0.0216473021869443,143.000002512821
92,-0.168846556884533,0.507308095346071,0.169230769230769,-0.180487850088129,0.233691215964571,0.0266016829382214,-0.257738331543443,0.192920517687442,-0.0324089069280008,-0.307924336434608,0.0484148638877167,-0.129754736273446,-0.246228248047557,-0.011875559031273,-0.129051903539415,-0.322722352279427,0.087347699414933,-0.117687326432247,-0.132279761269071,0.239493969136416,0.0536071039336727,-0.172622122774787,0.285743226218757,0.0565605517219849,143.099746358974
93,-0.168846556884533,0.507308095346071,0.169230769230769,-0.122356771954119,0.311900399297131,0.0947718136715059,-0.2724707564228,0.115404715240788,-0.0785330205910063,-0.33971750237691,0.0293456404969309,-0.15518593093999,-0.259645973038985,-0.0302261402767484,-0.144936056657867,-0.372074498020076,0.0248591323867914,-0.173607682816643,-0.0859835330009406,0.279392850473605,0.096704658736332,-0.122969414876304,0.379590301929455,0.128310443526576,143.20000574359
94,-0.168846556884533,0.507308095346071,0.169230769230769,-0.0851851638912621,0.331767740327183,0.12329128821796,-0.243971702345022,0.149602909163603,-0.0471843965907098,-0.385478441997354,-0.0307915209004753,-0.208134981448915,-0.286604877903498,-0.0384633173059663,-0.162534097604732,-0.357438541004701,0.0447431665115769,-0.156347687246562,-0.131959770981839,0.249134668105879,0.0585874485620201,-0.103490872990814,0.405308831830411,0.150908979419799,143.30025374359
95,-0.168846556884533,0.507308095346071,0.169230769230769,-0.104972579347824,0.269880149290243,0.0824537849712093,-0.187254898089859,0.232631597029196,0.022688349469669,-0.430656563956366,-0.101364699912339,-0.266010631934352,-0.305987831270634,-0.0527762963002422,-0.179382063785438,-0.325353712547882,0.0738373681885572,-0.125758172179663,-0.183524839999472,0.214888463856953,0.0156818119287408,-0.101002416087607,0.388015424272846,0.143506504092619,143.400256615385
96,-0.168846556884533,0.507308095346071,0.169230769230769,-0.103251432305344,0.371891990206988,0.134320278950822,-0.156192967106935,0.296602724557376,0.0702048787252204,-0.478514478620121,-0.182296950583274,-0.330405714601698,-0.281454001555157,-0.00714113728495057,-0.144297569420054,-0.265687444923632,0.138114750157713,-0.0637863473829594,-0.259510818804992,0.191147301968844,-0.0341817584180743,-0.204456373300053,0.237021446271682,0.0162825364858148,143.500002974359
97,-0.168846556884533,0.507308095346071,0.169230769230769,-0.0770422993419761,0.520253382582609,0.221605541620316,-0.163633989213775,0.32354814259061,0.0799570766884174,-0.502641026443648,-0.174990076970714,-0.338815551707181,-0.256267129180586,0.03383406922397,-0.111216529978308,-0.201118976791335,0.203753868643749,0.00131744592620686,-0.258013996333128,0.216642811857121,-0.0206855922380033,-0.259437322979488,0.147698609913516,-0.0558693565329858,143.599745435897
98,-0.168846556884533,0.507308095346071,0.169230769230769,-0.0789729854522137,0.573784122002261,0.247405568275024,-0.13576287498803,0.40621494798065,0.13522603649631,-0.461660091930895,-0.151725876175764,-0.306692984053329,-0.291659233468776,-0.00932867725145807,-0.150493955360117,-0.140793894058281,0.301951665141857,0.0805788855417877,-0.240614443798787,0.233844450899333,-0.00338499644972671,-0.301274295741049,0.0951425125987803,-0.103065891571134,143.700003948718
99,-0.168846556884533,0.507308095346071,0.169230769230769,-0.114697675206177,0.441110269957168,0.163206297375495,-0.0653793092892836,0.567271557739046,0.250946124224881,-0.438362936527712,-0.103349493584723,-0.270856215056218,-0.292632472533064,0.0106928477190714,-0.140969812406996,-0.192884592865713,0.242942455797591,0.025028931465939,-0.252246334227896,0.176411961078846,-0.0379171865745251,-0.290174445232173,0.106460177196378,-0.0918571340178972,143.800255692308
100,-0.184196243874036,0.553427013104805,0.184615384615385,-0.21568201583385,0.185687351670306,-0.0149973320817721,-0.0108822092746775,0.662830683385102,0.325974237055212,-0.379102067433827,-0.0843843695358284,-0.231743218484828,-0.290110050573842,-0.00896836070637813,-0.14953920564011,-0.239108084016981,0.179476128146797,-0.0298159779350919,-0.259414454618084,0.149398848138732,-0.0550078032396762,-0.280220796848189,0.0930519001626609,-0.093584448342764,143.900258820513
101,-0.168846556884533,0.507308095346071,0.169230769230769,-0.220034958505692,0.188499231352321,-0.0157678635766854,-0.0347028338847218,0.543982959855936,0.254640062985607,-0.334994230038168,-0.0436775018814153,-0.189335865959792,-0.278574601541753,-0.0336397073146535,-0.156107154428203,-0.220049694185121,0.167946965306601,-0.02605136443926,-0.262199510990918,0.124917950997232,-0.0686407799968426,-0.305063042867449,0.0743801991886729,-0.115341421839388,144.000001025641
102,-0.168846556884533,0.507308095346071,0.169230769230769,-0.265264354936388,0.127472812770572,-0.0688957710829081,-0.0756553027978865,0.39297436646642,0.158659531834267,-0.304003765993301,-0.00929898259204427,-0.156651374292673,-0.290217017267416,-0.0464297817322686,-0.168323399499842,-0.189374546018729,0.233909679132938,0.0222675665571047,-0.200068330163493,0.166291666483349,-0.0168883318400721,-0.333792010725064,0.0374107850727727,-0.148190612826146,144.099744307692
103,-0.173963119214367,0.522681067932316,0.174358974358974,-0.23894057742346,0.348693317384189,0.0548763699803645,-0.155198679680872,0.248158451167023,0.0464798857430751,-0.299810215965609,0.000445663868943735,-0.149682276048333,-0.257365192166314,0.0631609283777504,-0.0971021318942817,-0.203269529216426,0.231311552546903,0.0140210116652388,-0.163244456693474,0.180723746068637,0.00873964468758192,-0.380952923104138,0.00826077255723737,-0.186346075273451,144.200004051282
104,-0.179079681544201,0.53805404051856,0.17948717948718,-0.307437847065534,0.178991001984332,-0.0642234225406008,-0.211981968421114,0.180381637703941,-0.0158001653585861,-0.30140393437495,0.0486467545934924,-0.126378589890729,-0.275635964225277,-0.00205101562665857,-0.138843489925968,-0.180390063068509,0.254804040779232,0.0372069888553611,-0.0940482836403871,0.271361267775897,0.0886564920677548,-0.305692424880928,0.0802186085497502,-0.112736908165589,144.300256717949
105,-0.168846556884533,0.507308095346071,0.169230769230769,-0.267011297186418,0.234222038936152,-0.016394629125133,-0.274254825712671,0.146480537562293,-0.0638871440751893,-0.285466437164364,0.0830449217493942,-0.101210757707485,-0.294350408127524,0.0509989153607224,-0.121675746383401,-0.0994316030419195,0.338674856253711,0.119621626605895,-0.0645804365738159,0.31369628646858,0.124557924947382,-0.278021735054534,0.104442756435151,-0.0867894893096914,144.400256717949
106,-0.179079681544201,0.53805404051856,0.17948717948718,-0.142282715293399,0.483071252557624,0.170394268632112,-0.272627840290959,0.136296405442611,-0.0681657174241745,-0.263943460355974,0.102788694795501,-0.0805773827802363,-0.298058630195495,0.151666945138888,-0.0731958425283037,-0.0127658191606063,0.425201692905111,0.206217936872252,-0.105984770990789,0.287078599319317,0.0905469141642641,-0.314124544491209,0.0817518214177255,-0.116186361536742,144.50000174359
107,-0.18931280620387,0.56879998569105,0.18974358974359,-0.203460718165106,0.439679302684219,0.118109292259557,-0.220198055777356,0.213911404654589,-0.00314332556138351,-0.24606864416351,0.191039750591762,-0.0275144467858738,-0.30969864115723,0.115798631046474,-0.0969500050553778,-0.0432694356920584,0.418107474626177,0.187419019467059,-0.168332698979296,0.220549876202615,0.0261085886116596,-0.40174634252435,0.0264627580575678,-0.187641792233391,144.599746051282
108,-0.199545930863539,0.599545930863539,0.2,-0.296383907207813,0.342960802258628,0.0232884475254076,-0.124744908350383,0.325813242199258,0.100534166924437,-0.242348736768125,0.21855784734779,-0.0118954447101674,-0.308660392153599,0.0843225914788712,-0.112168900337364,-0.154561762512909,0.272036127575558,0.0587371825313247,-0.163208938820091,0.223495617169598,0.0301433391747535,-0.471856224264184,-0.0114207262182571,-0.24163847524122,144.700003538462
109,-0.245594991832048,0.73790268413974,0.246153846153846,-0.361618070190221,0.0426753557622377,-0.159471357213992,-0.112229450484804,0.372578163901713,0.130174356708454,-0.204874771929264,0.185438080947122,-0.00971834549107128,-0.31921407912063,0.0280890545676286,-0.145562512276501,-0.183403288399975,0.244960012694759,0.0307783621473918,-0.0829266500102345,0.306525806274104,0.111799578131935,-0.512138719171148,-0.0415970502916747,-0.276867884731411,144.800253384615
110,-0.255828116491716,0.768648629312229,0.256410256410256,-0.377745867527064,-0.0268211232953295,-0.202283495411197,-0.14684093470737,0.334750455888922,0.0939547605907758,-0.222144716860963,0.115689608237913,-0.0532275543115254,-0.322612934787011,0.0184035159912827,-0.152104709397864,-0.228078244610673,0.186928689915488,-0.0205747773475923,0.00844737405030439,0.418431318203413,0.213439346126859,-0.452174302899543,0.0138829679564602,-0.219145667471541,144.900257230769
111,-0.250711554161882,0.753275656725984,0.251282051282051,-0.367976547938653,0.0331707942685523,-0.16740287683505,-0.217306274432088,0.188217108508858,-0.0145445829616149,-0.203029825223752,0.128520968396012,-0.0372544284138699,-0.321670953112494,0.0431945768328621,-0.139238188139816,-0.251132499150857,0.183866464924088,-0.0336330171133843,0.0683679790274123,0.496216868449599,0.282292423738506,-0.401496055732357,0.0794057394907711,-0.161045158120793,145.000000666667
112,-0.26094467882155,0.784021601898474,0.261538461538462,-0.321447074771899,0.100977113156105,-0.110234980807897,-0.251413641996189,0.100680978054353,-0.0753663319709181,-0.193261061632078,0.143701622891853,-0.0247797193701122,-0.304354679380561,0.0734931714794529,-0.115430753950554,-0.312769213909164,0.099064696199918,-0.106852258854623,0.0728496022179276,0.540300627181803,0.306575114699865,-0.345705063105846,0.123435885212335,-0.111134588946755,145.099743794872
113,-0.255828116491716,0.768648629312229,0.256410256410256,-0.289122085448835,0.0943356856467504,-0.0973931999010422,-0.239479464932067,0.137670538837726,-0.0509044630471705,-0.207143980679,0.149809062122394,-0.028667459278303,-0.300618914914623,0.066898102815778,-0.116860406049422,-0.296744767714833,0.131284470968659,-0.0827301483730869,0.0495908978822525,0.556941790024691,0.303266343953472,-0.358969359085777,0.0780333231356269,-0.140468017975075,145.200003589744
114,-0.245594991832048,0.73790268413974,0.246153846153846,-0.285631667075948,0.0532640656462579,-0.116183800714845,-0.1935350184607,0.23149430126777,0.0189796414035349,-0.258761220287028,0.120466181808848,-0.0691475192390901,-0.296734198836562,0.0412242728698788,-0.127754962983341,-0.225154211745945,0.226174959343219,0.000510373798637027,0.0214071321760905,0.552418173317222,0.286912652746656,-0.3849855651544,0.0489306364398967,-0.168027464357252,145.300253435897
115,-0.250711554161882,0.753275656725984,0.251282051282051,-0.283020028910188,0.110678933799196,-0.0861705475554958,-0.169287629280268,0.296938764997553,0.0638255678586424,-0.300101660456287,0.0978700993100932,-0.101115780573097,-0.302859693607587,0.0231709232895059,-0.13984438515904,-0.119925024075717,0.366924958725554,0.123499967324919,-0.0163309029249104,0.517701084853897,0.250685090964493,-0.442946425397606,-0.00804303014465211,-0.225494727771129,145.400257641026
116,-0.255828116491716,0.768648629312229,0.256410256410256,-0.317405968615873,0.187320811951821,-0.0650425783320258,-0.158717564940971,0.343269454040151,0.09227594454959,-0.326833217440138,0.0708173882413672,-0.128007914599386,-0.319501111439377,-0.0409011798938484,-0.180201145666613,-0.0460157679995476,0.451295921203888,0.20264007660217,-0.0611815625903262,0.443721546818146,0.19126999211391,-0.43352959076398,-0.00125138251099644,-0.217390486637488,145.500001230769
117,-0.206595124456756,0.934800252661885,0.364102564102564,-0.326551021292784,0.177028813351575,-0.0747611039706045,-0.152477087947143,0.342157716392161,0.094840314222509,-0.352285677809008,0.0593252444501159,-0.146480216679446,-0.319931982583156,-0.124201780631571,-0.222066881607363,-0.0497946457872896,0.416116001704678,0.183160677958694,-0.116107540337081,0.34769080758725,0.115791633625085,-0.449545373133305,-0.00772601070610135,-0.228635691919703,145.599746307692
118,-0.219759378238181,1.10181066028946,0.441025641025641,-0.299756494313689,0.103061968178371,-0.0983472630676589,-0.0804276795052351,0.399666608631322,0.159619464563044,-0.350457623219172,0.0679284789541277,-0.141264572132522,-0.307599869012631,-0.136783993974168,-0.2221919314934,-0.0970179704028645,0.308456928786471,0.105719479191803,-0.199041936898988,0.246672436122414,0.023815249611713,-0.468823121098867,-1.8234971677016e-05,-0.234420678035272,145.700006
119,-0.223949102395617,1.11625679470331,0.446153846153846,-0.254786309000733,0.206101701023312,-0.0243423039887107,-0.0651501120968468,0.395542203927376,0.165196045915265,-0.307862451436484,0.0978124764344648,-0.105024987501009,-0.312211664667929,-0.0995968067091159,-0.205904235688523,-0.178113391178984,0.196498860535377,0.00919273467819611,-0.23605992190963,0.215502227536477,-0.0102788471865763,-0.486190365425174,-0.00875734606571512,-0.247473855745444,145.800254358974
120,-0.223949102395617,1.11625679470331,0.446153846153846,-0.239874886237318,0.223013519218538,-0.00843068350938989,0.00397120653511175,0.443940881382484,0.223956043958798,-0.246383056357211,0.159036035298134,-0.0436735105295386,-0.336703311285707,-0.11336077843362,-0.225032044859664,-0.176114101036541,0.209997448711846,0.0169416738376524,-0.24622668792139,0.171565024501555,-0.0373308317099172,-0.537023471593025,-0.0787823829854688,-0.307902927289247,145.900258512821
121,-0.218686283642142,1.12125038620624,0.451282051282051,-0.21107494059465,0.188772013876877,-0.0111514633588867,0.00503680312509508,0.428502188297479,0.216769495711287,-0.184744522705254,0.2009721237037,0.00811380049922304,-0.373376752802772,-0.171700056317583,-0.272538404560177,-0.15601707595,0.256367280538812,0.0501751022944064,-0.192277077676176,0.162435650481238,-0.014920713597469,-0.571650048417933,-0.115541973077846,-0.343596010747889,146.000001435897
122,-0.1313940678467,1.3313940678467,0.6,-0.267432221462102,0.0501133717797004,-0.108659424841201,0.0126354601908706,0.50741648915347,0.26002597467217,-0.126440241265611,0.256079489707261,0.0648196242208248,-0.367491129603097,-0.165874301614617,-0.266682715608857,-0.135309917385588,0.315620687414993,0.0901553850147027,-0.180955440938157,0.19562539725901,0.00733497816042645,-0.686149467903441,-0.228866299837836,-0.457507883870639,146.099745076923
123,-0.155353113767116,1.71432747274148,0.77948717948718,-0.276616885460175,0.0461155797375008,-0.115250652861337,-0.033056729214462,0.536507272861214,0.251725271823376,-0.13655665179483,0.336718892819398,0.100081120512284,-0.363023249393771,-0.164491266877249,-0.26375725813551,-0.15411612601283,0.284968582393583,0.0654262281903768,-0.180513719646839,0.265023460632051,0.0422548704926061,-0.714003102691686,-0.282228700226185,-0.498115901458936,146.20000425641
124,-0.111118743465892,1.82393925628641,0.856410256410256,-0.270684626585804,0.0955741710163849,-0.0875552277847093,-0.0654909173274522,0.514167100210185,0.224338091441366,-0.121441243285602,0.439863676849378,0.159211216781888,-0.35282470778005,-0.167012019896265,-0.259918363838158,-0.141242644347623,0.282790278844057,0.0707738172482169,-0.172475022378735,0.318372663845279,0.0729488207332719,-0.731488074651526,-0.326063139381431,-0.528775607016479,146.300253641026
125,-0.0268464114961712,2.08838487303463,1.03076923076923,-0.258633645000466,0.15988059501021,-0.0493765249951279,-0.12149302625138,0.349056879685057,0.113781926716839,-0.154192126010702,0.437670731688797,0.141739302839047,-0.332275209312568,-0.131958433320852,-0.23211682131671,-0.152918443812305,0.245354858536502,0.0462182073620987,-0.10204206562718,0.41562025414551,0.156789094259165,-0.625218766767914,-0.250996071686108,-0.438107419227011,146.400257076923
126,-0.0251292801298761,2.31230876730936,1.14358974358974,-0.262928356756862,0.144879835185035,-0.0590242607859137,-0.193103016844919,0.217029839191873,0.0119634111734766,-0.202505169440276,0.357608618259477,0.0775517244096005,-0.310080992464422,-0.118857005708355,-0.214468999086388,-0.141318501883106,0.260895860933652,0.0597886795252727,-0.0876126444528773,0.437051376514966,0.174719366031044,-0.586693001059252,-0.227421716727009,-0.40705735889313,146.500000205128
127,-0.0400867141043376,2.47085594487357,1.21538461538462,-0.25485780645334,0.104723125892725,-0.0750673402803075,-0.210327736869645,0.220034746238288,0.00485350468432121,-0.280665519332045,0.301806095410089,0.0105702880390224,-0.304918851523767,-0.0916810612951731,-0.19829995640947,-0.196054666642703,0.198447580109139,0.00119645673321796,-0.106196771985131,0.404869154609605,0.149336191312237,-0.56669113901211,-0.181293750363606,-0.373992444687858,146.599744153846
128,0.0438535927252703,2.61255666368499,1.32820512820513,-0.264969996612493,0.108510982290357,-0.0782295071610677,-0.165614096984741,0.274309794274307,0.0543478486447829,-0.293198184355375,0.22201252397212,-0.0355928301916273,-0.321413382320302,-0.0999435098860875,-0.210678446103195,-0.232519710311871,0.16627303634682,-0.0331233369825254,-0.166160846946697,0.302414274892779,0.0681267139730408,-0.565861219759692,-0.135898034214654,-0.350879626987173,146.700003589744
129,0.147432092071932,3.03205508741525,1.58974358974359,-0.27579012117418,0.254329491933544,-0.0107303146203181,-0.0927569227503148,0.341744443924669,0.124493760587177,-0.267650671790549,0.179736187506418,-0.0439572421420652,-0.3500077183223,-0.0733338068132018,-0.211670762567751,-0.250937910835045,0.148908378128393,-0.0510147663533256,-0.211482418436285,0.17733493761322,-0.0170737404115325,-0.534356333388974,-0.103073224962854,-0.318714779175914,146.800253435897
130,0.129756011147826,3.53178245039064,1.83076923076923,-0.289361445269428,0.269485304362622,-0.00993807045340306,-0.0398884995790211,0.3659910129467,0.163051256683839,-0.31238127852765,0.0606926753853097,-0.12584430157117,-0.348377147818838,-0.0170150334137818,-0.18269609061631,-0.206338905893989,0.192962693440994,-0.00668810622649741,-0.259452898530513,0.0929590683539965,-0.0832469150882584,-0.542725875126119,-0.137152827128083,-0.339939351127101,146.900256410256
131,0.0946022181173978,3.86437214085696,1.97948717948718,-0.25404548001832,0.238006459344451,-0.00801951033693462,0.0492821380102912,0.52081277231307,0.285047455161681,-0.382000249443762,-0.0501623410869438,-0.216081295265353,-0.32589715846155,-0.00587255997961279,-0.165884859220582,-0.123875742245545,0.277890083005498,0.0770071703799765,-0.359338985328438,0.0276055972073336,-0.165866694060552,-0.583566744959467,-0.195917728923342,-0.389742236941405,147.000000358974
132,0.162772016737347,4.03209977813445,2.0974358974359,-0.191108608196343,0.176920754945222,-0.00709392662556082,0.139784025191835,0.683006692557036,0.411395358874435,-0.43779591389411,-0.105400720021073,-0.271598316957591,-0.287103466606682,-0.0411656838838273,-0.164134575245254,-0.0912060972972724,0.349375564396163,0.129084733549446,-0.468013633669071,-0.063254201986273,-0.265633917827672,-0.584319613375656,-0.187394572059045,-0.38585709271735,147.099743948718
133,0.306700029068894,4.27791535554649,2.29230769230769,-0.120907835582076,0.272839265979354,0.0759657151986385,0.166360322387318,0.762878248037416,0.464619285212367,-0.455195662913267,-0.0956827654778271,-0.275439214195547,-0.301310297903625,-0.0718922814681863,-0.186601289685906,-0.105429450546937,0.354595672747736,0.1245831111004,-0.554670919985343,-0.14537406030489,-0.350022490145116,-0.560389586049103,-0.149258670724778,-0.35482412838694,147.200003589744
134,0.352092862368867,4.44790713763113,2.4,-0.0760395452716925,0.393961811719746,0.158961133224027,0.0844754567997035,0.649869038701495,0.3671722477506,-0.421753259203617,-0.0559281170493662,-0.238840688126492,-0.282969333315629,-0.0458967653785525,-0.164433049347091,-0.149424529344435,0.26492003159561,0.0577477511255872,-0.556484572895144,-0.165357276619945,-0.360920924757544,-0.545677373538113,-0.127566598580709,-0.336621986059411,147.300253333333
135,0.381911851877764,4.51039584042993,2.44615384615385,-0.115276231094836,0.324788570458633,0.104756169681899,0.0238178482999922,0.53747360027503,0.280645724287511,-0.387054279693281,-0.0424349449828071,-0.214744612338044,-0.332104935368856,-0.0225174336950605,-0.177311184531958,-0.159652023906788,0.211815501555586,0.0260817388243994,-0.487712152192058,-0.110534735543565,-0.299123443867811,-0.540829041066264,-0.13881318488648,-0.339821112976372,147.400256512821
136,0.419719930643752,4.64694673602291,2.53333333333333,-0.186368395312911,0.164247745867405,-0.0110603247227534,-0.0498183691287376,0.40922374359859,0.179702687234926,-0.347437908434838,-0.0126569514563215,-0.18004742994558,-0.336826041771303,-0.0258881073187335,-0.181357074545018,-0.130982264010659,0.287383417618994,0.0782005768041676,-0.398068944378164,-0.0288996692669335,-0.213484306822549,-0.519796368560239,-0.146766073779166,-0.333281221169703,147.500000410256
137,0.508656554575174,4.88621524029662,2.6974358974359,-0.286082125500484,0.0339155560106218,-0.126083284744931,-0.0841862424893119,0.348158671814285,0.131986214662486,-0.276426514866555,0.0619141487838217,-0.107256183041367,-0.357952445353781,-0.00806184178456176,-0.183007143569171,-0.115884600611056,0.33500470372297,0.109560051555957,-0.373977045601758,0.0191031348421612,-0.177436955379799,-0.522582653488589,-0.153819665276728,-0.338201159382659,147.59974374359
138,0.696168268594906,5.20126762884099,2.94871794871795,-0.299936311053669,0.0858406488986908,-0.107047831077489,-0.117640997833998,0.329071604739235,0.105715303452619,-0.239970041996144,0.102862292360654,-0.0685538748177451,-0.32738767281306,-0.0720784443204998,-0.19973305856678,-0.15478083424569,0.31389144062833,0.0795553031913199,-0.340354972282801,0.055956935147959,-0.142199018567421,-0.540409213438573,-0.130942616831283,-0.335675915134928,147.700008717949
139,0.855591165490085,5.49312678322786,3.17435897435897,-0.2896046793195,0.150516423450079,-0.0695441279347104,-0.157676877805973,0.303444403219482,0.0728837627067545,-0.237239876590874,0.109430104100781,-0.0639048862450465,-0.315695389871163,-0.0805300177012052,-0.198112703786184,-0.24347612099609,0.187941947296618,-0.0277670868497359,-0.316800168103651,0.106930981967622,-0.104934593068014,-0.488645333460931,-0.0471697837116231,-0.267907558586277,147.800253538462
140,1.51788338993133,6.38980891776098,3.95384615384615,-0.25619996172628,0.167959674214159,-0.0441201437560602,-0.200935916454526,0.248929488431335,0.0239967859884043,-0.259520317965787,0.125792976050582,-0.0668636709576025,-0.345753663222634,-0.143360980367336,-0.244557321794985,-0.25275744334429,0.146453994859227,-0.0531517242425315,-0.296310017106214,0.163888144941989,-0.0662109360821123,-0.405792166392976,0.0577278189381274,-0.174032173727424,147.900256615385
141,2.40770703089029,7.75639553321227,5.08205128205128,-0.245047195902564,0.169645250241199,-0.0377009728306827,-0.243057743183732,0.167963113451871,-0.0375473148659305,-0.218822206885853,0.176217932161399,-0.0213021373622272,-0.343656165176562,-0.155358694566691,-0.249507429871627,-0.205124088926602,0.25060985103274,0.0227428810530688,-0.250018980467345,0.237523859274445,-0.00624756059645003,-0.41059196743669,0.042991882440138,-0.183800042498276,148.000000205128
142,3.6831236811806,9.83482503676811,6.75897435897436,-0.219684785176221,0.29997903672687,0.0401471257753245,-0.235919644885438,0.197593823462768,-0.0191629107113349,-0.164405725724069,0.220638970754405,0.028116622515168,-0.364811089519699,-0.210953330266757,-0.287882209893228,-0.187750917485816,0.242322457117005,0.0272857698155945,-0.200644139316784,0.316679015793477,0.0580174382383462,-0.418196003596623,0.0140079730143313,-0.202094015291146,148.099743794872
143,4.97670269610018,12.1104767910793,8.54358974358974,-0.197034048941222,0.269144612940125,0.0360552819994515,-0.214313821674064,0.255198542062843,0.0204423601943893,-0.123547877848043,0.251721731108338,0.0640869266301473,-0.331754925223963,-0.145695578220689,-0.238725251722326,-0.141146157594785,0.286385604093249,0.0726197232492322,-0.192281754069155,0.319166621146926,0.0634424335388855,-0.423405778147554,-0.0279477802461326,-0.225676779196844,148.200003333333
144,6.30827049348898,14.3686525834341,10.3384615384615,-0.196501003124083,0.181007217789094,-0.00774689266749469,-0.221482283328574,0.255151342131915,0.0168345294016701,-0.118993952494843,0.267384956092654,0.0741955017989055,-0.302161791992683,-0.0995168316602175,-0.20083931182645,-0.14970850941037,0.293037341545694,0.0716644160676619,-0.25182399519414,0.245663619382695,-0.00308018790572272,-0.40039004041986,-0.0165621697471608,-0.20847610508351,148.300253384615
145,7.80042449456869,16.6816267874826,12.2410256410256,-0.271432241540062,0.086102072143269,-0.0926650846983963,-0.207188413220998,0.242724950617121,0.0177682686980615,-0.146827451096127,0.24583936243747,0.0495059556706716,-0.268462891862934,-0.0703735541785197,-0.169418223020727,-0.204839609387514,0.236269138333657,0.0157147644730713,-0.293023336085798,0.187895893662225,-0.0525637212117863,-0.368698557325544,0.0298656000585896,-0.169416478633477,148.400256717949
146,9.35339119101297,19.2619934243717,14.3076923076923,-0.321810393439048,0.10847096827935,-0.106669712579849,-0.236742993099385,0.175481527605723,-0.0306307327468314,-0.15888860032394,0.229138291116779,0.0351248453964193,-0.290400055744581,-0.110920125947173,-0.200660090845877,-0.214662901999687,0.225677521609091,0.00550730980470213,-0.263926838495551,0.195612806498376,-0.0341570159985876,-0.381210506108276,0.039313245164416,-0.17094863047193,148.500000102564
147,10.3896204623146,21.3642256915316,15.8769230769231,-0.321550667818281,0.14713963924036,-0.0872055142889606,-0.229512135050854,0.170150935559109,-0.0296805997458724,-0.182049194523321,0.225105444796271,0.021528125136475,-0.301699288439413,-0.0889934355588098,-0.195346361999111,-0.192590574343958,0.231445015636329,0.0194272206461854,-0.238237216579261,0.221149660101607,-0.00854377823882731,-0.36567304543599,0.063831526102503,-0.150920759666743,148.599744205128
148,11.3581924510062,23.1443716515579,17.2512820512821,-0.338659176197051,0.268678204204323,-0.034990485996364,-0.215843874268131,0.163840759403372,-0.0260015574323795,-0.20105138948263,0.207774997665653,0.00336180409151164,-0.264214475814036,-0.023590806699003,-0.143902641256519,-0.127253862625871,0.289433231045212,0.0810896842096705,-0.230135861133085,0.270875111409579,0.0203696251382469,-0.320712780651854,0.0908086199145423,-0.114952080368656,148.700005179487
149,12.4273695496891,24.8341689118494,18.6307692307692,-0.372395731782555,0.256070065068184,-0.0581628333571858,-0.179690448592903,0.2039947718408,0.0121521616239486,-0.203445765237849,0.203028867562069,-0.000208448837890034,-0.284026909660458,0.0516349806935584,-0.11619596448345,-0.0987025948301444,0.314869150236682,0.108083277703269,-0.206278607631649,0.322989824069441,0.0583556082188959,-0.314628641985165,0.0995437254102381,-0.107542458287463,148.800253692308
150,13.1198732178331,26.7262806283207,19.9230769230769,-0.392551627402923,0.238025613946653,-0.0772630067281347,-0.162163751698787,0.234062618467597,0.0359494333844052,-0.192514298300049,0.218368646361448,0.0129271740306997,-0.311623100629126,0.0373927724879139,-0.137115164070606,-0.13859659718369,0.293614006835688,0.0775087048259991,-0.160326288449085,0.332741072938666,0.0862073922447905,-0.278835550037411,0.117943305270787,-0.0804461223833119,148.900256666667
151,13.1983495656988,27.0683171009679,20.1333333333333,-0.332003300557737,0.0537041537162241,-0.139149573420757,-0.127598471425034,0.340967562848216,0.106684545711591,-0.187278335400679,0.245910383753009,0.029316024176165,-0.345496525447864,-0.0425475274486742,-0.194022026448269,-0.167900615688991,0.295287247583883,0.0636933159474458,-0.167276834504964,0.276179312311183,0.0544512389031094,-0.303849310813908,0.0775599042072506,-0.113144703303329,149.000000153846
152,13.5823875063406,27.8124842885312,20.6974358974359,-0.319700580515586,0.0605312494532974,-0.129584665531144,-0.161447962907434,0.312280234628809,0.0754161358606877,-0.204570537464258,0.228817249613073,0.0121233560744076,-0.318822909627352,-0.0381838393868386,-0.178503374507095,-0.245981584804321,0.264472324904371,0.0092453700500254,-0.169627879604865,0.259649944979034,0.0450110326870847,-0.279732396476703,0.0815996173524941,-0.0990663895621045,149.099744
153,14.0195897616722,28.5445128024304,21.2820512820513,-0.287657713490943,0.0648988303847698,-0.111379441553087,-0.210684502403734,0.225847844956723,0.00758167127649466,-0.201142882284342,0.188011244175772,-0.00656581905428489,-0.308739242062384,0.0262073864394439,-0.14126592781147,-0.27069809649299,0.237538611277384,-0.0165797426078029,-0.144539819904171,0.29750523688378,0.0764827084898045,-0.312230438456253,0.0638702775436157,-0.124180080456319,149.200003384615
154,14.1068267727968,28.7444552784852,21.425641025641,-0.241182520755245,0.109618992715506,-0.0657817640198696,-0.304074364518965,0.0941812622907224,-0.104946551114121,-0.196425934490307,0.167085518545948,-0.0146702079721795,-0.317741380418721,0.0627948327116673,-0.127473273853527,-0.298906471741527,0.160198548346365,-0.0693539616975811,-0.0918612053062204,0.350072066550785,0.129105430622282,-0.279216594964332,0.10246535142906,-0.0883756217676357,149.300254358974
155,14.0362595572837,28.7432276222034,21.3897435897436,-0.191601959598474,0.165998068037176,-0.0128019457806493,-0.323814616606482,0.0440536994253398,-0.139880458590571,-0.238758675159758,0.144433339326696,-0.0471626679165312,-0.33700678571369,0.0826849532976825,-0.127160916208004,-0.291990534130534,0.129792435981779,-0.0810990490743775,-0.0718079551397077,0.365424009906177,0.146808027383235,-0.27218821955403,0.135494850760362,-0.0683466843968342,149.400256512821
156,13.85903408213,28.5614787383828,21.2102564102564,-0.195108489776709,0.213473314066562,0.0091824121449262,-0.259807177445607,0.116336465805667,-0.0717353558199699,-0.263103180010884,0.153565995625382,-0.0547685921927511,-0.338043532093573,0.0526033700129974,-0.142720081040288,-0.269972071603493,0.175361376030003,-0.0473053477867448,-0.116614491389972,0.356560554396252,0.11997303150314,-0.334856061816286,0.109630372504105,-0.112612844656091,149.500000102564
157,13.473361265112,27.7061259143752,20.5897435897436,-0.191793729623569,0.249514595397078,0.0288604328867542,-0.274929123949267,0.1113324403327,-0.0817983418082838,-0.278903794766474,0.185981796984583,-0.0464609988909457,-0.306772897936706,0.0518618455604024,-0.127455526188152,-0.219957899388271,0.225332159769657,0.00268713019069315,-0.0741440114632057,0.423574782051587,0.174715385294191,-0.389127210795696,0.0864374584124802,-0.151344876191608,149.599744358974
158,12.6006183687086,26.0455354774452,19.3230769230769,-0.192501056941452,0.240182434280523,0.023840688669535,-0.299880104356004,0.114352911869749,-0.0927635962431278,-0.256266772799306,0.184730900867553,-0.0357679359658765,-0.308257989691623,0.0453480230448433,-0.13145498332339,-0.139974868830015,0.320471215689818,0.0902481734299015,-0.0332904986746159,0.450124543101277,0.208417022213331,-0.451561669354476,0.00969380483331969,-0.220933932260578,149.70000374359
159,11.61540077455,24.958958199809,18.2871794871795,-0.147432830587713,0.346708757230818,0.0996379633215524,-0.299677553474584,0.10640285025012,-0.0966373516122317,-0.27730721851133,0.125787242219209,-0.0757599881460601,-0.307918729421788,0.0387419860248142,-0.134588371698487,-0.0704203812136806,0.36938643841197,0.149483028599145,-0.0412734517381956,0.412359931855994,0.185543240058899,-0.433567415936906,0.043326648882659,-0.195120383527123,149.800253282051
160,11.0358507556897,24.3385082186693,17.6871794871795,-0.182603254680031,0.256725722777603,0.0370612340487862,-0.259539381380768,0.143144820898455,-0.0581972802411564,-0.288250143566537,0.132070821958121,-0.078089660804208,-0.284528594290126,0.0123056898555206,-0.136111452217303,-0.0789223099711392,0.35425235555042,0.137665022789641,-0.110542425368074,0.371963936948301,0.130710755790113,-0.414194581503547,0.0623296349277256,-0.175932473287911,149.900256820513
161,10.2924677424906,23.42035277033,16.8564102564103,-0.212612131496058,0.123117246208384,-0.0447474426438369,-0.214422072060516,0.166366524306109,-0.0240277738772034,-0.260834333749432,0.177813856912115,-0.0415102384186586,-0.272717007563672,0.0290136364846261,-0.121851685539523,-0.106612084123718,0.320311624859496,0.106849770367889,-0.172901336975864,0.350975219610544,0.0890369413173402,-0.417025093954511,0.0241577294504461,-0.196433682252032,150.000000307692
162,9.75794877963625,22.7856409639535,16.2717948717949,-0.333348851536761,-0.0596423370053615,-0.196495594271061,-0.201339955601794,0.167636631973436,-0.016851661814179,-0.177523238838564,0.278490000350049,0.0504833807557421,-0.250693013395978,0.065184639753679,-0.0927541868211494,-0.12138220481012,0.310596156219369,0.0946069757046242,-0.207209120192957,0.320238636625594,0.0565147582163184,-0.456133419274854,-0.0161245218634622,-0.236128970569158,150.099743794872
163,9.3957598582995,22.4401375775979,15.9179487179487,-0.402354000910615,-0.146337287324667,-0.274345644117641,-0.219496325375626,0.168275318071277,-0.0256105036521743,-0.148708101734082,0.288592806283029,0.0699423522744738,-0.211260915825677,0.0778599337890725,-0.0667004910183024,-0.135332978398356,0.30691946817687,0.0857932448892569,-0.208261086453648,0.246623563517864,0.0191812385321083,-0.468830728478743,-0.033784454630534,-0.251307591554638,150.200003435897
164,8.64570331929542,21.7748095012174,15.2102564102564,-0.391621170217072,-0.139008342424282,-0.265314756320677,-0.244868835511909,0.159661303870078,-0.0426037658209159,-0.116901252230684,0.332658454624606,0.107878601196961,-0.212260508594854,0.0630193541011427,-0.0746205772468558,-0.184192493096614,0.262335357067888,0.0390714319856367,-0.214972984202662,0.183008693606931,-0.0159821452978652,-0.425727357368649,-0.00758037155318555,-0.216653864460917,150.300253179487
165,8.10291853002422,21.2304148033091,14.6666666666667,-0.336994208341557,-0.0843850194183519,-0.210689613879955,-0.251928931751137,0.153310306817549,-0.0493093124667937,-0.185168218643713,0.2772011622068,0.0460164717815438,-0.211794062243727,0.0540723415993494,-0.0788608603221888,-0.255645905292052,0.210242414700796,-0.022701745295628,-0.220591431398079,0.150537663182804,-0.0350268841076377,-0.349290394425368,0.0514099332511414,-0.148940230587113,150.400256820513
166,7.91281773077297,21.061541243586,14.4871794871795,-0.282216421208017,0.02476611925531,-0.128725150976353,-0.273648257468439,0.14684599551686,-0.0634011309757895,-0.227231379948307,0.232379163156318,0.00257389160400549,-0.232750311657474,0.053786619083714,-0.08948184628688,-0.280015558948516,0.196951904636304,-0.041531827156106,-0.197444647943141,0.166139036386009,-0.015652805778566,-0.292946476759066,0.103726509068346,-0.0946099838453602,150.500000615385
167,8.07903166294872,21.2850709011538,14.6820512820513,-0.255069566921,0.174790027464315,-0.0401397697283422,-0.311729075676926,0.104030164123863,-0.103849455776531,-0.215300483638167,0.232689906317369,0.0086947113396008,-0.236644171214861,0.0920279322657813,-0.0723081194745397,-0.247965163617952,0.205136740103598,-0.021414211757177,-0.201880141281219,0.164458958322717,-0.018710591479251,-0.313548973347471,0.0912943841893644,-0.111127294579053,150.599743897436
168,8.63836835764452,21.9154777962016,15.2769230769231,-0.244250370254028,0.25714420881289,0.00644691927943097,-0.311704394765402,0.0634976366864114,-0.124103379039495,-0.174842321112631,0.274649351669252,0.0499035152783107,-0.223930351567421,0.101128762632681,-0.0614007944673699,-0.20652488341843,0.2188138843016,0.00614450044158504,-0.19897139732592,0.15733301285442,-0.02081919223575,-0.355008664377141,0.0406662933111132,-0.157171185533014,150.700003282051
169,9.86826582730913,23.485580326537,16.6769230769231,-0.208526011904976,0.240794836678711,0.0161344123868678,-0.302666739651557,0.0797192364910785,-0.111473751580239,-0.118195136921852,0.351121126979687,0.116462995028918,-0.2388476213732,0.109170784422899,-0.0648384184751507,-0.182231556459586,0.23248986616229,0.025129154851352,-0.260917075974127,0.110932416600911,-0.0749923296866082,-0.411791814481249,-0.0403856858497474,-0.226088750165498,150.800253282051
170,10.573301470108,25.2215703247638,17.8974358974359,-0.210330140792801,0.175651911987623,-0.0173391144025887,-0.286089302716386,0.151645033479465,-0.0672221346184603,-0.0949269332420453,0.355096984312541,0.130085025535248,-0.290418742297931,0.121038562900025,-0.084690089698953,-0.252624054011436,0.169750845106891,-0.0414366044522725,-0.277815524807208,0.11221992062793,-0.0827978020896389,-0.412435853360286,-0.04509707434358,-0.228766463851933,150.900256512821
171,10.8329698203972,25.8952353078079,18.3641025641026,-0.246216461651065,0.110418287795232,-0.0678990869279169,-0.265849876172014,0.199509656643571,-0.0331701097642214,-0.101457150572398,0.341228453248666,0.119885651338134,-0.312582288205951,0.0928895575743176,-0.109846365315816,-0.25581814679324,0.20257636071308,-0.02662089304008,-0.291633783358416,0.0935977829853329,-0.0990180001865414,-0.383002208429314,-0.0125485718614515,-0.197775390145383,151.000000410256
172,10.9053811617974,26.2125675561513,18.5589743589744,-0.276774456569663,0.0787348936660913,-0.099019781451786,-0.244884776898814,0.142187624883521,-0.0513485760076464,-0.13903657258038,0.294790640521733,0.0778770339706766,-0.27260088480242,0.0449630599446687,-0.113818912428876,-0.260342400659996,0.225092488004099,-0.0176249563279486,-0.275042136415825,0.102446542065705,-0.0862977971750602,-0.365654904966052,0.0273840819887673,-0.169135411488643,151.09974374359
173,10.9182624055174,26.2509683637134,18.5846153846154,-0.31633355817571,0.00408302081280116,-0.156125268681454,-0.184578322264179,0.296209974801826,0.0558158262688234,-0.131928658924897,0.325917201049772,0.0969942710624374,-0.244315841567969,0.100782893048724,-0.0717664742596223,-0.250482465988618,0.245312755814804,-0.00258485508690708,-0.258774146534409,0.143855292000206,-0.0574594272671013,-0.439420590929224,-0.0126628914739532,-0.226041741201588,151.200003897436
174,10.7913331293233,26.090718152728,18.4410256410256,-0.353711436573654,-0.0195217404491917,-0.186616588511423,-0.22186071229064,0.205969618143226,-0.0079455470737073,-0.170454170712111,0.276747086387285,0.0531464578375873,-0.237587186056602,0.179077443284436,-0.029254871386083,-0.317293841679607,0.186132164024663,-0.0655808388274718,-0.249497958166337,0.171502148863102,-0.0389979046516174,-0.440002074133799,-0.018707831233755,-0.229354952683777,151.300254666667
175,10.4935955709409,25.1884557111104,17.8410256410256,-0.380071949136177,-0.0115285672651923,-0.195800258200685,-0.230790412048528,0.148874392495834,-0.0409580097763469,-0.179445774737238,0.252353794691686,0.0364540099772241,-0.225645789072036,0.220094822539916,-0.00277548326605974,-0.366301138933592,0.100255647863772,-0.13302274553491,-0.237169332199642,0.211817371118697,-0.0126759805404725,-0.449577708917424,-0.0697952658860544,-0.259686487401739,151.400256564103
176,9.55817828401803,23.9905396646999,16.774358974359,-0.355300508769348,0.0609455126871851,-0.147177498041082,-0.221091555948862,0.130087149776759,-0.0455022030860514,-0.181205762652613,0.222669048644895,0.0207316429961406,-0.247505344456358,0.181831401463082,-0.0328369714966381,-0.368995622074,0.0424569674118539,-0.163269327331073,-0.246537521773225,0.197592531180893,-0.0244724952961661,-0.444126478109057,-0.096584907217232,-0.270355692663145,151.500000564103
177,8.68559962996528,23.0477337033681,15.8666666666667,-0.325238851841939,0.101222599335752,-0.112008126253094,-0.216734955245797,0.153640759049749,-0.0315470980980241,-0.175100895938525,0.234910398161011,0.029904751111243,-0.246094690753652,0.160393275342446,-0.0428507077056031,-0.345240614919835,0.0188670759019722,-0.163186769508931,-0.27984405931954,0.158134902358751,-0.0608545784803945,-0.443982721542913,-0.103780119208537,-0.273881420375725,151.599744051282
178,8.26893191769423,22.1413244925622,15.2051282051282,-0.383634811341504,0.108257105661833,-0.137688852839835,-0.206411507002402,0.199921325529285,-0.00324509073655854,-0.159111462796852,0.247611702298841,0.0442501197509944,-0.214746293680008,0.0912282821486619,-0.0617590057656729,-0.317736855065276,0.0326866453053033,-0.142525104879987,-0.28807492918031,0.101740844393878,-0.0931670423932159,-0.434891913404823,-0.0397832449741602,-0.237337579189492,151.700003282051
179,7.54245776883578,21.1344653080873,14.3384615384615,-0.424702691133834,0.0592599742894615,-0.182721358422186,-0.210240989670541,0.204572548571257,-0.00283422054964192,-0.139176790780704,0.280031796186459,0.0704275027028774,-0.247865851077329,0.0773183568115621,-0.0852737471328833,-0.313857622357871,0.0922463729545235,-0.110805624701674,-0.300606812268221,0.0936949917231446,-0.103455910272538,-0.409121367264363,0.0243340707038765,-0.192393648280243,151.800253128205
180,6.74064448537177,20.2337144889872,13.4871794871795,-0.404486843589597,0.000334318716742304,-0.202076262436427,-0.224048254909535,0.187046169427674,-0.0185010427409303,-0.13287476985087,0.254952873204053,0.0610390516765911,-0.280263429779033,0.0148669610721887,-0.132698234353422,-0.282625402269767,0.149243574480693,-0.0666909138945374,-0.290327675693662,0.112276350512188,-0.0890256625907372,-0.361498109911603,0.0868669097364294,-0.137315600087587,151.900257179487
181,6.33886029744544,19.5585755999905,12.948717948718,-0.376010330113961,-0.0804008737091257,-0.228205601911543,-0.217869809850365,0.24312609982742,0.0126281449885276,-0.108606367223339,0.2740085245048,0.0827010786407307,-0.300523465424807,-0.0352084769687958,-0.167865971196801,-0.228859514896525,0.217350424300007,-0.00575454529825887,-0.267715527172168,0.206984575024017,-0.0303654760740751,-0.359373571847567,0.0668410640193557,-0.146266253914106,152.000000153846
182,5.71830627655936,17.9740014157483,11.8461538461538,-0.368616640229188,-0.00472594861872108,-0.186671294423954,-0.217135446662268,0.20891459029492,-0.00411042818367417,-0.105286291818473,0.325408140815125,0.110060924498326,-0.280808532390277,-0.0405514382733175,-0.160679985331797,-0.198670991451653,0.259045893836396,0.0301874511923716,-0.264645159598606,0.231168355014126,-0.0167384022922398,-0.380489872025409,-0.00564546331512149,-0.193067667670265,152.099743692308
183,4.84654255723796,16.8867907760954,10.8666666666667,-0.392142302087365,0.0127163153297872,-0.189712993378789,-0.179163598888905,0.234341903534759,0.0275891523229268,-0.129200464909322,0.357766692076911,0.114283113583795,-0.235289029571816,0.0226070767135247,-0.106340976429146,-0.209796266270031,0.260341313455933,0.0252725235929513,-0.242196973730523,0.238097589478784,-0.00204969212586964,-0.448668896027948,-0.0891249756231155,-0.268896935825532,152.200003487179
184,4.57376722301618,16.5852071359582,10.5794871794872,-0.359629248612387,0.206790451580711,-0.0764193985158383,-0.162797148034592,0.279069871744331,0.0581363618548695,-0.190556233285567,0.347261372947136,0.0783525698307843,-0.191440661134397,0.105986787794329,-0.0427269366700338,-0.291211177975517,0.165020180427117,-0.0630954987741997,-0.267886912033111,0.236222124650661,-0.015832393691225,-0.49863010711831,-0.100921470682455,-0.299775788900383,152.300253794872
185,4.5767160319841,16.551489096221,10.5641025641026,-0.409037191916388,0.286402585154305,-0.0613173033810415,-0.190435130865694,0.300054767027085,0.0548098180806955,-0.272088088644476,0.235481188356312,-0.0183034501440822,-0.156521832289368,0.182734720686122,0.0131064441983773,-0.323783403133498,0.133076465794123,-0.0953534686696874,-0.275740504554003,0.262717868387801,-0.00651131808310085,-0.536360637712849,-0.103196687275384,-0.319778662494117,152.400256666667
186,4.60982403172026,16.5696631477669,10.5897435897436,-0.459370347196644,0.257719585440716,-0.100825380877964,-0.196598045129168,0.335840682548643,0.0696213187097375,-0.275751792601676,0.200035948617447,-0.0378579219921148,-0.144922829825793,0.251031573620832,0.0530543718975192,-0.296753704007673,0.127361959014216,-0.0846958724967285,-0.320336906066488,0.243914357319366,-0.0382112743735613,-0.578620796810435,-0.156276790658791,-0.367448793734613,152.500000153846
187,4.55648587090896,16.2947961803731,10.425641025641,-0.486674882917747,-0.0197850279937934,-0.25322995545577,-0.193472072647948,0.319240673256308,0.0628843003041803,-0.247901981401358,0.201330223126155,-0.0232858791376015,-0.142418697453965,0.30780866465374,0.0826949835998878,-0.28358672318194,0.162511969101114,-0.0605373770404126,-0.311022720613398,0.24694265378755,-0.032040033412924,-0.64413461889035,-0.23758747434827,-0.44086104661931,152.599743589744
188,3.92450659411279,15.470365200759,9.6974358974359,-0.462909509897691,-0.121946508843936,-0.292428009370814,-0.200323571055066,0.302377562250574,0.0510269955977537,-0.227973607097282,0.207567404768712,-0.010203101164285,-0.144905421678111,0.383055763277969,0.119075170799929,-0.273010476417245,0.211241428535718,-0.0308845239407636,-0.390425271357007,0.152001505503624,-0.119211882926691,-0.644790025671719,-0.226575980288261,-0.43568300297999,152.70000348718
189,3.7708705894475,15.3368217182448,9.55384615384615,-0.441671332687788,-0.121050182499418,-0.281360757593603,-0.184947278386333,0.324770628851903,0.0699116752327845,-0.276418715021612,0.1180759355303,-0.0791713897456557,-0.125194966998576,0.512419150143165,0.193612091572295,-0.275783011221135,0.210595991930541,-0.0325935096452968,-0.392297760879208,0.13580050906381,-0.128248625907699,-0.658745107125817,-0.239602964836946,-0.449174035981381,152.800253128205
190,3.61670127334605,15.1525294958847,9.38461538461539,-0.414860247138419,-0.0710871749571138,-0.242973711047766,-0.149387044419684,0.368927837978397,0.109770396779357,-0.291941374604435,0.0944418823695822,-0.0987497461174263,-0.134622315344756,0.561002633180463,0.213190158917853,-0.26973389234029,0.173500713694987,-0.0481165893226517,-0.380185727815655,0.133595512385934,-0.12329510771486,-0.672714792114963,-0.269015555165985,-0.470865173640474,152.900256410256
191,3.59558800295619,15.1326171252489,9.36410256410256,-0.450963471644948,-0.0688793768635204,-0.259921424254234,-0.177812131826272,0.360388424867017,0.0912881465203724,-0.267867183499286,0.131495466129482,-0.0681858586849018,-0.19697143412849,0.493261085012824,0.148144825442167,-0.246576043246502,0.172034419003028,-0.0372708121217371,-0.365468125223167,0.129223986692335,-0.118122069265416,-0.715963289245826,-0.320654908107275,-0.518309098676551,153.000000102564
192,3.49025700936142,15.0328199137155,9.26153846153846,-0.461357649848886,-0.058347950304175,-0.259852800076531,-0.20680364747867,0.286995455103753,0.0400959038125415,-0.165520077984248,0.269399443255106,0.0519396826354292,-0.222567781949357,0.355331765913378,0.0663819919820103,-0.268359088855089,0.139668954459329,-0.0643450671978801,-0.355701330277337,0.115488248565521,-0.120106540855908,-0.683448680121053,-0.30471229554423,-0.494080487832642,153.099743692308
193,3.23857829436394,14.7819345261489,9.01025641025641,-0.469964193595245,-0.125529105088695,-0.29774664934197,-0.197142335228556,0.244072695234839,0.0234651800031419,-0.101149092349614,0.3721247753935,0.135487841521943,-0.217422167943698,0.227818797736144,0.00519831489622323,-0.26850317110944,0.14607193599851,-0.0612156175554652,-0.339908664829004,0.128565398478908,-0.105671633175048,-0.648900096832337,-0.247131439874313,-0.448015768353325,153.200003333333
194,3.11333526135532,14.6610237130037,8.88717948717949,-0.397689378516302,-0.0728617452746254,-0.235275561895464,-0.256001640688573,0.181895047445881,-0.0370532966213459,-0.0125555400297917,0.488183198853542,0.237813829411875,-0.212051327330006,0.177229581443702,-0.0174108729431521,-0.335538340711716,0.109606245184621,-0.112966047763547,-0.286300105844117,0.1847246710998,-0.0507877173721586,-0.60645229821285,-0.201321607949988,-0.403886953081419,153.300253230769
195,2.95843196788227,14.5184911090408,8.73846153846154,-0.359731059504888,-0.0347483042089007,-0.197239681856894,-0.335151561313089,0.104769013314332,-0.115191273999379,0.00304920438653782,0.497368443968096,0.250208824177317,-0.234766717746592,0.110795481305737,-0.0619856182204271,-0.315902800812562,0.124794085299993,-0.0955543577562841,-0.23089955217997,0.22211279283264,-0.00439337967366489,-0.614326750930913,-0.18263973056374,-0.398483240747327,153.400256615385
196,2.65281972229606,14.2087187392424,8.43076923076923,-0.300466995776081,0.0312849633857459,-0.134591016195168,-0.366699243806536,0.0658569645602676,-0.150421139623134,-0.015766283205019,0.480373762600206,0.232303739697594,-0.232680891123518,0.212627407483879,-0.0100267418198195,-0.273440777941192,0.164339684406542,-0.0545505467673247,-0.239250745158867,0.212813219502141,-0.0132187628283633,-0.601490046419963,-0.193910565711302,-0.397700306065633,153.50000025641
197,2.22427227089627,13.406496959873,7.81538461538462,-0.251216910885212,0.109245689928864,-0.0709856104781742,-0.384009844762862,0.0906217290568908,-0.146694057852985,-0.0778983999032295,0.383658366680362,0.152879983388566,-0.245472083103354,0.149614131198989,-0.0479289759521824,-0.229951345003599,0.221810140087884,-0.00407060245785773,-0.246170967964174,0.213492697433136,-0.0163391352655194,-0.599447644567453,-0.21182843730605,-0.405638040936752,153.599743846154
198,1.84645776545541,12.4304653114677,7.13846153846154,-0.273321703386719,0.194011964164264,-0.0396548696112276,-0.347793093195136,0.185496946095127,-0.0811480735500045,-0.12897227971358,0.268359627540107,0.0696936739132632,-0.228458391252151,0.117000339253644,-0.0557290259992533,-0.169675287567421,0.330062132627975,0.0801934225302765,-0.263925240329524,0.223711634605309,-0.0201068028621076,-0.59970076416909,-0.192965699071284,-0.396333231620187,153.700003589744
199,1.60005549697711,11.8460983491767,6.72307692307692,-0.327590395349023,0.207332580747455,-0.0601289073007836,-0.364639669831951,0.220589746276717,-0.0720249617776168,-0.174473540564599,0.215941241587523,0.020733850511462,-0.263435084653117,0.0458022782055668,-0.108816403223775,-0.18405508014764,0.382494879688611,0.0992198997704858,-0.19996374110701,0.266574182976856,0.0333052209349229,-0.579923047633931,-0.146931531655757,-0.363427289644844,153.800253384615
200,1.20729152407782,11.2645033477171,6.23589743589744,-0.365953864565769,0.094010908732612,-0.135971477916578,-0.366458086153631,0.255123997383582,-0.0556670443850245,-0.184945361198043,0.26007987989895,0.0375672593504537,-0.174547275256467,0.353092019418632,0.0892723720810827,-0.205534746130065,0.385837570977089,0.090151412423512,-0.168920929773808,0.280536804935226,0.0558079375807088,-0.544503848801753,-0.133479258041241,-0.338991553421497,153.900256615385
201,1.09000694779907,11.1253776675855,6.10769230769231,-0.295306527517353,0.253357645133171,-0.0209744411920906,-0.404935983250063,0.179331851535852,-0.112802065857105,-0.22359398293902,0.230709315068014,0.00355766606449708,-0.174062168849428,0.608584571735152,0.217261201442862,-0.257076741251212,0.301145659196455,0.0220344589726219,-0.191230030974295,0.244444994081826,0.0266074815537654,-0.457986423379816,-0.00757163534280426,-0.23277902936131,154
202,1.03171586066924,11.0195661906128,6.02564102564103,-0.259593923927035,0.278388025538239,0.00939705080560178,-0.394682824811339,0.162300063069631,-0.116191380870854,-0.227518928505246,0.227320121507551,-9.94034988473371e-05,-0.112139128057885,0.652878200410133,0.270369536176124,-0.276623617609916,0.243599884442198,-0.0165118665838592,-0.258574302757189,0.168251464574249,-0.0451614190914699,-0.409423458545998,0.0470511896908868,-0.181186134427555,154.099743794872
203,0.885057221335068,10.7559684196906,5.82051282051282,-0.232455699676976,0.238326061259302,0.00293518079116316,-0.389562136995193,0.139397194947917,-0.125082471023638,-0.250335090394313,0.199386569085534,-0.0254742606543895,-0.074103595053879,0.498783187472589,0.212339796209355,-0.303945259050935,0.221870286613583,-0.0410374862186761,-0.23059412959844,0.19150805632803,-0.019543036635205,-0.366141364657761,0.0569968200069219,-0.15457227232542,154.200003589744
204,0.560209875927459,9.97312345740587,5.26666666666667,-0.261458732581972,0.192406581301035,-0.0345260756404687,-0.393990466801301,0.102225598443856,-0.145882434178722,-0.222821733466895,0.267712031413483,0.022445148973294,-0.135772262243136,0.434364242362214,0.149295990059539,-0.353275289247477,0.140886942250358,-0.10619417349856,-0.188215044799692,0.249926038339043,0.0308554967696756,-0.339541873827758,0.0752832372996079,-0.132129318264075,154.300253230769
205,0.300887888128059,9.39141980417963,4.84615384615385,-0.229934086002469,0.26334883456307,0.0167073742803008,-0.441859876445473,0.0265980847264327,-0.20763089585952,-0.226356059431107,0.291104065120449,0.032374002844671,-0.157397277950614,0.865660878579904,0.354131800314645,-0.370198034307024,0.107785387401547,-0.131206323452738,-0.156703973105402,0.282182081837084,0.0627390543658412,-0.36258595025197,0.067435337913984,-0.147575306168993,154.400256564103
206,-0.0493840396133895,8.88015327038262,4.41538461538462,-0.25481676765395,0.231500644364506,-0.0116580616447218,-0.499099869436391,-0.0252639548866311,-0.262181912161511,-0.225805940660544,0.296040179864698,0.0351171196020771,-0.102888655841524,0.839853576999198,0.368482460578837,-0.344439564303642,0.101862488448625,-0.121288537927509,-0.168093336754695,0.23450840102586,0.0332075321355825,-0.379595153080756,0.0459043427510603,-0.166845405164848,154.500000461538
207,-0.15362255539564,8.72798152975461,4.28717948717949,-0.305372779799612,0.153905155910411,-0.0757338119446007,-0.499406393022647,0.013966411240106,-0.24271999089127,-0.27508706804998,0.290329773861356,0.00762135290568773,-0.0783492577140012,0.654291135391964,0.287970938838981,-0.273756058873076,0.153428416082899,-0.0601638213950888,-0.226098689000785,0.154667440679662,-0.035715624160561,-0.347682199234129,0.09628975735928,-0.125696220937424,154.599744
208,-0.233948883166445,8.58266683188439,4.17435897435897,-0.346848331880565,0.0703136887031931,-0.138267321588686,-0.459004470993019,0.0952678812525846,-0.181868294870217,-0.30634455962336,0.340679828782553,0.0171676345795965,-0.158841313373424,0.578996291694964,0.21007748916077,-0.192470104755465,0.215098148508381,0.0113140218764579,-0.322319420496872,0.0662706904104838,-0.128024365043194,-0.338839959476556,0.150766849758414,-0.0940365548590709,154.700004461538
209,-0.297351389683115,8.4819667742985,4.09230769230769,-0.361085394184578,0.0777995677519427,-0.141642913216317,-0.419167102618558,0.151374247110407,-0.133896427754076,-0.296051402978558,0.342076171372028,0.0230123841967351,-0.195828127400638,0.317132839134874,0.0606523558671181,-0.146289841791003,0.313617864368982,0.0836640112889896,-0.402908524417519,0.035779741921214,-0.183564391248153,-0.257628503421554,0.255959201386536,-0.000834651017509074,154.800253589744
210,-0.336004269144045,8.42831196145174,4.04615384615385,-0.328812159913117,0.111655999116204,-0.108578080398456,-0.41368001070154,0.197119394274112,-0.108280308213714,-0.285412332047478,0.297118501076501,0.00585308451451158,-0.255303802061533,0.121102315872443,-0.0671007430945449,-0.112036863734126,0.396470353068968,0.142216744667421,-0.437576321446287,0.0510707874505153,-0.193252766997886,-0.162998121111988,0.355851281070706,0.0964265799793592,154.900256769231
211,-0.360311597340533,8.15518339221233,3.8974358974359,-0.27484921197344,0.182364557433943,-0.0462423272697485,-0.425440129251132,0.263654246593166,-0.0808929413289833,-0.299265863796724,0.249093105737349,-0.0250863790296874,-0.239676409467351,0.0342270073455996,-0.102724701060876,-0.102642959805522,0.439534814027668,0.168445927111073,-0.482514794649204,0.00137894091625603,-0.240567926866474,-0.0330896329419505,0.472255927801271,0.21958314742966,155.000000307692
212,-0.518512229856823,6.03646094780554,2.75897435897436,-0.327005177051401,0.163323234715195,-0.0818409711681027,-0.445386137261436,0.253171671181571,-0.0961072330399326,-0.320047391102197,0.238783020826133,-0.0406321851380318,-0.229093829758876,0.0716576557323137,-0.0787180870132809,-0.0971422043305407,0.478243806897212,0.190550801283336,-0.482415328460158,-0.0604805225385141,-0.271447925499336,0.0515812596448212,0.559614333236502,0.305597796440662,155.099744102564
213,-0.888089366972027,5.47270475158741,2.29230769230769,-0.393239038243463,0.127767243621238,-0.132735897311113,-0.460417546035199,0.0783157717392031,-0.191050887147998,-0.323959858787255,0.20612825953802,-0.0589157996246176,-0.210539054046215,0.139159131675383,-0.0356899611854163,-0.0659020511038328,0.534066099971546,0.234082024433857,-0.46091242446199,-0.0920710221378049,-0.276491723299897,0.118716512970896,0.632655985900762,0.375686249435829,155.200003487179
214,-0.888089366972027,5.47270475158741,2.29230769230769,-0.40910176631401,0.197007921036714,-0.106046922638648,-0.469589850466642,-0.0605452643896719,-0.265067557428157,-0.263010777150332,0.158610829807767,-0.0521999736712826,-0.211991028701686,0.233882468022695,0.0109457196605046,-0.036834474983362,0.558594998559473,0.260880261788056,-0.40612261348341,-0.0630656731636639,-0.234594143323537,0.117975026665522,0.657841062165705,0.387908044415614,155.300253282051
215,-0.888089366972027,5.47270475158741,2.29230769230769,-0.412242460665647,0.0935462037649887,-0.159348128450329,-0.50289288928857,-0.109481192549083,-0.306187040918827,-0.275214766849342,0.168487539584415,-0.0533636136324633,-0.252166427674941,0.25140886745177,-0.00037878011158557,-0.0190409392442118,0.59018616238145,0.285572611568619,-0.376515851391686,0.0145292071237091,-0.180993322133989,0.152398479768199,0.717840873723949,0.435119676746074,155.400256820513
216,-0.888089366972027,5.47270475158741,2.29230769230769,-0.450890816952523,-0.0217761278060735,-0.236333472379298,-0.442138001673107,-0.0195081210553768,-0.230823061364242,-0.263420875770243,0.246524593535606,-0.0084481411173184,-0.260389894783246,0.231192864558866,-0.0145985151121902,-0.0951287720527032,0.520974946412067,0.212923087179682,-0.38732777109341,0.0709379061356128,-0.158194932478899,0.134571786893722,0.718388023973712,0.426479905433717,155.500000871795
217,-0.84144452147296,5.50811118813963,2.33333333333333,-0.468176087507898,-0.0707393104969086,-0.269457699002404,-0.440861780441086,-0.0290391216052194,-0.234950451023153,-0.287435617519331,0.27094194512742,-0.00824683619595546,-0.231679256632044,0.187694769131709,-0.0219922437501673,-0.101661660034839,0.510811699174454,0.204575019569808,-0.39433469299483,0.100219262000215,-0.147057715497308,0.184896313678334,0.775665917579464,0.480281115628899,155.599744
218,-0.92018157663383,5.3919764484287,2.23589743589744,-0.479371998845916,-0.0274746073795066,-0.253423303112711,-0.425212465927783,-0.0457583849564613,-0.235485425442122,-0.328582068977843,0.285760300162373,-0.0214108844077351,-0.237377912006034,0.187930910315481,-0.0247235008452762,-0.143687872395371,0.43611918536839,0.14621565648651,-0.374254293208745,0.108589710806281,-0.132832291201232,0.240258842971532,0.830401621111639,0.535330232041585,155.700003538462
219,-1.05174556722539,5.24661736209719,2.0974358974359,-0.447130460784118,0.0408661623038261,-0.203132149240146,-0.46481583457519,-0.107274164045257,-0.286044999310223,-0.343992368070164,0.254585053103013,-0.0447036574835752,-0.223823310044773,0.21320419080274,-0.00530955962101644,-0.142062954065131,0.414824831835903,0.136380938885386,-0.353003402064834,0.122055751788967,-0.115473825137934,0.29464714191681,0.87047266587676,0.582559903896785,155.800253794872
220,-1.0793137031695,5.21264703650284,2.06666666666667,-0.411520681945826,0.0872044872019898,-0.162158097371918,-0.497610840004783,-0.128891933915163,-0.313251386959973,-0.297491307584595,0.25950861847794,-0.0189913445533274,-0.192997774668517,0.226147609907785,0.0165749176196341,-0.177112823719268,0.371847908738102,0.097367542509417,-0.317490732058967,0.210632564786926,-0.0534290836360206,0.268660532343286,0.831815462759044,0.550237997551165,155.900256512821
221,-1.16921843520417,5.11793638392212,1.97435897435897,-0.365139119208711,0.0851430482540473,-0.139998035477332,-0.509372563511106,-0.107880514284857,-0.308626538897982,-0.267353508595315,0.249137398264432,-0.00910805516544129,-0.215036153130341,0.313994437091017,0.0494791419803381,-0.195882517759648,0.373446800405781,0.0887821413230666,-0.260564978372341,0.328664836973217,0.0340499293004382,0.197821405830096,0.775996964648043,0.48690918523907,156.000000153846
222,-1.15517027857528,5.05260617601118,1.94871794871795,-0.315944627055533,0.1108329961673,-0.102555815444116,-0.439411477962282,0.0217942853395704,-0.208808596311356,-0.287622155544013,0.277471604753988,-0.00507527539501241,-0.214755351543048,0.475417982637853,0.130331315547402,-0.241461962466775,0.359488501040474,0.0590132692868495,-0.237118847927193,0.452692617345463,0.107786884709135,0.150876461304756,0.718399537382849,0.434637999343802,156.099743794872
223,-1.06362941436893,4.76619351693303,1.85128205128205,-0.323912594551611,0.0941826894902539,-0.114864952530679,-0.331130182286542,0.2022151815153,-0.0644575003856212,-0.334655897247383,0.366369526908367,0.0158568148304918,-0.143512687746589,0.562311213220199,0.209399262736805,-0.340277367545122,0.265752191851367,-0.0372625878468774,-0.267737497414564,0.496492821578335,0.114377662081885,0.136484732735607,0.683974900075836,0.410229816405722,156.200003538462
224,-0.944733490116309,4.30883605421887,1.68205128205128,-0.340807574580679,0.0396201660928642,-0.150593704243907,-0.267798346903062,0.235132915246248,-0.0163327158284069,-0.276348094868801,0.452146136178768,0.0878990206549837,-0.0952287485740538,0.570752598171469,0.237761924798707,-0.36324742688896,0.233115289958371,-0.0650660684652946,-0.267185269119115,0.480575981093726,0.106695355987305,0.0948964585580709,0.639712480053134,0.367304469305603,156.300253230769
225,-0.800329412253899,3.61058582251031,1.40512820512821,-0.376345825205669,0.0347222479483392,-0.170811788628665,-0.273908204637585,0.228208867021123,-0.022849668808231,-0.194474995845489,0.526515662879275,0.166020333516893,-0.118416826269644,0.476422989919834,0.179003081825095,-0.379245340024675,0.240987194976738,-0.0691290725239684,-0.239123583549354,0.434528102781096,0.0977022596158708,0.0262771436190197,0.579586041570915,0.302931592594967,156.400427384615
226,-0.604833817701926,2.96380817667629,1.17948717948718,-0.364972873633681,0.174883710052882,-0.0950445817903993,-0.347011366287962,0.179683188742119,-0.0836640887729215,-0.132189918399698,0.613999550538887,0.240904816069595,-0.137613651596897,0.402698832239245,0.132542590321174,-0.373407349675444,0.254237530751757,-0.0595849094618437,-0.18668067879003,0.497843891412804,0.155581606311387,0.0249640571226357,0.578582126021796,0.301773091572216,156.5
227,-0.462000914467297,2.4620009144673,1,-0.336263109099993,0.259629767147215,-0.038316670976389,-0.327006447702842,0.242097154217358,-0.0424546467427421,-0.143806016841125,0.600902284642125,0.2285481339005,-0.184665488790527,0.471530526712133,0.143432518960803,-0.375485670468494,0.231515010842349,-0.0719853298130724,-0.177939486478503,0.563845370022393,0.192952941771945,0.0555996309218454,0.617625557421056,0.336612594171451,156.599487179487
228,-0.356024981603621,2.04833267391131,0.846153846153846,-0.307160331955422,0.261833193915583,-0.0226635690199192,-0.340658551988416,0.280781208855122,-0.0299386715666469,-0.149183969900945,0.495920516347834,0.173368273223444,-0.185754489406894,0.640629433363284,0.227437471978195,-0.365459665301117,0.243640732192284,-0.0609094665544164,-0.192041597155797,0.569495811182354,0.188727107013278,0.12681372892523,0.725827999113354,0.426320864019292,156.700003230769
229,-0.271130792433284,1.61472053602303,0.671794871794872,-0.369315768316879,0.152854024014889,-0.108230872150995,-0.305892070013683,0.385994354002035,0.0400511419941759,-0.176851125723548,0.388943559519343,0.106046216897897,-0.159059697721906,0.674305844384506,0.2576230733313,-0.314621180164601,0.337061375362039,0.0112200975987188,-0.155509039004342,0.611362780958662,0.22792687097716,0.106028261620662,0.728455674624496,0.417241968122579,156.800509692308
230,-0.256599064760227,1.29249650065766,0.517948717948718,-0.391460244845785,0.0228428675862085,-0.184308688629788,-0.320453707210265,0.375919735794824,0.0277330142922795,-0.246569817323498,0.309195136089298,0.0313126593828997,-0.06540459066549,0.797517620982198,0.366056515158354,-0.272952236043476,0.417373070580045,0.0722104172682846,-0.0919579389346459,0.693394293771191,0.300718177418273,0.108750946825363,0.731662670596136,0.420206808710749,156.900512820513
231,-0.271920853505097,1.20525418683843,0.466666666666667,-0.385081847780659,-0.000638217644229138,-0.192860032712444,-0.277410398626797,0.392277383174141,0.0574334922736717,-0.290960538988803,0.29539534866354,0.00221740483736844,-0.0124735879135378,0.850993748505953,0.419260080296208,-0.27103683624705,0.447043579226814,0.0880033714898819,0.00204121631698304,0.878790618403785,0.440415917360384,0.084809110011638,0.702641594737232,0.393725352374435,157.000000102564
232,-0.34276319091979,1.07096831912492,0.364102564102564,-0.425495456354677,0.244420605518245,-0.0905374254182162,-0.268186849204349,0.404462126005243,0.068137638400447,-0.310302569319541,0.267509343524701,-0.0213966128974202,-0.0215190159927534,0.767607667902696,0.373044325954971,-0.309344406926876,0.467861317226888,0.079258455150006,0.0411661538827287,0.945727994455424,0.493447074169077,0.0625998573205842,0.718366081727992,0.390482969524288,157.099489384615
233,-0.353042800758568,1.06073510845088,0.353846153846154,-0.338978831257881,0.421203975770993,0.0411125722565562,-0.243445579575681,0.417198190492723,0.0868763054585214,-0.299439113355467,0.280245172132118,-0.00959697061167437,-0.114128139729277,0.458534582362656,0.172203221316689,-0.406623066606921,0.368074926765854,-0.0192740699205337,0.167393846544025,1.01761500113953,0.59250442384178,0.0362179629901422,0.718223665516065,0.377220814253103,157.200003230769
234,-0.363275925418237,1.09148105362337,0.364102564102564,-0.28733251305339,0.365314187597191,0.0389908372719005,-0.230674292526972,0.434827562908947,0.102076635190988,-0.326539732446047,0.263823006904817,-0.0313583627706148,-0.215323479033028,0.266790161928315,0.0257333414476434,-0.451188552630458,0.280467007905561,-0.0853607723624483,0.170253701738921,0.904783991857842,0.537518846798381,0.0962557107510069,0.739602652909302,0.417929181830154,157.30050974359
235,-0.353042800758568,1.06073510845088,0.353846153846154,-0.235146987558566,0.371572966007355,0.0682129892243944,-0.289114603792174,0.383012125060366,0.0469487606340962,-0.311093564234585,0.349538382970498,0.0192224093679568,-0.210812957851869,0.277785104498052,0.0334860733230912,-0.504716845450916,0.174575369452356,-0.16507073799928,0.183678794142677,0.934723698633474,0.559201246388076,0.112539272873887,0.747019384213525,0.429779328543706,157.400513076923
236,-0.353042800758568,1.06073510845088,0.353846153846154,-0.322814248898448,0.2704921079078,-0.0261610704953236,-0.324885294441873,0.340323668332884,0.00771918694550532,-0.268154577067513,0.437976792039131,0.0849111074858091,-0.130042006438583,0.416434438274333,0.143196215917875,-0.441142443644366,0.21244473044936,-0.114348856597503,0.145400157340756,0.784444797950023,0.464922477645389,0.0934981456427544,0.740187644866832,0.416842895254793,157.500000153846
237,-0.353042800758568,1.06073510845088,0.353846153846154,-0.330953678757463,0.242905092922989,-0.044024292917237,-0.363365761406905,0.252721713031593,-0.0553220241876564,-0.200972105665001,0.560635501915758,0.179831698125378,-0.102016936250561,0.432653643664756,0.165318353707097,-0.379406902682225,0.263815287004293,-0.0577958078389664,0.131990179406477,0.70947063668806,0.420730408047268,0.144366577313592,0.795938074836219,0.470152326074905,157.599487641026
238,-0.353042800758568,1.06073510845088,0.353846153846154,-0.341751146794918,0.080842216462541,-0.130454465166188,-0.347650385960349,0.248910868524167,-0.049369758718091,-0.149381331852846,0.610471541433073,0.230545104790113,-0.103731978128152,0.430846070299127,0.163557046085487,-0.345283726384562,0.300972310926972,-0.0221557077287949,0.0479004265426763,0.601008763580035,0.324454595061356,0.0964557262566443,0.75502137175667,0.425738549006657,157.700003333333
239,-0.353042800758568,1.06073510845088,0.353846153846154,-0.339594892548623,0.116672001472894,-0.111461445537865,-0.321910747827964,0.324453902248152,0.00127157721009374,-0.165568307345436,0.572418122942203,0.203424907798384,-0.141161741864586,0.436412853592072,0.147625555863743,-0.391678522584991,0.245651880600462,-0.0730133209922646,-0.0639845225810597,0.506289956396572,0.221152716907756,0.0689787404236734,0.709726843208738,0.389352791816206,157.800510102564
240,-0.353042800758568,1.06073510845088,0.353846153846154,-0.370863536411055,0.0761670165878256,-0.147348259911615,-0.288505105521689,0.387185239844925,0.0493400671616179,-0.235410972927467,0.458961741293334,0.111775384182934,-0.11988314373766,0.638590638198689,0.259353747230515,-0.423040146062303,0.183526747699485,-0.119756699181409,-0.206172912613748,0.332862545555776,0.0633448164710137,0.025767585909559,0.642731129875029,0.334249357892294,157.900512820513
241,-0.353042800758568,1.06073510845088,0.353846153846154,-0.414839051351205,0.0361554229617305,-0.189341814194737,-0.287092037381213,0.390450303372277,0.0516791329955318,-0.273192076481863,0.392109379155556,0.0594586513368466,-0.0157442579776331,0.808604550809615,0.396430146415991,-0.441221195337314,0.156838248788159,-0.142191473274577,-0.306599034349506,0.246303452975227,-0.0301477906871398,-0.00118695421862448,0.637461042443863,0.318137044112619,158.000000410256
242,-0.353042800758568,1.06073510845088,0.353846153846154,-0.408404068943287,0.0692589311145702,-0.169572568914358,-0.315922421618811,0.286043188536422,-0.0149396165411944,-0.246207328726221,0.387280986373254,0.0705368288235161,0.161356549756175,1.00329482751381,0.582325688634992,-0.503492729690353,0.035908987969775,-0.233791870860289,-0.281839328163466,0.261336932205219,-0.0102511979791236,-0.0178508309674289,0.641375148409687,0.311762158721129,158.099487435897
243,-0.353042800758568,1.06073510845088,0.353846153846154,-0.362851456741524,0.208691619619018,-0.0770799185612528,-0.384423625657675,0.124389632762305,-0.130016996447685,-0.163926372754525,0.430657129813979,0.133365378529727,0.216472383114601,1.05986731854608,0.638169850830341,-0.507479595335481,-0.00287659921651896,-0.255178097276,-0.266724434351195,0.274720989650162,0.00399827764948343,-0.0340221309965141,0.627270807653775,0.29662433832863,158.200003487179
244,-0.353042800758568,1.06073510845088,0.353846153846154,-0.341150519076634,0.228338067457017,-0.0564062258098085,-0.439067895596048,0.0730256608320143,-0.183021117382017,-0.132587098979702,0.451191358934091,0.159302129977195,0.1703497680277,1.02905238241191,0.599701075219803,-0.581029488746887,-0.0890376316052653,-0.335033560176076,-0.241006594786881,0.34553626162101,0.0522648334170649,-0.0373518140264362,0.63057116023967,0.296609673106617,158.310982205128
245,-0.353042800758568,1.06073510845088,0.353846153846154,-0.374760217934264,0.130921910791897,-0.121919153571183,-0.477081835274529,0.0381416510416012,-0.219470092116464,-0.0101690835203598,0.62501031252333,0.307420614501485,0.100764706207482,0.857145211222817,0.47895495871515,-0.60440562311999,-0.0690916777987057,-0.336748650459348,-0.227098374376461,0.422551077823526,0.0977263517235325,-0.137093954011518,0.5165185678882,0.189712306938341,158.415897538462
246,-0.353042800758568,1.06073510845088,0.353846153846154,-0.355373850271381,0.0915652028528593,-0.131904323709261,-0.478254073583308,-0.0385340081585299,-0.258394040870919,0.0731253786270831,0.748793530188531,0.410959454407807,0.0852643813008289,0.804854222939516,0.445059302120173,-0.672662388803487,-0.128096656039865,-0.400379522421676,-0.182607947558462,0.51648090294909,0.166936477695314,-0.191396064427801,0.417392983140017,0.112998459356108,158.499487538462
247,-0.353042800758568,1.06073510845088,0.353846153846154,-0.344674466510668,0.106687538853335,-0.118993463828667,-0.508601251658353,-0.0947327516802168,-0.301667001669285,0.0919264083265152,0.805756572180557,0.448841490253536,0.0699219989143986,0.748984179013602,0.409453088964,-0.669041040536547,-0.0892997719899187,-0.379170406263233,-0.145543260109605,0.555972199887421,0.205214469888908,-0.158390973015097,0.436333010788587,0.138971018886745,158.583333435897
248,-0.353042800758568,1.06073510845088,0.353846153846154,-0.241847362448945,0.291578654118224,0.0248656458346393,-0.544017204375652,-0.0695145525456592,-0.306765878460656,0.0418300443921282,0.837431009452457,0.439630526922293,0.0515131803382964,0.837099772161112,0.444306476249704,-0.660477447378001,-0.0565562707171344,-0.358516859047568,-0.174147016187852,0.517639513073648,0.171746248442898,-0.137644347395686,0.468868217470572,0.165611935037443,158.7
249,-0.353042800758568,1.06073510845088,0.353846153846154,-0.199435487746842,0.37268413862406,0.0866243254386091,-0.518508172878532,0.0359119507406393,-0.241298111068946,0.0439977234778203,0.939942731008323,0.491970227243072,-0.06262802995734,1.20490967721062,0.57114082362664,-0.594638100845565,0.0208517217961509,-0.286893189524707,-0.254094401070163,0.415694497623427,0.0808000482766322,-0.0963088125387238,0.552348567405109,0.228019877433192,158.816666717949
250,-0.353042800758568,1.06073510845088,0.353846153846154,-0.168783324538775,0.411200829912858,0.121208752687041,-0.50996873501697,0.0767700698836564,-0.216599332566657,0.0578804857034572,0.778514513572128,0.418197499637792,-0.120720429872196,0.581377933676494,0.230328751902149,-0.530846498635353,0.032504817985251,-0.249170840325051,-0.287697297334594,0.358999934061393,0.0356513183633997,0.000754247208863551,0.684219073100292,0.342486660154578,158.916666769231
251,-0.353042800758568,1.06073510845088,0.353846153846154,-0.257384328463947,0.495782485931686,0.11919907873387,-0.457707559751821,0.159892004701085,-0.148907777525368,0.040847743394001,0.606315857836836,0.323581800615418,-0.179907156351399,0.454923657942473,0.137508250795537,-0.572723209865938,-0.0131380556372622,-0.2929306327516,-0.328450510535206,0.243389474327317,-0.0425305181039446,0.0626944628566589,0.823665369397147,0.443179916126903,159.000000076923
252,-0.353042800758568,1.06073510845088,0.353846153846154,-0.250100916757342,0.598005344362454,0.173952213802556,-0.41858520354257,0.222260258875178,-0.098162472333696,0.0497280481805436,0.637672688310838,0.343700368245691,-0.153637696542762,0.402465107463474,0.124413705460356,-0.619995463896773,-0.067652325505068,-0.343823894700921,-0.324206303983399,0.299415964988838,-0.0123951694972801,0.0907608307579243,0.8429092187341,0.466835024746012,159.083333333333
253,-0.353042800758568,1.06073510845088,0.353846153846154,-0.24469867062262,0.554810600050914,0.155055964714147,-0.40605310159497,0.321460691788374,-0.0422962049032978,-0.00213192858013762,0.693759012911079,0.345813542165471,-0.163655679679727,0.382381363323218,0.109362841821746,-0.631573061695258,-0.052987456565273,-0.342280259130265,-0.333941270303704,0.443870851389365,0.0549647905428306,0.0439660173744548,0.770789424511775,0.407377720943115,159.199743589744
254,-0.353042800758568,1.06073510845088,0.353846153846154,-0.306188370715254,0.834825688042487,0.264318658663616,-0.362456510754583,0.483619174160577,0.0605813317029967,-0.0474901433872729,0.802894895037686,0.377702375825206,-0.115183250912519,0.678649075460194,0.281732912273837,-0.587295726849648,-0.0224291527523662,-0.304862439801007,-0.311938417981177,0.464253803446443,0.0761576927326328,-0.083426588628976,0.605772675958831,0.261173043664928,159.316410358974
255,-0.353042800758568,1.06073510845088,0.353846153846154,-0.327031870749644,0.190208874062765,-0.0684114983434396,-0.35916541188097,0.416163381247505,0.0284989846832676,-0.0735375779023547,0.840998888528582,0.383730655313114,-0.0623558551991773,0.584019034108059,0.260831589454441,-0.519229806780855,0.0321285677404483,-0.243550619520203,-0.34099647788176,0.399137498528198,0.0290705103232193,-0.140708369661086,0.499510010515963,0.179400820427438,159.416153948718
256,-0.353042800758568,1.06073510845088,0.353846153846154,-0.353726913639084,0.16147626660462,-0.0961253235172317,-0.391101856609895,0.287312931028709,-0.051894462790593,-0.137447568175599,0.718534393683144,0.290543412753772,-0.0395335728521056,0.609672812879561,0.285069620013728,-0.551819349975504,0.0123763307834406,-0.269721509596032,-0.285835163587464,0.403204648486161,0.0586847424493488,-0.148680695055839,0.464452417868855,0.157885861406508,159.499743641026
257,-0.353042800758568,1.06073510845088,0.353846153846154,-0.310422468522414,0.147250871209836,-0.0815857986562891,-0.382831648116456,0.218890598701427,-0.0819705247075145,-0.0999144426576766,0.697287564804327,0.298686561073325,-0.0899756112798239,0.572127538602154,0.241075963661165,-0.531003018246761,0.0360626108521971,-0.247470203697282,-0.266534903571345,0.38845332318695,0.0609592098078027,-0.169916700648137,0.410626525093921,0.120354912222892,159.583589897436
258,-0.353042800758568,1.06073510845088,0.353846153846154,-0.328125604929262,0.143826573522314,-0.0921495157034738,-0.435857102683768,0.0840836781105785,-0.175886712286595,-0.157281563274567,0.562297847433994,0.202508142079714,-0.169339325060443,0.469753786718207,0.150207230828882,-0.551659327999414,0.0383421829750363,-0.256658572512189,-0.276054860612196,0.373647740889285,0.0487964401385446,-0.128361075969515,0.46121799517233,0.166428459601407,159.700000051282
259,-0.353042800758568,1.06073510845088,0.353846153846154,-0.21481009137314,0.409077994846338,0.0971339517365993,-0.520857841089334,-0.00851383797815534,-0.264685839533745,-0.146461255641574,0.540797095833613,0.197167920096019,-0.195134705868118,0.421956121662752,0.113410707897317,-0.614145186538063,-0.00783665022222028,-0.310990918380141,-0.320170050473351,0.356244797965054,0.0180373737458514,-0.0569295537080279,0.530126220328945,0.236598333310458,159.81641025641
260,-0.353042800758568,1.06073510845088,0.353846153846154,-0.179182996223178,0.49236981110796,0.156593407442391,-0.581728993084699,-0.111821417608392,-0.346775205346545,-0.138319874299462,0.563437415915434,0.212558770807986,-0.189959089394303,0.504425358685272,0.157233134645484,-0.673100131757644,-0.0456137353109851,-0.359356933534315,-0.292414288499737,0.445730722212746,0.0766582168565049,-0.038924403794336,0.542209908589067,0.251642752397366,159.916410358974
261,-0.353042800758568,1.06073510845088,0.353846153846154,-0.161007848894694,0.611951527053348,0.225471839079327,-0.530922697688019,-0.102842380843146,-0.316882539265583,-0.215010216834971,0.461784745286666,0.123387264225848,-0.127222662891352,0.589373799912303,0.231075568510475,-0.675338680442614,-0.0121523708472128,-0.343745525644914,-0.244354219047158,0.549449366631675,0.152547573792259,-0.010085760201575,0.564864196319227,0.277389218058826,160
262,-0.353042800758568,1.06073510845088,0.353846153846154,-0.207479194978745,0.552039604231804,0.172280204626529,-0.431611378413236,0.0103702247352396,-0.210620576838998,-0.277168279366494,0.320102361536153,0.0214670410848295,-0.0639997000317713,0.802194160326061,0.369097230147145,-0.571814824134994,0.0812279686604325,-0.245293427737281,-0.264242245090481,0.533225611557181,0.13449168323335,-0.0595113162626843,0.534308624080605,0.23739865390896,160.08358974359
263,-0.353042800758568,1.06073510845088,0.353846153846154,-0.252815958198817,0.351706579200798,0.0494453105009905,-0.350637655609097,0.120646269394593,-0.114995693107252,-0.335941503580414,0.204385510053918,-0.0657779967632478,-0.0937474636915058,0.736509118549659,0.321380827429077,-0.403357320411163,0.249364436756291,-0.076996441827436,-0.262713637866242,0.453800184445657,0.0955432732897074,-0.0335011730627445,0.613509452455413,0.290004139696334,160.199743871795
264,-0.353042800758568,1.06073510845088,0.353846153846154,-0.291951300726775,0.257077348609051,-0.0174369760588621,-0.300155745746286,0.402976183325627,0.0514102187896704,-0.203017617364066,0.383143166374917,0.0900627745054252,-0.0471533875888414,1.30764318205791,0.630244897234532,-0.342679535492344,0.322710777453099,-0.00998437901962231,-0.273349044546244,0.359899889752517,0.0432754226031361,-0.0883732669125258,0.572351462699547,0.24198909789351,160.316153974359
265,-0.353042800758568,1.06073510845088,0.353846153846154,-0.305952341715047,0.280794343204684,-0.0125789992551812,-0.375255674939962,0.401806638410969,0.0132754817355032,-0.104322179586609,0.559163733517633,0.227420776965512,-0.124627830196031,1.02758968218236,0.451480925993165,-0.334154550607676,0.32195338829216,-0.00610058115775813,-0.269579806045019,0.370947328134313,0.0506837610446469,-0.121781444993281,0.535188986982913,0.206703770994816,160.416153846154
266,-0.353042800758568,1.06073510845088,0.353846153846154,-0.319905449651415,0.261166250026601,-0.0293695998124068,-0.394407091150305,0.376547130181436,-0.00892998048443463,-0.0624966820721848,0.645743971633088,0.291623644780451,-0.0489031177152709,0.755898099664265,0.353497490974497,-0.37287768310748,0.241133845806345,-0.0658719186505675,-0.271518574959917,0.379850156894497,0.0541657909672904,-0.151787679899511,0.509187720380446,0.178700020240468,160.499743641026
267,-0.353042800758568,1.06073510845088,0.353846153846154,-0.321447126733895,0.210643364135521,-0.0554018812991866,-0.407004332521598,0.279484630895202,-0.0637598508131982,-0.0965500533410054,0.614144296087064,0.258797121373029,-0.0263570338138801,0.677285749955115,0.325464358070618,-0.420203088251145,0.209683366550874,-0.105259860850135,-0.250691494545027,0.429070058233873,0.089189281844423,-0.160963066532576,0.549833012557315,0.19443497301237,160.583589794872
268,-0.353042800758568,1.06073510845088,0.353846153846154,-0.386819983334732,0.225212940932198,-0.0808035212012671,-0.404379203082056,0.196230605699538,-0.104074298691259,-0.168109283372149,0.54929154150529,0.19059112906657,-0.000758148346050315,0.689423059546805,0.344332455600377,-0.542212562629001,0.0634778309799807,-0.23936736582451,-0.188713122975978,0.514747217834054,0.163017047429038,-0.0756581295235071,0.714185749431057,0.319263809953775,160.699743717949
269,-0.353042800758568,1.06073510845088,0.353846153846154,-0.385014981656899,0.238900830231713,-0.0730570757125933,-0.428126906069181,0.19370884243359,-0.117209031817796,-0.229469660138765,0.545207466155272,0.157868903008254,-0.0520707901529962,0.552207263749391,0.250068236798197,-0.552770900141444,-0.0242223614113671,-0.288496630776406,-0.128322838591037,0.607844762266268,0.239760961837616,-0.0936706184708034,0.728402617736248,0.317365999632722,160.816154025641
270,-0.353042800758568,1.06073510845088,0.353846153846154,-0.261719926099701,0.262840481494563,0.000560277697431027,-0.433544845099262,0.274885304502417,-0.0793297702984224,-0.322452080920341,0.554161511795422,0.11585471543754,-0.179327554292429,0.35332983688395,0.0870011412957602,-0.561574481187572,-0.0615101249812896,-0.311542303084431,-0.125264984875928,0.631258165341048,0.25299659023256,-0.148551664834076,0.721417527547796,0.28643293135686,160.916154051282
271,-0.353042800758568,1.06073510845088,0.353846153846154,-0.300911504920996,0.160222953892432,-0.0703442755142821,-0.462384661538125,0.296870429418468,-0.0827571160598285,-0.321482863962006,0.607934746707312,0.143225941372653,-0.247122761124056,0.236977911199681,-0.0050724249621873,-0.541114576649452,-0.0119602710271348,-0.276537423838293,-0.0969261661327831,0.671302220828252,0.287188027347735,-0.174586366436513,0.697800031320323,0.261606832441905,160.999743641026
