slice,ci_lower_diskomfort,ci_upper_diskomfort,mean_diskomfort,ci_lower_anger_sm,ci_upper_anger_sm,mean_fl_anger_sm,ci_lower_disgust_sm,ci_upper_disgust_sm,mean_fl_disgust_sm,ci_lower_fear_sm,ci_upper_fear_sm,mean_fl_fear_sm,ci_lower_happiness_sm,ci_upper_happiness_sm,mean_fl_happiness_sm,ci_lower_sadness_sm,ci_upper_sadness_sm,mean_fl_sadness_sm,ci_lower_surprise_sm,ci_upper_surprise_sm,mean_fl_surprise_sm,ci_lower_neutral_sm,ci_upper_neutral_sm,mean_fl_neutral_sm,mean_rel_zeit_s
1,-0.230245304842545,0.691783766381006,0.230769230769231,-0.226361155454413,0.171707887969064,-0.0273266337426743,-0.251549397955718,0.2931257560988,0.0207881790715407,-0.434846742455003,-0.0742710636255855,-0.254558903040294,-0.119329057512925,0.300094671612283,0.0903828070496789,-0.242232183425715,0.245106752769553,0.00143728467191881,-0.489368116870934,-0.0913914101505264,-0.29037976351073,-0.00819360273896549,0.475959429749699,0.233882913505367,97.9997437692308
2,-0.230245304842545,0.691783766381006,0.230769230769231,-0.226447037692543,0.165428005835649,-0.0305095159284473,-0.222725573749431,0.31657700741147,0.0469257168310197,-0.449689674618451,-0.0857246690705526,-0.267707171844502,-0.152142018169102,0.229262903294025,0.0385604425624617,-0.242474962598564,0.234516003461384,-0.00397947956858962,-0.503523624547673,-0.0906066476335215,-0.297065136090597,-0.0422155178049911,0.449057015438014,0.203420748816511,98.1158975384615
3,-0.230245304842545,0.691783766381006,0.230769230769231,-0.234968621011314,0.241132498295407,0.00308193864204632,-0.260598309504719,0.247529511709353,-0.00653439889768303,-0.457619171543845,-0.0878619989408263,-0.272740585242336,-0.215394031171886,0.147064071889339,-0.0341649796412735,-0.287355882520977,0.181218052475384,-0.0530689150227968,-0.465687346522378,-0.051799819234786,-0.258743582878582,-0.0887978344174011,0.411870410168101,0.16153628787535,98.2156411282051
4,-0.230245304842545,0.691783766381006,0.230769230769231,-0.214299336502242,0.258305392158011,0.0220030278278842,-0.354913341793653,0.0542236440529073,-0.150344848870373,-0.409214127580447,-0.0373750128529645,-0.223294570216706,-0.237689101681426,0.0706713249757011,-0.0835088883528623,-0.341344748022783,0.113618692150435,-0.113863027936174,-0.399686245300849,0.0189228605432775,-0.190381692378786,-0.0842741521464505,0.397366994035904,0.156546420944727,98.3156413205128
5,-0.230245304842545,0.691783766381006,0.230769230769231,-0.20333945789638,0.311712044802121,0.0541862934528704,-0.453732397816889,-0.0930138456794664,-0.273373121748178,-0.390173958252032,-6.49109461535124e-06,-0.195090224673324,-0.283174445352171,0.00375241900904082,-0.139711013171565,-0.356163833685251,0.104159028407681,-0.126002402638785,-0.333567244978594,0.0937010834502556,-0.119933080764169,-0.0415729880171765,0.429992033729539,0.194209522856181,98.4158975897436
6,-0.230245304842545,0.691783766381006,0.230769230769231,-0.215299411425262,0.387832063170564,0.0862663258726507,-0.449827334423479,-0.070255508457534,-0.260041421440507,-0.378711629458049,0.0482683407406974,-0.165221644358676,-0.305470169565527,-0.0348794013560946,-0.170174785460811,-0.361027608181943,0.0871166731736931,-0.136955467504125,-0.318600890202049,0.141185887163453,-0.0887075015192982,0.00189190372189175,0.497583819841194,0.249737861781543,98.5156412307692
7,-0.240478429502213,0.722529711553495,0.241025641025641,-0.283569860328052,0.323458523696623,0.0199443316842856,-0.426210200892077,-0.0378031773957709,-0.232006689143924,-0.364328015011575,0.0493650149721338,-0.157481500019721,-0.311829476594873,-0.0217585445843053,-0.166794010589589,-0.288377243491193,0.149159464743538,-0.0696088893738274,-0.305953575125009,0.15358863750512,-0.0761824688099445,-0.0139312742239452,0.524580944420624,0.255324835098339,98.6156411666667
8,-0.230245304842545,0.691783766381006,0.230769230769231,-0.318795663184163,0.152451743825935,-0.0831719596791141,-0.38855585121728,0.00932389240516283,-0.189615979406058,-0.35059497295878,0.0190370971148844,-0.165778937921948,-0.300114541422295,-0.0446057447310936,-0.172360143076694,-0.262000093755089,0.159206796283163,-0.0513966487359629,-0.319425247971419,0.149101374412462,-0.0851619367794784,-0.0409952354868905,0.512308635064891,0.235656699789,98.7158975897436
9,-0.230245304842545,0.691783766381006,0.230769230769231,-0.344183385325363,0.0483861314831569,-0.147898626921103,-0.421560062051142,-0.0350025563945487,-0.228281309222846,-0.368791493103619,-0.0560313772081532,-0.212411435155886,-0.302294873399592,-0.0193129019818262,-0.160803887690709,-0.247868633580773,0.189183662777127,-0.0293424854018231,-0.298276840416265,0.161207250899872,-0.0685347947581967,-0.00783311706055595,0.553427002788869,0.272796942864157,98.816154025641
10,-0.230245304842545,0.691783766381006,0.230769230769231,-0.303333087326976,0.0336113834512442,-0.134860851937866,-0.406470884725238,0.0570428728517196,-0.174714005936759,-0.403216433295533,0.124355740284677,-0.139430346505428,-0.42644993301417,0.614777042683718,0.094163554834774,-0.248048016689884,0.173751238433637,-0.0371483891281236,-0.347649773212,0.116781887576328,-0.115433942817836,0.0197594483717339,0.565121322582499,0.292440385477116,98.9164103076923
11,-0.235361867172379,0.707156738967251,0.235897435897436,-0.312301053984088,0.0583972570103879,-0.12695189848685,-0.391003319616447,0.107042342187357,-0.141980488714545,-0.410277403722391,0.0184989371483133,-0.195889233287039,-0.328583461011163,0.285057358060473,-0.0217630514753451,-0.210887705563933,0.203223506648562,-0.00383209945768575,-0.331697125379923,0.134726497711118,-0.0984853138344027,0.0659243244801735,0.591411699732728,0.328668012106451,99.016154025641
12,-0.230245304842545,0.691783766381006,0.230769230769231,-0.286188678957412,0.12513242035809,-0.080528129299661,-0.346849338977403,0.149972476151141,-0.0984384314131312,-0.438550021803264,-0.0944568625506686,-0.266503442176966,-0.302792648834859,0.113627920003931,-0.0945823644154636,-0.158649272678671,0.279223284231111,0.06028700577622,-0.321546384324829,0.182943570251064,-0.0693014070368826,0.0728769158593206,0.581902667164124,0.327389791511722,99.1158976410257
13,-0.230245304842545,0.691783766381006,0.230769230769231,-0.245826913616166,0.1873497909362,-0.0292385613399829,-0.350526137031848,0.18218363348847,-0.0841712517716888,-0.435479139147243,-0.111177045035298,-0.273328092091271,-0.271832750147001,0.0700922019004115,-0.100870274123295,-0.147630759190962,0.29311101866742,0.0727401297382291,-0.263371137209597,0.251232802866908,-0.00606916717134426,0.0142422897353735,0.538968530799785,0.276605410267579,99.2158976410257
14,-0.235361867172379,0.707156738967251,0.235897435897436,-0.218564526242717,0.174644419947638,-0.0219600531475396,-0.385948886540524,0.110495096574251,-0.137726894983137,-0.427934178873617,-0.0960390092835683,-0.261986594078593,-0.252365193174196,0.0918634014878238,-0.0802508958431862,-0.153975306804487,0.301064537326404,0.0735446152609581,-0.242877065800279,0.266527666322244,0.0118253002609823,-0.0176370220227892,0.496605794232319,0.239484386104765,99.3158976410256
15,-0.230245304842545,0.691783766381006,0.230769230769231,-0.203800320607952,0.151374341630528,-0.0262129894887116,-0.388338192217786,0.0844136302192216,-0.151962280999282,-0.393916692502288,-0.0559961920767417,-0.224956442289515,-0.22840705559606,0.137166881255312,-0.0456200871703744,-0.188065525362973,0.298399782273671,0.0551671284553491,-0.246435245326794,0.250880251377993,0.00222250302559968,-0.0471521140075534,0.427385085981609,0.190116485987028,99.4158975128205
16,-0.230245304842545,0.691783766381006,0.230769230769231,-0.218199450769041,0.16713482223473,-0.0255323142671557,-0.372260871337732,0.0634714325452746,-0.154394719396228,-0.39712397371821,-0.0619917418277791,-0.229557857772994,-0.194697238218496,0.189431560199103,-0.0026328390096964,-0.195057076334899,0.310408324942379,0.0576756243037399,-0.257431446227956,0.188349316119835,-0.0345410650540603,-0.0451743860051556,0.400803328213504,0.177814471104174,99.5158975897436
17,-0.230245304842545,0.691783766381006,0.230769230769231,-0.144267247774327,0.286327903264595,0.0710303277451337,-0.296243027328411,0.188941461775901,-0.0536507827762548,-0.4410349379529,-0.096914020591263,-0.268974479272081,-0.187250959989741,0.256433563671469,0.0345913018408639,-0.180960120287659,0.333814158847843,0.0764270192800919,-0.327626196880309,0.0608085035534971,-0.133408846663406,-0.0672880865883662,0.38921909849262,0.160965505952127,99.6158975897436
18,-0.230245304842545,0.691783766381006,0.230769230769231,-0.126342314604562,0.298497630103964,0.0860776577497012,-0.277927105664549,0.294105694074248,0.0080892942048494,-0.494752619563247,-0.129895076829066,-0.312323848196156,-0.251017025621,0.0429064268017679,-0.104055299409616,-0.12301034238592,0.422650562340071,0.149820109977075,-0.407435048688398,-0.0161860819714054,-0.211810565329902,-0.0680667052626423,0.422977156241801,0.177455225489579,99.7158975897436
19,-0.230245304842545,0.691783766381006,0.230769230769231,-0.16093860326403,0.284698926293569,0.0618801615147696,-0.297996758686068,0.250890383096847,-0.0235531877946103,-0.502418798612573,-0.0921894829103773,-0.297304140761475,-0.311847212186095,-0.0184762042353524,-0.165161708210724,-0.0982286342714729,0.438601417821825,0.170186391775176,-0.4220840198668,-0.0369031753074126,-0.229493597587106,0.0183350957001416,0.501949981222068,0.260142538461105,99.8151283076923
20,-0.230245304842545,0.691783766381006,0.230769230769231,-0.277038045092131,0.107123726533054,-0.0849571592795383,-0.364791376854554,0.0634157534782966,-0.150687811688129,-0.458384477918014,-0.0300635289282787,-0.244224003423146,-0.324509761966325,-0.0941819548987154,-0.20934585843252,-0.0931674539120688,0.425491425264582,0.166161985676257,-0.336872991829665,0.0323739884413173,-0.152249501694174,0.144600357045639,0.591387973182204,0.367994165113922,99.915384948718
21,-0.230245304842545,0.691783766381006,0.230769230769231,-0.284823077182039,0.111353732353861,-0.0867346724140891,-0.407835119178115,-0.0190117238412652,-0.21342342150969,-0.435098953402409,0.00767849975286102,-0.213710226824774,-0.331406020285697,-0.060693008611099,-0.196049514448398,-0.112542417115484,0.388500602580759,0.137979092732638,-0.288980090576637,0.0745105824024409,-0.107234754087098,0.238976404020444,0.688089882953076,0.46353314348676,100.015897512821
22,-0.230245304842545,0.691783766381006,0.230769230769231,-0.21873298490966,0.205755077075812,-0.0064889539169237,-0.363058878958192,0.0184712848458555,-0.172293797056168,-0.453441066822909,-0.0231362971144596,-0.238288681968684,-0.333940482539159,-0.0745899432068385,-0.204265212872999,-0.135235121787353,0.344101804039132,0.104433341125889,-0.329244267882997,0.0432814018525018,-0.142981433015248,0.224572291042898,0.704321067304583,0.464446679173741,100.115641166667
23,-0.230245304842545,0.691783766381006,0.230769230769231,-0.0771019106150845,0.454096669654503,0.188497379519709,-0.333021090663865,0.0402382053818199,-0.146391442641023,-0.483968479694322,-0.0738424757878674,-0.278905477741095,-0.316272072753505,-0.0329197991825857,-0.174595935968045,-0.10548996039386,0.358873868887363,0.126691954246751,-0.332798318009741,0.0398004009164325,-0.146498958546654,0.164688097486132,0.657575647740535,0.411131872613334,100.215897538462
24,-0.245594991832048,0.73790268413974,0.246153846153846,-0.048794651720074,0.503561090105199,0.227383219192562,-0.298657954446537,0.102531219703267,-0.0980633673716349,-0.472698717727545,-0.0658615966780727,-0.269280157202809,-0.316656401259148,-0.014584152622784,-0.165620276940966,-0.0725461512285466,0.383732363064322,0.155593105917888,-0.307111353996447,0.123350474201393,-0.0918804398975272,0.0932032777911692,0.5886619361228,0.340932606956984,100.315897692308
25,-0.240478429502213,0.722529711553495,0.241025641025641,-0.0949733778156838,0.431467531113779,0.168247076649048,-0.301414306939501,0.0954469027794704,-0.102983702080016,-0.415413365468149,-0.00910711281946388,-0.212260239143806,-0.333065257445223,-0.0152718152204933,-0.174168536332858,-0.0298697025240834,0.452252991155062,0.211191644315489,-0.267749669077118,0.180639146976652,-0.0435552610502332,0.0235470602282738,0.516707096598346,0.27012707841331,100.415897538462
26,-0.230245304842545,0.691783766381006,0.230769230769231,-0.12609980710303,0.262579654367807,0.0682399236323887,-0.255950224800342,0.146371128481789,-0.0547895481592767,-0.390732184546222,0.0464670814066992,-0.172132551569761,-0.350428014015916,-0.123221583839426,-0.236824798927671,-0.102496033883636,0.346575087349528,0.122039526732946,-0.26248424632201,0.167853805904417,-0.0473152202087964,-0.043016358902867,0.471864136635953,0.214423888866543,100.51589774359
27,-0.230245304842545,0.691783766381006,0.230769230769231,-0.183496907733769,0.242644219428127,0.029573655847179,-0.217270893569383,0.208054638662421,-0.00460812745348075,-0.380419090845653,0.0636153246359288,-0.158401883104862,-0.368760158273136,-0.204453220549192,-0.286606689411164,-0.161066432426901,0.278993096601221,0.05896333208716,-0.305555960563215,0.116706688111028,-0.0944246362260933,-0.0923626030627482,0.449960336904833,0.178798866921043,100.615897641026
28,-0.230245304842545,0.691783766381006,0.230769230769231,-0.23865586001261,0.194402144639678,-0.0221268576864661,-0.193793254304735,0.230557824128952,0.0183822849121086,-0.389312355452112,0.0858527936824185,-0.151729780884847,-0.346629057107541,-0.184131251331367,-0.265380154219454,-0.202754069015393,0.218477718092233,0.00786182453841963,-0.341097818446948,0.113368206955761,-0.113864805745593,-0.0990182197731986,0.451935713309405,0.176458746768103,100.715897538462
29,-0.230245304842545,0.691783766381006,0.230769230769231,-0.318820253556898,0.07017378302859,-0.124323235264154,-0.192234793462844,0.194276443740249,0.00102082513870241,-0.383722971446445,0.0611046207177657,-0.161309175364339,-0.347314467772851,-0.102825702478215,-0.225070085125533,-0.132362498137541,0.307935162261398,0.0877863320619288,-0.364338146605252,0.128020148057383,-0.118158999273935,-0.105293037939818,0.456799161926262,0.175753061993222,100.815897641026
30,-0.230245304842545,0.691783766381006,0.230769230769231,-0.371593099076757,-0.0614492260508403,-0.216521162563799,-0.16586913265258,0.211928897186295,0.0230298822668579,-0.336216848902146,0.0500734661444205,-0.143071691378863,-0.350173547464598,-0.0713666678875741,-0.210770107676086,-0.086595377263551,0.36460290579491,0.13900376426568,-0.366544544149685,0.112809910204053,-0.126867316972816,-0.123262067116222,0.417152620761831,0.146945276822805,100.916154038462
31,-0.230245304842545,0.691783766381006,0.230769230769231,-0.397886004210856,0.00417636207716672,-0.196854821066844,-0.129591597037861,0.287342399033096,0.0788754009976177,-0.337760617428764,0.0288871128077883,-0.154436752310488,-0.344026868118275,-0.0794193402244935,-0.211723104171384,-0.0736137574274731,0.374524251681399,0.150455247126963,-0.355072327139901,0.112553916730892,-0.121259205204505,-0.204009958915319,0.269376867610313,0.032683454347497,101.016153948718
32,-0.240478429502213,0.722529711553495,0.241025641025641,-0.375539785455687,0.113378787033011,-0.131080499211338,-0.118663917829235,0.308280849959678,0.0948084660652216,-0.360561923847767,-0.00719674425282683,-0.183879334050297,-0.35638017292016,-0.134565028744986,-0.245472600832573,-0.0749804265196296,0.361581250162388,0.143300411821379,-0.350329913679064,0.128613256375211,-0.110858328651927,-0.257075577899,0.157624267140803,-0.0497256553790986,101.115641230769
33,-0.235361867172379,0.707156738967251,0.235897435897436,-0.31089171209984,0.234533682688771,-0.0381790147055343,-0.179987645620433,0.222745858765412,0.0213791065724897,-0.40403386788897,-0.0587392789522256,-0.231386573420598,-0.327146311192034,-0.0713366700738223,-0.199241490632928,-0.139588436117132,0.265915274265533,0.0631634190742008,-0.33309048825471,0.114662886100162,-0.109213801077274,-0.296733567014754,0.108150665226233,-0.0942914508942602,101.215641141026
34,-0.230245304842545,0.691783766381006,0.230769230769231,-0.223847619383692,0.252536985918955,0.0143446832676317,-0.223115915945602,0.145738321520336,-0.0386887972126326,-0.400878628731959,-0.0616708009262697,-0.231274714829114,-0.321695692159345,-0.0275513469984116,-0.174623519578878,-0.210730735433838,0.206712093575166,-0.00200932092933605,-0.33979206867706,0.0640444893223746,-0.137873789677343,-0.297168892770196,0.122000413680994,-0.087584239544601,101.315897730769
35,-0.230245304842545,0.691783766381006,0.230769230769231,-0.153025256631536,0.292924224269559,0.0699494838190116,-0.203433404719069,0.175788373625318,-0.0138225155468757,-0.377752870023813,-0.0337363203782841,-0.205744595201049,-0.270030223698433,0.216895481508094,-0.0265673710951697,-0.226553391276056,0.200573853731397,-0.0129897687723297,-0.365489914994259,0.00303154752799285,-0.181229183733133,-0.299271439949667,0.133389728859201,-0.0829408555452327,101.415641128205
36,-0.230245304842545,0.691783766381006,0.230769230769231,-0.20487618090894,0.202031228426518,-0.001422476241211,-0.121185336080346,0.258647628912723,0.0687311464161885,-0.390484576023842,-0.0335001525543324,-0.211992364289087,-0.244912756846745,0.268318789081649,0.011703016117452,-0.120252357359269,0.323305605789402,0.101526624215066,-0.375011615769612,-0.025828239894974,-0.200419927832293,-0.294993778132615,0.132631831221148,-0.0811809734557334,101.51538475641
37,-0.230245304842545,0.691783766381006,0.230769230769231,-0.314139535792877,0.0656657749736816,-0.124236880409598,-0.0457419846870573,0.335740328045009,0.144999171678976,-0.336832177908081,0.0824961477620572,-0.127168015073012,-0.246597077939639,0.258335874637395,0.00586939834887799,-0.0107441175271208,0.501412440713085,0.245334161592982,-0.404971263396347,-0.0233100070713888,-0.214140635233868,-0.295780997361931,0.135559387356965,-0.0801108050024828,101.615641474359
38,-0.240478429502213,0.722529711553495,0.241025641025641,-0.361845894055515,0.0106116738292647,-0.175617110113125,-0.0892073812089503,0.33322722827205,0.12200992353155,-0.284313876818085,0.188978793885176,-0.0476675414664546,-0.278690040716597,0.178793103850826,-0.0499484684328856,0.0364854284151633,0.553722035610552,0.295103732012858,-0.414239158182952,-0.00746134364841254,-0.210850250915682,-0.204881006167872,0.256151182675236,0.025635088253682,101.715897641026
39,-0.230245304842545,0.691783766381006,0.230769230769231,-0.347758016211977,0.26386919798193,-0.0419444091150236,-0.188880876586989,0.205808750633702,0.00846393702335647,-0.180303569100685,0.358091602334186,0.0888940166167507,-0.272762651394855,0.129218347791525,-0.0717721518016654,0.0132736050439842,0.50986182900864,0.261567717026312,-0.33589353747103,0.122210220793039,-0.106841658338995,-0.131268008954971,0.348155877647674,0.108443934346351,101.815897538462
40,-0.230245304842545,0.691783766381006,0.230769230769231,-0.287735968122648,0.32115296309227,0.0167084974848115,-0.237401314612611,0.183716139066503,-0.0268425877730537,-0.119946722996718,0.398433149427634,0.139243213215458,-0.291534256288144,0.0696326388298729,-0.110950808729136,0.0255828301302151,0.500858874202426,0.26322085216632,-0.345361439280131,0.110509481533342,-0.117425978873395,-0.0655261765698937,0.410518257690229,0.172496040560168,101.915641179487
41,-0.230245304842545,0.691783766381006,0.230769230769231,-0.274017751948102,0.299512638897946,0.0127474434749219,-0.209434524114222,0.248939744891671,0.0197526103887243,-0.129895671966669,0.372937855660957,0.121521091847144,-0.300071219700609,0.126630787099931,-0.0867202163003387,0.0325528529899633,0.51378471084748,0.273168781918722,-0.372069218514737,0.0521797267967788,-0.159944745858979,-0.131206455194093,0.33669525265012,0.102744398728014,102.015897717949
42,-0.230245304842545,0.691783766381006,0.230769230769231,-0.268330373689756,0.232490832670445,-0.0179197705096558,-0.161547045580365,0.326561901993225,0.0825074282064303,-0.165034525604105,0.305373012203091,0.0701692432994933,-0.291735708041417,0.0754437245952369,-0.10814599172309,0.0380273182869407,0.504556169611508,0.271291743949224,-0.440151326694282,-0.049630699102801,-0.244891012898542,-0.178950416212569,0.282164623428107,0.0516071036077694,102.115897615385
43,-0.230245304842545,0.691783766381006,0.230769230769231,-0.301885504832318,0.1612634796507,-0.0703110125908092,-0.103449317397671,0.422766173720487,0.159658428161408,-0.244963800974511,0.149715087295508,-0.0476243568395015,-0.276260092029487,0.0588174891428791,-0.108721301443304,0.00235480649226828,0.439522734911364,0.220938770701816,-0.452029240053761,-0.0975309288562454,-0.274780084455003,-0.208753140004794,0.25924156861863,0.0252442143069182,102.215641269231
44,-0.240478429502213,0.722529711553495,0.241025641025641,-0.349084328525893,0.0786859283360272,-0.135199200094933,-0.00964304579768142,0.536551004849503,0.263453979525911,-0.286270919812513,0.0763299073526484,-0.104970506229932,-0.319270980287897,0.41622334704169,0.0484761833768964,-0.056115381977137,0.3786714516961,0.161278034859481,-0.464103847663964,-0.105804875110003,-0.284954361386984,-0.27490485928281,0.239277565855462,-0.0178136467136743,102.315641128205
45,-0.230245304842545,0.691783766381006,0.230769230769231,-0.344659621992426,0.0823956144771819,-0.131132003757622,-0.00832022556289997,0.564908051027707,0.278293912732403,-0.250881109011124,0.129139565009176,-0.0608707720009736,-0.283900930929956,0.29273258984548,0.00441582945776196,-0.0350387298249661,0.399702382589912,0.182331826382473,-0.461675343054867,-0.058024773850701,-0.259850058452784,-0.286947215166611,0.244453662053127,-0.0212467765567421,102.415897705128
46,-0.230245304842545,0.691783766381006,0.230769230769231,-0.341766657098203,0.0444696527443242,-0.148648502176939,-0.0320447977359015,0.522732457971181,0.24534383011764,-0.20664843478877,0.18692331482158,-0.00986255998359532,-0.273964853677462,0.144403011967092,-0.0647809208551848,0.000348531122005453,0.412488883315884,0.206418707218945,-0.44116087707228,-0.0123148369400332,-0.226737857006157,-0.245748068249451,0.246193818737479,0.000222875244014405,102.516154
47,-0.230245304842545,0.691783766381006,0.230769230769231,-0.332402307187221,0.0141619866553361,-0.159120160265942,-0.0998646289301802,0.41331697107602,0.15672617107292,-0.193759940782722,0.211090375577797,0.00866521739753727,-0.283986099248747,-0.0261667372281053,-0.155076418238426,0.0474119805444666,0.449910942860369,0.248661461702418,-0.399274971782578,0.0113474747381013,-0.193963748522238,-0.201137192068772,0.269908266875423,0.0343855374033254,102.615897641026
48,-0.230245304842545,0.691783766381006,0.230769230769231,-0.344845201075906,0.0334225275041324,-0.155711336785887,-0.145449995059303,0.356416804619055,0.105483404779876,-0.216485183845356,0.167339676395136,-0.0245727537251103,-0.295933520135024,-0.0954402319603268,-0.195686876047676,0.0974700761266344,0.512918561504871,0.305194318815753,-0.342991432746022,0.0554751906529528,-0.143758121046535,-0.175155576570635,0.259604344841375,0.0422243841353699,102.715641179487
49,-0.230245304842545,0.691783766381006,0.230769230769231,-0.30357622520286,0.203952712630756,-0.0498117562860523,-0.175911219209336,0.310695438850639,0.0673921098206515,-0.263350753104363,0.126086054956593,-0.068632349073885,-0.331684265939389,-0.0646338652931727,-0.198159065616281,0.127392643889058,0.596907674757661,0.362150159323359,-0.296117986690879,0.163449109533065,-0.0663344385789068,-0.17808906098022,0.242867505258613,0.0323892221391968,102.815641217949
50,-0.230245304842545,0.691783766381006,0.230769230769231,-0.296753757991869,0.162066807997354,-0.0673434749972577,-0.22615686946413,0.281983159715068,0.0279131451254693,-0.270126852601302,0.135656190233199,-0.0672353311840518,-0.316921699489242,0.0286868171328357,-0.144117441178203,0.118786820456588,0.627158562757401,0.372972691606995,-0.245517255120178,0.225105127854554,-0.0102060636328121,-0.199775082428499,0.218553025521071,0.00938897154628605,102.915641128205
51,-0.230245304842545,0.691783766381006,0.230769230769231,-0.2678489018404,0.105682571268522,-0.0810831652859392,-0.238687534396422,0.286307658007814,0.0238100618056961,-0.268787937911585,0.146594071258176,-0.0610969333267044,-0.300323363058292,0.140396888282651,-0.0799632373878204,0.0663191334345652,0.540875523395434,0.303597328415,-0.20357306822349,0.238541959049027,0.0174844454127689,-0.24451625713087,0.17605724990671,-0.0342295036120797,103.01564125641
52,-0.230245304842545,0.691783766381006,0.230769230769231,-0.327763402844654,-0.0248597381929218,-0.176311570518788,-0.215686122665685,0.284878955023839,0.0345964161790766,-0.288745032608024,0.127865236592757,-0.0804398980076333,-0.338555907246814,0.289676508581741,-0.0244396993325366,0.0660390414996403,0.53053267016109,0.298285855830365,-0.255710159565722,0.166987740946617,-0.0443612093095522,-0.281933615179087,0.145294920635225,-0.0683193472719314,103.115641102564
53,-0.230245304842545,0.691783766381006,0.230769230769231,-0.293061689213051,0.0584120527885192,-0.117324818212266,-0.197778179094924,0.258223385135809,0.0302226030204424,-0.321464326208781,0.0923196722775445,-0.114572326965618,-0.329336892971769,0.193515262291647,-0.0679108153400611,0.0571727924393919,0.562833508591204,0.310003150515298,-0.33125158379568,0.120700411273208,-0.105275586261236,-0.247111861343537,0.181317990414322,-0.0328969354646075,103.215384910256
54,-0.230245304842545,0.691783766381006,0.230769230769231,-0.327948361285839,0.0920487635938802,-0.117949798845979,-0.191609402875546,0.259673466365632,0.0340320317450433,-0.362623595151327,0.0667700764385218,-0.147926759356403,-0.343657777334021,0.113016791129179,-0.115320493102421,0.0188200524289054,0.513411541921254,0.26611579717508,-0.359143870166622,0.108834080314744,-0.125154894925939,-0.155383727527415,0.264162907901933,0.054389590187259,103.315641179487
55,-0.230245304842545,0.691783766381006,0.230769230769231,-0.299156389021804,0.043016817217979,-0.128069785901913,-0.184021305762253,0.292460255829702,0.0542194750337244,-0.366523213736476,0.100664494727373,-0.132929359504551,-0.342691519778311,0.022682788892751,-0.16000436544278,-0.0315905952071951,0.440252226130076,0.20433081546144,-0.33862053438657,0.14104701959123,-0.0987867573976703,-0.0913599247068341,0.325629891645089,0.117134983469127,103.41589774359
56,-0.230245304842545,0.691783766381006,0.230769230769231,-0.283381554711821,-0.0117307904587855,-0.147556172585303,-0.161030436437034,0.335015897665934,0.08699273061445,-0.355748784801872,0.164045482843922,-0.0958516509789752,-0.345670818607742,-0.020281701330952,-0.182976259969347,0.00256054358871083,0.448069205456583,0.225314874522647,-0.318869465282993,0.176580572368559,-0.0711444464572166,-0.0234364802395081,0.378240027540959,0.177401773650726,103.515898153846
57,-0.230245304842545,0.691783766381006,0.230769230769231,-0.324042857554907,-0.00262541276777594,-0.163334135161341,-0.164220201201124,0.317491545724387,0.0766356722616312,-0.328195484325189,0.21801827444875,-0.0550886049382195,-0.361136171417283,-0.146792500061671,-0.253964335739477,0.0423136072220775,0.484313862084619,0.263313734653348,-0.3128318262274,0.191589168811649,-0.0606213287078756,0.0460208925541771,0.42876436686775,0.237392629710964,103.615897589744
58,-0.230245304842545,0.691783766381006,0.230769230769231,-0.28542723197926,0.0387327701216091,-0.123347230928826,-0.206978572709631,0.259284025306183,0.0261527262982761,-0.28295083212365,0.257748984826185,-0.0126009236487323,-0.390244681967469,-0.174365510034821,-0.282305096001145,0.0718079713991924,0.529636117457936,0.300722044428564,-0.311475339320145,0.203669499859383,-0.0539029197303808,0.0849178681362299,0.448508122227748,0.266712995181989,103.715641179487
59,-0.230245304842545,0.691783766381006,0.230769230769231,-0.286795511097623,-0.00545198887105841,-0.146123749984341,-0.228814249382282,0.240028396756062,0.00560707368689034,-0.251770763255828,0.222663368536767,-0.0145536973595304,-0.387025953231785,-0.157129072037256,-0.27207751263452,0.0313696307934072,0.530981256736187,0.281175443764797,-0.292182031024592,0.211950585544393,-0.0401157227400999,0.110337539500628,0.479264125480862,0.294800832490745,103.815897846154
60,-0.235361867172379,0.707156738967251,0.235897435897436,-0.301444899388623,-0.0072975226303265,-0.154371211009475,-0.169321240365155,0.30981871000857,0.0702487348217075,-0.227903339178309,0.190946268676035,-0.0184785352511369,-0.370546984247823,-0.108407653023137,-0.23947731863548,0.00150088468504292,0.478943447999008,0.240222166342025,-0.272404711008642,0.179476463908312,-0.0464641235501649,0.0725480518561831,0.438797122682059,0.255672587269121,103.915897692308
61,-0.230245304842545,0.691783766381006,0.230769230769231,-0.337953117326632,0.0366711854305645,-0.150640965948034,-0.114604535554686,0.378504234629087,0.131949849537201,-0.215328429169206,0.184646766478543,-0.0153408313453318,-0.350698560694242,-0.0873591142949842,-0.219028837494613,-0.0747705641752198,0.340065244669349,0.132647340247065,-0.256155453134767,0.159286379650585,-0.0484345367420912,0.0172552270544,0.37926435705465,0.198259792054525,104.015641448718
62,-0.245594991832048,0.73790268413974,0.246153846153846,-0.293507141639457,0.0683691984399047,-0.112568971599776,-0.103123160886083,0.372115317164445,0.134496078139181,-0.180207438114896,0.221282591762223,0.0205375768236635,-0.35252339661271,-0.0943397247013129,-0.223431560657012,-0.189689241203583,0.166137341215584,-0.0117759499939997,-0.17954077841895,0.185432544328392,0.00294588295472115,-0.0528048186073211,0.310205033277693,0.128700107335186,104.11589748718
63,-0.230245304842545,0.691783766381006,0.230769230769231,-0.240216506005432,0.15079956955859,-0.044708468223421,-0.120780923174424,0.286557261208598,0.0828881690170874,-0.148797707577893,0.280878319340419,0.0660403058812628,-0.34701035295658,0.219479256124929,-0.0637655484158255,-0.274065128744657,0.100002089048374,-0.0870315198481415,-0.100976390706426,0.24232525110816,0.0706744302008669,-0.14196612186785,0.21915643716698,0.0385951576495648,104.215897641026
64,-0.230245304842545,0.691783766381006,0.230769230769231,-0.232073789783845,0.214436898496451,-0.00881844564369676,-0.192857318172332,0.212276872991303,0.00970977740948529,-0.209403918038421,0.159952037065088,-0.0247259404866663,-0.346558677669807,0.224247827056993,-0.0611554253064071,-0.238502338605655,0.17075531707264,-0.0338735107665071,-0.0595231523210834,0.302882815807783,0.12167983174335,-0.145691797307811,0.210591014702051,0.03244960869712,104.316154115385
65,-0.230245304842545,0.691783766381006,0.230769230769231,-0.208536743721925,0.283947021568447,0.0377051389232613,-0.253419685334703,0.155372672863827,-0.0490235062354376,-0.26897681285007,0.0980586437655923,-0.0854590845422387,-0.314733936811416,0.278148271805343,-0.0182928325030364,-0.211537324991031,0.228663468541799,0.00856307177538359,-0.0949861623856497,0.291558158332005,0.0982859979731775,-0.161234289796146,0.218262946788867,0.0285143284963607,104.416410358974
66,-0.230245304842545,0.691783766381006,0.230769230769231,-0.188615884695713,0.316261339813419,0.0638227275588529,-0.239365781343758,0.170467008740814,-0.0344493863014719,-0.277139834949334,0.140690503014715,-0.0682246659673094,-0.3273582051806,0.0493680670439944,-0.138995069068303,-0.203843651011833,0.252795172460014,0.0244757607240905,-0.127431998863469,0.279182115330972,0.0758750582337514,-0.131371076636846,0.275481126593726,0.0720550249784402,104.516154
67,-0.230245304842545,0.691783766381006,0.230769230769231,-0.166839607868892,0.339588275164397,0.0863743336477523,-0.176024661996022,0.217343536171011,0.0206594370874945,-0.257569599937612,0.174056008774144,-0.0417567955817338,-0.325337929314153,0.0495013522495358,-0.137918288532309,-0.16364514256647,0.287953563381998,0.0621542104077638,-0.144248195363992,0.255938471086093,0.0558451378610506,-0.179006121328919,0.25326057820179,0.0371272284364355,104.615897589744
68,-0.230245304842545,0.691783766381006,0.230769230769231,-0.142770094210129,0.317986737230048,0.0876083215099597,-0.138780861138127,0.256396950512048,0.0588080446869605,-0.230417895000814,0.182418238266631,-0.0239998283670912,-0.321251747367081,0.0103599903534712,-0.155445878506805,-0.148170587766681,0.288227567697972,0.0700284899656456,-0.123875573894554,0.275533076580741,0.075828751343093,-0.204632837098834,0.217170467401838,0.00626881515150203,104.71564125641
69,-0.230245304842545,0.691783766381006,0.230769230769231,-0.111794175762803,0.311979221949518,0.100092523093357,-0.156499549650964,0.245177624536637,0.0443390374428365,-0.219033367293121,0.177632112361303,-0.0207006274659087,-0.311641618445496,0.00302894056636443,-0.154306338939566,-0.109443492873746,0.317455480325101,0.104005993725678,-0.143813737313889,0.261729769953705,0.058958016319908,-0.221597421015279,0.180666308087087,-0.020465556464096,104.815641346154
70,-0.230245304842545,0.691783766381006,0.230769230769231,-0.0491884539434117,0.347731315368292,0.14927143071244,-0.206875336889089,0.175420983360338,-0.0157271767643755,-0.210819300721361,0.23034476017619,0.00976272972741472,-0.301786815363458,0.0129369864566705,-0.144424914453394,-0.156103131842848,0.29633261321632,0.0701147406867356,-0.173665447764163,0.234079079309286,0.0302068157725615,-0.234264537255553,0.153419271252521,-0.0404226330015161,104.915897692308
71,-0.230245304842545,0.691783766381006,0.230769230769231,-0.0183353208437592,0.453710259643209,0.217687469399725,-0.181752010565848,0.217813205295661,0.0180305973649068,-0.233282580906238,0.253424567711071,0.0100709934024164,-0.278202454920628,-0.00685508461109182,-0.14252876976586,-0.190969829206017,0.308122644785475,0.0585764077897289,-0.214174631728258,0.21690024975947,0.00136280901560595,-0.305455233666288,0.0830076939365252,-0.111223769864881,105.015897589744
72,-0.230245304842545,0.691783766381006,0.230769230769231,-0.0556454932750925,0.418242439895035,0.181298473309971,-0.165800579848344,0.250802614619427,0.0425010173855416,-0.237275015749866,0.276937822398717,0.0198314033244257,-0.231526902548409,0.0755426562399074,-0.0779921231542509,-0.182687490386984,0.312769455374448,0.0650409824937319,-0.262689963135423,0.184521772763986,-0.0390840951857183,-0.395385398006369,0.00293512939316581,-0.196225134306602,105.115897846154
73,-0.235361867172379,0.707156738967251,0.235897435897436,-0.186974782942067,0.291438473245916,0.0522318451519247,-0.190778946878283,0.243966256825296,0.0265936549735062,-0.217243856999356,0.272252263695699,0.0275042033481715,-0.203982087712472,0.16350622162755,-0.0202379330424611,-0.188083083438472,0.283440038213605,0.0476784773875662,-0.251835304881999,0.201281172874231,-0.0252770660038838,-0.384669042014776,0.00658051205183127,-0.189044264981472,105.21589748718
74,-0.235361867172379,0.707156738967251,0.235897435897436,-0.229410096217518,0.199987584355991,-0.0147112559307635,-0.287460252412008,0.0632826296194179,-0.112088811396295,-0.173790676606054,0.299248135282762,0.0627287293383539,-0.199489069208249,0.2384596535633,0.0194852921775254,-0.23101514237596,0.200517592265754,-0.0152487750551029,-0.185145437996904,0.262070107114626,0.0384623345588609,-0.277784805911944,0.0895782589189346,-0.0941032734965045,105.315897641026
75,-0.230245304842545,0.691783766381006,0.230769230769231,-0.182560668534988,0.2002049918929,0.00882216167895592,-0.386780069901637,-0.0731804519212913,-0.229980260911464,-0.176873699828764,0.299825768150633,0.0614760341609345,-0.207060287659198,0.232876974022141,0.0129083431814715,-0.332957576763162,0.0552397564979341,-0.138858910132614,-0.109359858713743,0.360148265697668,0.125394203491962,-0.237526783207431,0.132615985269377,-0.0524553989690271,105.416153923077
76,-0.230245304842545,0.691783766381006,0.230769230769231,-0.190908265963079,0.18775901024468,-0.00157462785919937,-0.414075119829145,-0.120523887503274,-0.26729950366621,-0.160404271850704,0.318705329638669,0.0791505288939825,-0.186455031242029,0.212157751231349,0.0128513599946601,-0.418320366700472,-0.0483531706096922,-0.233336768655082,-0.0555494027760035,0.393549052748077,0.168999824986037,-0.278180204496818,0.114265980813387,-0.0819571118417156,105.516154
77,-0.230245304842545,0.691783766381006,0.230769230769231,-0.176523861236223,0.161705190462347,-0.00740933538693799,-0.392717251490676,-0.0850767262153117,-0.238896988852994,-0.170783414217956,0.286342824912736,0.0577797053473899,-0.152642157852892,0.202229898095729,0.0247938701214185,-0.400778243068964,0.0132302357123345,-0.193774003678314,-0.0569920070877911,0.326967107393075,0.134987550152642,-0.367268386696357,0.0319021471754049,-0.167683119760476,105.615641179487
78,-0.230245304842545,0.691783766381006,0.230769230769231,-0.167973101570856,0.199816991370719,0.0159219448999316,-0.324317350327961,-0.00158025332601103,-0.162948801826986,-0.220136543391425,0.18457009888988,-0.0177832222507723,-0.161326109822375,0.186352244793754,0.0125130674856894,-0.290678424391046,0.165594709335132,-0.0625418575279568,-0.131100620776281,0.258308489639774,0.0636039344317464,-0.406049719634113,-0.0216136901818179,-0.213831704907966,105.715641307692
79,-0.230245304842545,0.691783766381006,0.230769230769231,-0.112154827821053,0.359852083239014,0.12384862770898,-0.243010505370144,0.147781367158129,-0.0476145691060077,-0.357243895816653,0.0119905860520559,-0.172626654882299,-0.148942633727519,0.237941982912076,0.0444996745922785,-0.142684045319304,0.347601675889301,0.102458815284998,-0.257164682917366,0.139621535658757,-0.0587715736293044,-0.410511647225019,-0.0268399700385434,-0.218675808631781,105.815384820513
80,-0.230245304842545,0.691783766381006,0.230769230769231,-0.0767883344522185,0.424042903269056,0.173627284408419,-0.208378867401323,0.21247806285816,0.00204959772841853,-0.425315529217008,-0.0860722794370121,-0.25569390432701,-0.168669386381222,0.227321000004486,0.0293258068116317,-0.0750193857153128,0.380209633117584,0.152595123701136,-0.304020124724205,0.0887820750106971,-0.107619024856754,-0.391008184747571,0.0273057626933059,-0.181851211027132,105.915128448718
81,-0.240478429502213,0.722529711553495,0.241025641025641,-0.0616284315971995,0.428288632885031,0.183330100643916,-0.227684765232335,0.202705409270816,-0.0124896779807596,-0.406018212793661,-0.0962040171620557,-0.251111114977858,-0.186128237861724,0.187859060306393,0.000865411222334563,-0.0504655211038153,0.341387590244572,0.145461034570378,-0.284177629777424,0.0695210245852702,-0.107328302596077,-0.326469047857512,0.106676442417707,-0.109896302719902,106.015641423077
82,-0.235361867172379,0.707156738967251,0.235897435897436,-0.0686797100887102,0.414021100618192,0.172670695264741,-0.262472120269084,0.120204617875746,-0.0711337511966691,-0.325066405774516,-0.00224792764575953,-0.163657166710138,-0.246265562285377,0.106484726495948,-0.0698904178947145,-0.0935793266187916,0.304300345911388,0.105360509646298,-0.247742324081721,0.0964134505636694,-0.0756644367590257,-0.284592325408309,0.164264778745108,-0.0601637733316006,106.115641230769
83,-0.230245304842545,0.691783766381006,0.230769230769231,-0.0883953114936919,0.396528169896681,0.154066429201495,-0.325839927791401,0.0545990176889633,-0.135620455051219,-0.272477573572056,0.0758290775942346,-0.0983242479889108,-0.28036659680869,0.16381630170033,-0.0582751475541802,-0.0995627069556346,0.313814746037006,0.107126019540686,-0.222532569710512,0.129154394477832,-0.0466890876163399,-0.279106567741873,0.166468918542634,-0.0563188245996192,106.215641217949
84,-0.230245304842545,0.691783766381006,0.230769230769231,-0.123070264119722,0.362772734607627,0.119851235243952,-0.368045708552865,0.0195674739909856,-0.17423911728094,-0.212616097048112,0.150087578717109,-0.0312642591655018,-0.317771772537433,0.165733037319743,-0.076019367608845,-0.106309066293196,0.303554231034189,0.0986225823704963,-0.20618165354459,0.133672947655228,-0.0362543529446812,-0.225273638019001,0.194002271561191,-0.0156356832289048,106.315641333333
85,-0.230245304842545,0.691783766381006,0.230769230769231,-0.184129245484282,0.317598207130791,0.0667344808232546,-0.431504939957243,-0.0169602707998364,-0.22423260537854,-0.180355843758809,0.208272949798371,0.0139585530197811,-0.301020825422814,0.184461223234486,-0.0582798010941637,-0.122403930841684,0.25668023973122,0.0671381544447681,-0.150480697820013,0.160057844874709,0.00478857352734811,-0.14894276611096,0.240404310555444,0.0457307722222422,106.415256576923
86,-0.230245304842545,0.691783766381006,0.230769230769231,-0.198849529947912,0.300333113702944,0.050741791877516,-0.429958625129659,-0.00779938118600683,-0.218879003157833,-0.196431966779758,0.154461393284492,-0.0209852867476329,-0.243569071718764,0.159751254896734,-0.0419089084110149,-0.118300940787589,0.253544616403594,0.0676218378080024,-0.118178758165083,0.195876693959065,0.0388489678969912,-0.118368735813744,0.286228814879471,0.0839300395328634,106.515641205128
87,-0.230245304842545,0.691783766381006,0.230769230769231,-0.219961546972951,0.226129368427449,0.00308391072724913,-0.403687154858459,-0.00104018391155589,-0.202363669385007,-0.195269197868926,0.194125183421031,-0.000572007223947721,-0.205869305427422,0.17604726896151,-0.014911018232956,-0.105119979213153,0.273118413124838,0.0839992169558424,-0.0945339001096333,0.222951201425971,0.0642086506581686,-0.178369798456717,0.25314543526439,0.0373878184038364,106.616154051282
88,-0.230245304842545,0.691783766381006,0.230769230769231,-0.23430263458841,0.17296713379822,-0.0306677503950954,-0.3468147040623,0.0250262067990595,-0.16089424863162,-0.166362229581794,0.276772523722099,0.0552051470701526,-0.196303722391212,0.136961847637903,-0.0296709373766545,-0.105371419749752,0.30670574138476,0.100667160817504,-0.143991489368939,0.198396448845362,0.0272024797382116,-0.237413188607405,0.211554313102829,-0.0129294377522878,106.715897641026
89,-0.230245304842545,0.691783766381006,0.230769230769231,-0.285712815178543,0.0780299324915186,-0.103841441343512,-0.308798356416959,0.0747331287615836,-0.117032613827688,-0.11504627254237,0.3299651418024,0.107459434630015,-0.227878718621904,0.0704298575684589,-0.0787244305267224,-0.127458534708072,0.336631514349816,0.104586489820872,-0.177464740950792,0.188890197405657,0.00571272822743274,-0.211198812956669,0.244184074332143,0.0164926306877366,106.81564125641
90,-0.230245304842545,0.691783766381006,0.230769230769231,-0.284097743310894,0.120747868118164,-0.0816749375963651,-0.37578617587107,-0.0479186999408371,-0.211852437905954,-0.0272316274196476,0.473932719027569,0.223350545803961,-0.244931601684362,0.0320365972617005,-0.106447502211331,-0.227339191481473,0.284529102439307,0.028594955478917,-0.17436393806489,0.197321319451767,0.0114786906934387,-0.137766182335368,0.297040660702091,0.0796372391833616,106.915384705128
91,-0.230245304842545,0.691783766381006,0.230769230769231,-0.22978004743928,0.249114183190695,0.00966706787570743,-0.465471510213692,-0.164807314687173,-0.315139412450432,-0.0240845735549204,0.502778923373786,0.239347174909433,-0.231144929318311,0.0776635451778023,-0.0767406920702544,-0.386100792322319,0.0870446795687045,-0.149528056376807,-0.0642245703470524,0.351374555377208,0.143574992515078,-0.0777583560518139,0.336563578410176,0.129402611179181,107.015641192308
92,-0.240478429502213,0.722529711553495,0.241025641025641,-0.255530160171711,0.242565906424026,-0.00648212687384272,-0.454960953524242,-0.129083397323667,-0.292022175423955,0.00361193735706531,0.52045489708168,0.262033417219373,-0.183984136316812,0.241521726328439,0.0287687950058138,-0.430595706526845,-0.0234423448067874,-0.227019025666816,-0.102642271605185,0.332907558491899,0.115132643443357,-0.127452732708603,0.282776281560937,0.0776617744261668,107.116153897436
93,-0.230245304842545,0.691783766381006,0.230769230769231,-0.270299460948209,0.167831755881613,-0.0512338525332976,-0.448312465573116,-0.0569729039525284,-0.252642684762822,-0.049496721382242,0.455928758441019,0.203216018529388,-0.20392554464708,0.233143947136547,0.0146092012447337,-0.36965677509237,-0.000183089494396987,-0.184919932293383,-0.16449040013131,0.324744932338273,0.0801272661034812,-0.179133124965545,0.267943770725295,0.0444053228798748,107.215898051282
94,-0.230245304842545,0.691783766381006,0.230769230769231,-0.349728440407789,0.0367450492775784,-0.156491695565105,-0.398862092300373,0.00911269390923189,-0.194874699195571,-0.106290202962836,0.427740949074053,0.160725373055609,-0.247972022026441,0.17393332750826,-0.0370193472590906,-0.285397353411025,0.142682967644339,-0.0713571928833428,-0.202558039124145,0.267409189729895,0.0324255753028752,-0.183594874975344,0.293856022899569,0.0551305739621123,107.315641230769
95,-0.230245304842545,0.691783766381006,0.230769230769231,-0.311821210200197,0.0476024319335084,-0.132109389133344,-0.391956255507006,0.162146446966947,-0.114904904270029,-0.129074861345073,0.438115382109467,0.154520260382197,-0.210692666311404,0.121304894145046,-0.0446938860831789,-0.232982485692108,0.281378923347263,0.0241982188275778,-0.166378022206673,0.29870978424372,0.0661658810185231,-0.163318473017666,0.300991205384425,0.0688363661833798,107.415897615385
96,-0.230245304842545,0.691783766381006,0.230769230769231,-0.358556174467524,0.00291290896685327,-0.177821632750335,-0.368289897384106,0.271797686720122,-0.0482461053319923,-0.165035148309335,0.395812570573221,0.115388711131943,-0.228222528508973,0.171553329473369,-0.0283345995178021,-0.186209405191269,0.313478896717655,0.0636347457631929,-0.184634159389106,0.322626396927212,0.0689961187690527,-0.181749624907006,0.268501285219903,0.0433758301564486,107.515897794872
97,-0.230245304842545,0.691783766381006,0.230769230769231,-0.433865683044863,0.0817358090825954,-0.176064936981134,-0.284691181484697,0.335244056618631,0.0252764375669671,-0.163277601330047,0.376895965157891,0.106809181913922,-0.24425676264855,0.223834052704191,-0.0102113549721791,-0.210248240977397,0.266028955293698,0.0278903571581509,-0.23767526593092,0.300188773719145,0.0312567538941126,-0.142079325231663,0.298460190147282,0.0781904324578095,107.615897576923
98,-0.230245304842545,0.691783766381006,0.230769230769231,-0.411118624449558,-0.0321244850387862,-0.221621554744172,-0.263872009975082,0.248806679382096,-0.00753266529649286,-0.178686958032331,0.34280420237552,0.0820586221715943,-0.261741205707397,0.153379595649737,-0.0541808050288302,-0.21286670027559,0.256025243634153,0.0215792716792814,-0.258086795160591,0.272549170150701,0.00723118749505529,-0.0934942528316592,0.357370481245874,0.131938114207107,107.716153948718
99,-0.235361867172379,0.707156738967251,0.235897435897436,-0.424836505115701,-0.11458260696547,-0.269709556040586,-0.301732619246651,0.247288627966148,-0.0272219956402513,-0.139752802992204,0.418947501866049,0.139597349436922,-0.28642656881001,0.0510295583051236,-0.117698505252443,-0.242704592283915,0.22101602415431,-0.0108442840648027,-0.260059524473007,0.304917209711241,0.022428842619117,-0.0718977076857449,0.406511643833566,0.16730696807391,107.815897487179
100,-0.240478429502213,0.722529711553495,0.241025641025641,-0.438445713778365,-0.161354330678463,-0.299900022228414,-0.309634629587113,0.191983670715565,-0.0588254794357741,-0.123119480791361,0.460837878351738,0.168859198780189,-0.416577961785974,0.510398798106912,0.0469104181604688,-0.127459515627309,0.344421282341588,0.10848088335714,-0.22592819062547,0.390645836720803,0.0823588230476667,-0.148585126319204,0.36727337483997,0.109344124260383,107.915641282051
101,-0.230245304842545,0.691783766381006,0.230769230769231,-0.445434417220461,-0.129755747425841,-0.287595082323151,-0.307761620508652,0.140725088332904,-0.0835182660878739,-0.14933327880779,0.446155669677831,0.148411195435021,-0.29855787517049,0.309317528374082,0.00537982660179605,-0.0376611181555543,0.46330967102593,0.212824276435188,-0.183453770098187,0.450023847244782,0.133285038573298,-0.106528287815752,0.371635280725585,0.132553496454916,108.015641141026
102,-0.230245304842545,0.691783766381006,0.230769230769231,-0.43605770466429,-0.094065488488623,-0.265061596576457,-0.275027903453077,0.168590549071262,-0.0532186771909076,-0.153909994736776,0.392861949332922,0.119475977298073,-0.199667795303999,0.148521068822971,-0.0255733632405136,0.00387546264160329,0.489116825565214,0.246496144103409,-0.141116688497115,0.514561368716923,0.186722340109904,-0.0785519232796094,0.421702534910208,0.171575305815299,108.115898961538
103,-0.235361867172379,0.707156738967251,0.235897435897436,-0.479606667635619,-0.138010227474082,-0.308808447554851,-0.258128332723924,0.187976270812748,-0.035076030955588,-0.210431892119832,0.300984095170397,0.0452761015252824,-0.195675041468275,0.130967007532561,-0.032354016967857,-0.110638853905768,0.391962517105993,0.140661831600113,-0.0822721128189564,0.580671335741053,0.249199611461048,-0.0513766598678087,0.462299652116289,0.20546149612424,108.216153897436
104,-0.230245304842545,0.691783766381006,0.230769230769231,-0.444667799316633,-0.112415930435771,-0.278541864876202,-0.219877998002012,0.202192335037894,-0.00884283148205889,-0.247351681721285,0.221340659174883,-0.0130055112732009,-0.210675315386075,0.122854742808112,-0.0439102862889811,-0.17913525795881,0.327122486740648,0.0739936143909192,-0.0915594728076504,0.528180352377807,0.218310439785078,0.0431016148368865,0.560009560492123,0.301555587664505,108.307945846154
105,-0.230245304842545,0.691783766381006,0.230769230769231,-0.423720137989996,-0.0850866543143244,-0.25440339615216,-0.260390784763218,0.155283014731097,-0.0525538850160604,-0.230661529446986,0.260453048892521,0.0148957597227677,-0.239404638972441,0.0860370979990269,-0.0766837704867071,-0.218325986696709,0.281753626300215,0.0317138198017529,-0.077131243298116,0.443816677389182,0.183342717045533,0.171832724305808,0.665852196122841,0.418842460214324,108.400000205128
106,-0.230245304842545,0.691783766381006,0.230769230769231,-0.400076533377413,-0.035387656969572,-0.217732095173492,-0.308012962637743,0.112427451102263,-0.0977927557677405,-0.225135180231181,0.289219305713155,0.0320420627409873,-0.217695309844887,0.225175876544475,0.00374028334979415,-0.264712662834572,0.224577921328837,-0.0200673707528678,-0.0916396835642784,0.406324405352555,0.157342360894138,0.250312589452307,0.756331932540449,0.503322260996377,108.500000923077
107,-0.230245304842545,0.691783766381006,0.230769230769231,-0.338978810929183,0.0875617349448554,-0.125708537992164,-0.341993780177536,0.0860009468306724,-0.127996416673432,-0.280318308945212,0.154574978766824,-0.0628716650891943,-0.23809905234596,0.198960726377192,-0.0195691629843841,-0.26620746195728,0.244903810626192,-0.0106518256655438,-0.211282716566364,0.313848576398417,0.0512829299160269,0.277831138734093,0.856206847361581,0.567018993047837,108.600000102564
108,-0.230245304842545,0.691783766381006,0.230769230769231,-0.364080608092475,0.18686676706783,-0.0886069205123223,-0.413453264280792,0.0455007697228251,-0.183976247278983,-0.289807840202875,0.159788367717935,-0.0650097362424699,-0.213067757364013,0.270305827583565,0.0286190351097759,-0.247106997822471,0.244959204451799,-0.00107389668533607,-0.277451799406816,0.226197034781916,-0.0256273823124499,0.278160672988772,0.902476401062416,0.590318537025594,108.700000820513
109,-0.230245304842545,0.691783766381006,0.230769230769231,-0.389246297040345,0.34444630433821,-0.0223999963510675,-0.384160672480643,0.202394628364454,-0.0908830220580944,-0.269964351322099,0.185925774960755,-0.042019288180672,-0.179199913493154,0.32700045154492,0.0739002690258829,-0.203778950454773,0.307470873590915,0.051845961568071,-0.380050963085654,0.0793624786528685,-0.150344242216393,0.296428151489539,0.903941214266939,0.600184682878239,108.8
110,-0.240478429502213,0.722529711553495,0.241025641025641,-0.37258756614095,0.198916212529044,-0.0868356768059527,-0.309371629323617,0.410501036982966,0.0505647038296745,-0.263194671978774,0.188321602022256,-0.0374365349782592,-0.236691191201345,0.818511596889461,0.290910202844058,-0.139427192374959,0.372429886969165,0.116501347297103,-0.399366541877829,0.0543597230204536,-0.172503409428688,0.193235133255683,0.783649618451197,0.48844237585344,108.900000205128
111,-0.230245304842545,0.691783766381006,0.230769230769231,-0.413914705788851,0.0123587830228661,-0.200777961382992,-0.289045127476268,0.347527037053253,0.0292409547884923,-0.307643111739281,0.228110427159993,-0.0397663422896438,-0.131342658406868,0.452467205895917,0.160562273744525,-0.067128593835035,0.499685583572263,0.216278494868614,-0.381182285896369,0.149060557237439,-0.116060864329465,0.0135540438722889,0.598641170249142,0.306097607060716,109.00000025641
112,-0.230245304842545,0.691783766381006,0.230769230769231,-0.367976349828458,0.0659294627228584,-0.1510234435528,-0.309728498065327,0.181991312575677,-0.0638685927448251,-0.379867469711299,0.100898795942298,-0.139484336884501,-0.24470904719761,0.0904367639030749,-0.0771361416472678,0.0538758303764371,0.630014975920868,0.341945403148652,-0.447867238659154,0.0391232335480803,-0.204372002555537,0.0710573551030142,0.586777289727889,0.328917322415451,109.100000102564
113,-0.230245304842545,0.691783766381006,0.230769230769231,-0.306281324253815,0.158759870449496,-0.0737607269021597,-0.330337014419848,0.13694476971664,-0.0966961223516038,-0.421342721796335,0.0146754036566787,-0.203333659069828,-0.251023142485571,0.0783406792477666,-0.0863412316189019,0.0409857280744799,0.636683568004701,0.33883464803959,-0.474377434192017,-0.0200193657883485,-0.247198399990183,0.0703353764630872,0.574728931741814,0.32253215410245,109.200085641026
114,-0.230245304842545,0.691783766381006,0.230769230769231,-0.263864721196241,0.202511021883276,-0.0306768496564829,-0.358720146816797,0.12729929030133,-0.115710428257734,-0.411947920198975,0.0281321407601452,-0.191907889719415,-0.303726806661204,0.0452979614480762,-0.129214422606564,0.0493288069782364,0.586362802537228,0.317845804757732,-0.508802676299827,-0.0519416690651114,-0.280372172682469,0.121550437140874,0.632320488003234,0.376935462572054,109.300256564103
115,-0.230245304842545,0.691783766381006,0.230769230769231,-0.314008569432743,0.286742931673076,-0.0136328188798337,-0.362733187577503,0.0930215389431958,-0.134855824317153,-0.396897016267785,0.0252881514026139,-0.185804432432586,-0.247818720654362,0.102171358641725,-0.0728236810063189,0.0225635548858306,0.547822924861183,0.285193239873507,-0.462151741484584,-0.0389430561744025,-0.250547398829493,0.125277426984405,0.597763416708771,0.361520421846588,109.400256564103
116,-0.235361867172379,0.707156738967251,0.235897435897436,-0.378254306938982,0.254047602861027,-0.0621033520389777,-0.340421932975836,0.0437865154907472,-0.148317708742544,-0.36131539739654,0.0670813766388682,-0.147117010378836,-0.199311622042506,0.183645759902801,-0.00783293106985247,-0.00584471723436768,0.551913543154813,0.273034412960223,-0.416231231287996,0.0132541107046906,-0.201488560291653,0.139347803555722,0.574379977934147,0.356863890744934,109.500256564103
117,-0.178071239937104,0.854994316860181,0.338461538461538,-0.420394644127666,0.0722442715736613,-0.174075186277003,-0.326358090977828,0.0304671454037054,-0.147945472787061,-0.319214150885779,0.148843098246429,-0.085185526319675,-0.1570905111237,0.23293030245955,0.0379198956679254,-0.0298757328363419,0.504527854196613,0.237326060680136,-0.380031195892816,0.0545705864021291,-0.162730304745344,0.0712825143374274,0.515772577801583,0.293527546069505,109.600256923077
118,-0.170768423511489,0.816922269665335,0.323076923076923,-0.402939451178627,0.139404542228598,-0.131767454475014,-0.277972928384382,0.31693357270213,0.019480322158874,-0.310094097868643,0.215524260351256,-0.0472849187586935,-0.244346954876212,0.562219675106819,0.158936360115304,-0.0759803412943321,0.374828396624769,0.149424027665219,-0.348965574265158,0.110349904307971,-0.119307834978594,0.0985578591099986,0.530278807159677,0.314418333134838,109.700256461538
119,-0.240478429502213,0.722529711553495,0.241025641025641,-0.368511066644601,0.0775689345279757,-0.145471066058313,-0.200116610505842,0.380627067634746,0.090255228564452,-0.294701051126903,0.166042664975846,-0.0643291930755285,-0.2270649805812,0.287986370924943,0.0304606951718715,-0.111035618172276,0.405969893028121,0.147467137427923,-0.361417803050349,0.142694465753392,-0.109361668648479,0.0220364518442555,0.424581896370457,0.223309174107356,109.800256512821
120,-0.230245304842545,0.691783766381006,0.230769230769231,-0.410241963970722,-0.0382190864125656,-0.224230525191644,-0.153402331930629,0.359370961095212,0.102984314582291,-0.303404930663406,0.31650263334781,0.00654885134220206,-0.258123068261822,0.709003009877614,0.225439970807896,-0.175953059678169,0.395758957770409,0.10990294904612,-0.303409849275163,0.29711872386541,-0.0031455627048768,-0.0666452929162934,0.358739778703857,0.146047242893782,109.900256461538
121,-0.230245304842545,0.691783766381006,0.230769230769231,-0.38636425056631,0.0800500218836879,-0.153157114341311,-0.233248980288905,0.579436314566694,0.173093667138895,-0.33391052567298,0.539424855381767,0.102757164854393,-0.264574574319637,0.812696482953045,0.274060954316704,-0.164275887068016,0.406313386646672,0.121018749789328,-0.436065709404433,0.315569664759146,-0.0602480223226433,-0.258212340625859,0.257579562750316,-0.000316388937771524,110.000256769231
122,-0.235361867172379,0.707156738967251,0.235897435897436,-0.399966726845397,0.0133268484403051,-0.193319939202546,-0.217181265796449,0.338913367739932,0.0608660509717414,-0.291723079785418,0.253613358407994,-0.0190548606887121,-0.206255940004812,0.635628667727298,0.214686363861243,-0.193089951698658,0.318488836523038,0.0626994424121901,-0.403492052435089,0.25124118281002,-0.0761254348125349,-0.296545370310939,0.231365106118123,-0.0325901320964081,110.100256564103
123,-0.235361867172379,0.707156738967251,0.235897435897436,-0.339072411522862,0.0695389782631791,-0.134766716629841,-0.312958086256807,0.147774045514454,-0.0825920203711768,-0.304317992814411,0.171713133380903,-0.0663024297167536,-0.281729268777743,0.512793851458859,0.115532291340558,-0.190523793797659,0.303227581690897,0.0563518939466192,-0.357883134413436,0.192297874385451,-0.0827926300139927,-0.254494211441958,0.267916122972631,0.00671095576533622,110.200256564103
124,-0.235361867172379,0.707156738967251,0.235897435897436,-0.301514754406431,0.127609111284009,-0.0869528215612106,-0.361183397621014,0.091379471066815,-0.134901963277099,-0.309846111632178,0.177044604041446,-0.0664007537953663,-0.311650490267449,0.224454928764678,-0.0435977807513853,-0.228969794404261,0.286807235747232,0.0289187206714855,-0.330237847344712,0.180689649238928,-0.0747740990528917,-0.200906676947812,0.357876072501548,0.0784846977768679,110.300256615385
125,-0.240478429502213,0.722529711553495,0.241025641025641,-0.290985008934961,0.20322708971271,-0.0438789596111251,-0.359659258569563,0.18748264726577,-0.0860883056518963,-0.315524073626048,0.149905405645599,-0.0828093339902245,-0.349021756280514,0.317661741904278,-0.0156800071881179,-0.304055621389422,0.194949684257572,-0.0545529685659247,-0.326108539901654,0.251394301883163,-0.0373571190092454,-0.118722974057022,0.474938279348722,0.17810765264585,110.400256564103
126,-0.199064692108522,1.18368007672391,0.492307692307692,-0.397422918754654,0.0690449980468009,-0.164188960353926,-0.340914270654779,0.2828098135777,-0.0290522285385394,-0.236735150672275,0.2916621959888,0.0274635226582626,-0.320221740504217,0.326477813821654,0.00312803665871855,-0.37159066060204,0.210057878132878,-0.0807663912345807,-0.265401456331213,0.327621048056623,0.0311097958627049,-0.17332097719712,0.439206588899469,0.132942805851175,110.500256615385
127,-0.416019523323613,2.0057631130672,0.794871794871795,-0.403388230969414,0.25067469508536,-0.0763567679420273,-0.318735809637998,0.310389367415991,-0.00417322111100351,-0.186655733522612,0.419646917217573,0.116495591847481,-0.294146541699448,0.167471979783447,-0.0633372809580006,-0.378557093947401,0.220875009710259,-0.078841042118571,-0.25700058274034,0.332328426008281,0.0376639216339707,-0.207293035564796,0.410150229785378,0.101428597110291,110.600256564103
128,-0.446727751499479,2.10826621303794,0.830769230769231,-0.455260139109855,0.40429624724472,-0.0254819459325672,-0.334678367212011,0.223334904453179,-0.0556717313794162,-0.0777068530906143,0.654601038404674,0.28844709265703,-0.206669663114882,0.736764456474048,0.265047396679583,-0.419768480094076,0.223577201096278,-0.0980956394988991,-0.230757733442927,0.386010777758764,0.0776265221579183,-0.365224666237744,0.382237404182845,0.00850636897255077,110.700256461538
129,-0.453844658383366,2.24871645325516,0.897435897435897,-0.493774846108963,0.406830877832252,-0.0434719841383556,-0.359632328385831,0.174462149979872,-0.0925850892029799,-0.0583963783226147,0.667508567655951,0.304556094666668,-0.214100315897425,0.910809987604063,0.348354835853319,-0.549473503923056,0.103435885092101,-0.223018809415478,-0.18261584244938,0.450639305962099,0.134011731756359,-0.332129568324177,0.512874238971604,0.0903723353237132,110.800000153846
130,-0.189378265047163,2.87655775222665,1.34358974358974,-0.565679859381618,-0.0258320704053644,-0.295755964893491,-0.371372411038604,0.204359680980748,-0.083506365028928,-0.0881250019584561,0.515242162105958,0.213558580073751,-0.253419329328586,0.672650023082225,0.20961534687682,-0.59258639489602,0.00883145567956872,-0.291877469608226,-0.0717519269389325,0.536907649424187,0.232577861242627,-0.156120795611812,0.731195231552381,0.287537217970285,110.900000089744
131,0.12939292758196,3.86035066216163,1.9948717948718,-0.51797306546058,0.172406922753404,-0.172783071353588,-0.340359976806475,0.346324872330598,0.00298244776206127,0.10426958862071,0.720831660061437,0.412550624341074,-0.217943757018325,0.639667100449783,0.210861671715729,-0.725427114880604,-0.103410727511945,-0.414418921196275,-0.00641285238342175,0.535887385054575,0.264737266335577,-0.240401560287113,0.676405233340554,0.218001836526721,111.000256512821
132,0.559352420019435,4.876545015878,2.71794871794872,-0.474892056471633,0.286440027715016,-0.0942260143783088,-0.313862056401673,0.69195263007726,0.189045286837794,0.20795232067049,0.787988821083998,0.497970570877244,-0.249920851212299,0.926492372900914,0.338285760844308,-0.86453682311273,-0.209940163954,-0.537238493533365,0.0132386272508845,0.563970120539864,0.288604373895375,-0.240471497284098,0.668950051359566,0.214239277037734,111.100256512821
133,0.989872397829867,6.2716660637086,3.63076923076923,-0.352471527475818,0.417958845904144,0.0327436592141632,-0.533545339782313,1.007901938142,0.237178299179842,0.257494948533337,1.0744885989907,0.665991773762017,-0.321141351595758,0.37996400483857,0.029411326621406,-0.991548597218266,-0.286447862234444,-0.638998229726355,-0.101313254405468,0.617769395820622,0.258228070707577,-0.485426323629547,0.642905800272314,0.0787397383213835,111.200256564103
134,1.53140853768553,7.74038633410934,4.63589743589744,-0.263416029049999,0.376186973887888,0.0563854724189442,-0.413572973008914,0.918720489926294,0.25257375845869,0.287491896289469,1.30335754309012,0.795424719689795,-0.135592326750699,1.03088558443084,0.447646628840072,-1.04632823754367,-0.317104956659671,-0.681716597101669,-0.0325549695561683,0.680051955350011,0.323748492896921,-0.466249212468387,0.449777983646895,-0.00823561441074608,111.300256512821
135,1.64113806159559,9.66142604096851,5.65128205128205,-0.205643258367299,0.356886301095997,0.0756215213643486,-0.524603558526762,0.509844076802084,-0.00737974086233942,0.257542851664433,1.43468778011418,0.846115315889306,-0.102188356122459,1.11473040136674,0.50627102262214,-1.04239861510558,-0.329018303347915,-0.685708459226747,-0.0803155441250342,0.710088376986414,0.31488641643069,-0.405875549087918,0.333133177771167,-0.0363711856583759,111.400258871795
136,2.06292100936163,10.4909251444845,6.27692307692308,-0.157976168178453,0.431476184272061,0.136750008046804,-0.502546900528726,0.287397007176193,-0.107574946676267,0.455234473514795,1.60847025164226,1.03185236257853,0.0654338381040531,2.13902322718022,1.10222853264213,-1.07934901731284,-0.356039386430621,-0.717694201871728,-0.148938419754408,0.771006443218681,0.311034011732137,-0.649551911950035,0.0890021223248373,-0.280274894812599,111.500256410256
137,2.39322540510943,11.0119028000188,6.7025641025641,-0.157814962318253,0.525941550425866,0.184063294053807,-0.410288432646243,0.346243435641879,-0.0320224985021818,0.640488855321216,2.05674557215607,1.34861721373864,0.123758324705864,1.59563521684905,0.859696770777457,-1.01155880696047,-0.294348748059907,-0.652953777510188,-0.378132260097852,0.400777256321505,0.0113224981118269,-0.72244642387526,-0.00243171966856299,-0.362439071771912,111.600256512821
138,2.59588803603244,11.2810350408906,6.93846153846154,-0.055260451062543,1.02897113957544,0.48685534425645,-0.472973137720856,0.229179173973332,-0.121896981873762,0.707256351607581,1.87457086511798,1.29091360836278,0.0431951641614403,1.09473189047343,0.568963527317435,-0.971766808622452,-0.26096008473289,-0.616363446677671,-0.277443249473388,0.454611936932564,0.0885843437295881,-0.857383411030145,-0.115930939555442,-0.486657175292793,111.700256820513
139,2.80663702023903,11.5113116977097,7.15897435897436,-0.173356211860504,0.82077821434275,0.323711001241123,-0.54846324049794,0.144160755815963,-0.202151242340989,0.700393003175177,1.71579919740533,1.20809610029026,0.0695087770505059,0.82202528407424,0.445767030562373,-0.87115110550516,-0.0863584846359602,-0.47875479507056,-0.196643976522301,0.536933328999555,0.170144676238627,-0.871602550274962,-0.162273302431358,-0.51693792635316,111.800256461538
140,3.05535380668609,11.7549026035703,7.40512820512821,-0.153170123760202,0.535389941409409,0.191109908824604,-0.61378621423306,0.264702784527128,-0.174541714852966,0.630544632463991,1.5928688501337,1.11170674129884,0.160900046706221,1.0470036938426,0.603951870274411,-0.837299647522308,-0.0658556240452299,-0.451577635783769,-0.135823674199162,0.573618601986913,0.218897463893875,-0.885884303070764,-0.187270843430065,-0.536577573250415,111.900256666667
141,3.32056578759884,12.2384085713755,7.77948717948718,-0.30050927669089,0.528039724654945,0.113765223982027,-0.642230886123267,-0.00505550480394817,-0.323643195463607,0.642088899580061,1.56525575852477,1.10367232905241,0.166712746847468,1.1871180821481,0.676915414497782,-0.880423239955266,-0.17892005679836,-0.529671648376813,-0.0752768301298065,0.660887796174337,0.292805483022265,-0.821575676223695,-0.127629363096257,-0.474602519659976,112.000256564103
142,3.40548534173784,12.7483608121083,8.07692307692308,-0.218489066221142,0.707080999436393,0.244295966607626,-0.649826581409707,-0.0693382475723884,-0.359582414491048,0.601559972475663,1.51331043411707,1.05743520329637,0.229359854796253,1.33013059128616,0.779745223041208,-0.912188733575644,-0.286484593471911,-0.599336663523777,0.023201472325882,0.824639830038291,0.423920651182087,-0.697962250688518,-0.0106850126617761,-0.354323631675147,112.100256666667
143,3.19449724399421,12.6003745508776,7.8974358974359,-0.18616648214472,0.425250740923969,0.119542129389625,-0.732430944089891,-0.167108831779509,-0.4497698879347,0.624418969441208,1.49117640070308,1.05779768507215,0.201797986049354,1.12140136358616,0.661599674817755,-0.933212866262623,-0.369783639284247,-0.651498252773435,0.140156353786215,1.03457971359955,0.587368033692881,-0.675396561611797,-0.00593739909757697,-0.340666980354687,112.200257794872
144,2.97676776882444,12.3155399234833,7.64615384615385,-0.195313405140685,0.290378527423319,0.0475325611413171,-0.770716868897739,-0.228919604948283,-0.499818236923011,0.625834059369813,1.41210228796761,1.01896817366871,0.0941785525289076,0.76163715302094,0.427907852774924,-0.978894459677643,-0.432824029292802,-0.705859244485222,0.181277036240263,1.04058153759935,0.610929286919809,-0.700224523151906,-0.0217702089512083,-0.360997366051557,112.300256820513
145,2.62210448747555,12.1368698714988,7.37948717948718,-0.296063695862405,0.345123533464865,0.0245299188012299,-0.796097427174784,-0.313527592044421,-0.554812509609603,0.565342276805763,1.31950137425562,0.942421825530689,0.00471766528720538,0.669184507560029,0.336951086423617,-0.932320441501851,-0.386065037609228,-0.659192739555539,0.24279427500473,0.981136325365695,0.611965300185213,-0.721452954650786,-0.113953656735568,-0.417703305693177,112.400256615385
146,2.64797662690788,11.8853567064255,7.26666666666667,-0.293016533608568,0.425899559750994,0.066441513071213,-0.742812872452749,-0.279529787709111,-0.51117133008093,0.512585899737645,1.28164125567787,0.897113577707759,0.0456131544933012,1.09247425563888,0.569043705066089,-0.894850356767723,-0.374203285507843,-0.634526821137783,0.195336058178002,0.898595918476157,0.54696598832708,-0.854506396777614,-0.261002212615611,-0.557754304696612,112.500256461538
147,2.56989687975569,11.7583082484494,7.16410256410256,-0.273574748664874,0.346217834982421,0.0363215431587734,-0.687484807466641,-0.240489302996245,-0.463987055231443,0.480635188461719,1.24318485033492,0.861910019398317,0.239918629978823,1.49676078244123,0.868339706210024,-0.868859598494618,-0.352079245990053,-0.610469422242336,0.11559441466664,0.861610867305236,0.488602640985938,-0.937999295201835,-0.335821025946127,-0.636910160573981,112.600256461538
148,2.6510730889162,11.8514910136479,7.25128205128205,-0.302402281264374,0.406555435550372,0.0520765771429988,-0.688734055534744,-0.247228898649396,-0.46798147709207,0.472629205154065,1.17999876709461,0.826313986124336,0.117585549848279,1.15080125026969,0.634193400058985,-0.805944215153086,-0.257093240927326,-0.531518728040206,0.0674713044013489,0.82668550459575,0.44707840449855,-0.861010649078774,-0.306712070536684,-0.583861359807729,112.700256512821
149,2.63304998890023,11.746437190587,7.18974358974359,-0.231814274369646,0.535509236571241,0.151847481100798,-0.666613140460688,-0.215355639211393,-0.440984389836041,0.438783997344132,1.11094018502055,0.774862091182338,0.144603860221773,0.984618032899587,0.56461094656068,-0.802472474923429,-0.270717726245632,-0.53659510058453,0.0340527442597102,0.709341433536526,0.371697088898118,-0.895085282366687,-0.333853590558827,-0.614469436462757,112.800256461538
150,2.49966927085645,11.4798179086307,6.98974358974359,-0.146210545381635,0.560959954644039,0.207374704631202,-0.663552903104396,-0.223083506148738,-0.443318204626567,0.417167617505431,1.03549110167082,0.726329359588125,0.0466517828733277,0.666670899113393,0.35666134099336,-0.793009506848165,-0.247840642678008,-0.520425074763087,-0.00923348452172027,0.627224016124303,0.308995265801291,-0.840313093921765,-0.314809153034509,-0.577561123478137,112.900256512821
151,2.13710882408348,10.950070663096,6.54358974358974,-0.140739261027909,0.488728741253871,0.173994740112981,-0.597437043554999,-0.103698252236394,-0.350567647895696,0.412543729184444,0.994814139621319,0.703678934402882,-0.0156233943633573,0.758392652418338,0.37138462902749,-0.774876774828853,-0.18608469101218,-0.480480732920517,-0.0979434674040765,0.527915249471949,0.214985891033936,-0.825649198749393,-0.305204225207163,-0.565426711978278,113.000256512821
152,1.81107132896644,10.6709799530848,6.24102564102564,-0.111873184977652,0.561409412604953,0.22476811381365,-0.551049225144589,-0.0531885223079492,-0.302118873726269,0.461340617517899,1.06868346503127,0.765012041274585,-0.0770266231370406,0.641965600784493,0.282469488823726,-0.738877211316406,-0.122983770073473,-0.43093049069494,-0.138056700673957,0.471954898134896,0.166949098730469,-0.839226879355431,-0.328772554559737,-0.583999716957584,113.100258102564
153,1.81861226350618,10.6942082493143,6.25641025641026,-0.150602435794628,0.519269060615069,0.184333312410221,-0.426947139863488,0.134067519665145,-0.146439810099171,0.429562540381533,1.04222750660296,0.735895023492247,-0.0828154551618867,0.707314927790835,0.312249736314474,-0.699129015658426,-0.053599743712033,-0.37636437968523,-0.231859055557639,0.390507450154,0.0793241972981808,-0.892474206120855,-0.372445368003002,-0.632459787061929,113.200256871795
154,1.74686918200435,10.4172333820982,6.08205128205128,-0.161846062453878,0.468140231938569,0.153147084742346,-0.402866832214114,0.0800523278213934,-0.16140725219636,0.375206225412755,0.957452560390921,0.666329392901838,-0.0151370754907948,0.804842214413692,0.394852569461449,-0.676674361964741,-0.00227432049792334,-0.339474341231332,-0.173969126842413,0.542847447948347,0.184439160552967,-0.898192413551184,-0.381532929919513,-0.639862671735348,113.300256461538
155,1.66883626188236,9.40808681504071,5.53846153846154,-0.234440780963359,0.398801547309515,0.0821803831730778,-0.439450241036395,0.0327751268801667,-0.203337557078114,0.310800221684178,0.871169280961702,0.59098475132294,-0.00709262605522774,0.747976014598755,0.370441694271764,-0.7136533112413,-0.0713298434178357,-0.392491577329568,-0.15144781607703,0.577747401681853,0.213149792802411,-0.757987754481464,-0.236132746758475,-0.497060250619969,113.400256717949
156,1.4523287074254,8.79382513872845,5.12307692307692,-0.206810452959818,0.454375182669315,0.123782364854749,-0.479869708714786,0.00666333829649333,-0.236603185209146,0.286671571546208,0.815015389217392,0.5508434803818,-0.0353905595553325,0.614053850556487,0.289331645500577,-0.736225362926874,-0.117114310341273,-0.426669836634073,-0.144745699057677,0.526070690366185,0.190662495654254,-0.648856259714624,-0.15022567261296,-0.399540966163792,113.500256410256
157,1.19137576226757,8.49067551978371,4.84102564102564,-0.210656886633055,0.459874904848729,0.124609009107837,-0.490016030976749,0.0296269435820249,-0.230194543697362,0.20302417286409,0.738998181551879,0.471011177207984,-0.105292934851656,0.498647512941386,0.196677289044865,-0.673847519752947,-0.0738227359934507,-0.373835127873199,-0.133758393420893,0.485200304949533,0.17572095576432,-0.559677376624427,-0.0875098342840732,-0.32359360545425,113.600256512821
158,1.35068030498062,8.65957610527579,5.00512820512821,-0.205322729352134,0.509832517360637,0.152254894004251,-0.498836133019434,0.0332114980621437,-0.232812317478645,0.0413093050870044,0.55706530687437,0.299187305980687,-0.123797718627422,0.426007922591752,0.151105101982165,-0.568683736566766,0.0351468021567535,-0.266768467205006,-0.156887626430147,0.41907873584031,0.131095554705081,-0.63120007460654,-0.180584255240631,-0.405892164923585,113.700256512821
159,1.44749492579744,8.7884025101,5.11794871794872,-0.0711543469027393,0.635143001955716,0.281994327526488,-0.449780892412098,0.0665542560964416,-0.191613318157828,-0.0943537093118318,0.372356164798384,0.139001227743276,-0.13343451442867,0.384281991822692,0.125423738697011,-0.483136069949165,0.105853634686447,-0.188641217631359,-0.234648868518021,0.32341640206922,0.0443837667755995,-0.652857844199671,-0.162170189842671,-0.407514017021171,113.800000051282
160,1.34256331456137,8.65743668543863,5,-0.0288616649476402,0.787743198634538,0.379440766843449,-0.36117779297927,0.120973028889446,-0.120102382044912,-0.189666476765594,0.276687260154744,0.0435103916945753,-0.135805360746438,0.458842117364324,0.161518378308943,-0.43038082128721,0.141717329081352,-0.144331746102929,-0.307807308470709,0.239086628718037,-0.0343603398763359,-0.693258490142418,-0.184315119216403,-0.43878680467941,113.900000230769
161,1.24749935236824,8.54737244250356,4.8974358974359,-0.0258332654684556,0.741915666893218,0.358041200712381,-0.188627928377289,0.256842616857609,0.0341073442401598,-0.299452108086028,0.141952179606537,-0.0787499642397459,-0.130101980684694,0.468198037873092,0.169048028594199,-0.344422961368893,0.222264645170987,-0.061079158098953,-0.391517718809957,0.120522368605677,-0.13549767510214,-0.679127010127504,-0.18467943285972,-0.431903221493612,114.000257435897
162,1.10019759182527,8.2741613825337,4.68717948717949,-0.0222244453405155,0.651577207997858,0.314676381328671,-0.0786738867224403,0.40983350658142,0.16557980992949,-0.366949602551454,0.0400793056381857,-0.163435148456634,-0.161555599870336,0.516054464631756,0.17724943238071,-0.373411835421273,0.192212785479823,-0.090599524970725,-0.415328571292536,0.0890440683745014,-0.163142251459018,-0.687138818255868,-0.16490663366381,-0.426022725959839,114.100256564103
163,0.888381389518003,7.80905450791789,4.34871794871795,-0.0661820623998052,0.488813153546233,0.211315545573214,-0.018004843060329,0.545278888398498,0.263637022669085,-0.388887297433768,0.00848344069144291,-0.190201928371162,-0.206432216253436,0.537029813282198,0.165298798514381,-0.419039351987318,0.139569478752017,-0.139734936617651,-0.422731081570933,0.113192876833966,-0.154769102368483,-0.670574850811232,-0.155941361720851,-0.413258106266041,114.200256820513
164,0.451291855970146,7.24101583633755,3.84615384615385,-0.0393458819267865,0.506219942364516,0.233437030218865,-0.0399776471958782,0.601770037209185,0.280896195006653,-0.324091827485628,0.105686310037928,-0.10920275872385,-0.240179614678158,0.359926336884256,0.0598733611030489,-0.436141025437879,0.0762866641306548,-0.179927180653612,-0.377153656491886,0.205261656877468,-0.0859459998072092,-0.603919427993237,-0.0828103928695185,-0.343364910431378,114.300256666667
165,0.192806063155162,6.91488624453714,3.55384615384615,-0.0871334321639459,0.482330184536909,0.197598376186481,-0.0985046243468294,0.584959292800094,0.243227334226632,-0.30029901501449,0.237114297854422,-0.0315923585800341,-0.193203676739376,0.227337379008031,0.0170668511343272,-0.381973213900286,0.111127540874447,-0.135422836512919,-0.337689785821667,0.295525481237006,-0.0210821522923307,-0.545049138407183,-0.0163513575964218,-0.280700248001803,114.400256666667
166,0.0580024533681892,6.7317411363754,3.3948717948718,-0.0978514612397028,0.468414719189258,0.185281628974778,-0.112442818610024,0.512889431132695,0.200223306261335,-0.317467058001218,0.240710580505443,-0.0383782387478875,-0.156783837589172,0.237501122362458,0.0403586423866432,-0.367574631387469,0.10623181519336,-0.130671408097054,-0.300818751850919,0.358427525326553,0.0288043867378172,-0.492524854633729,0.0668670697820893,-0.21282889242582,114.500256564103
167,0.0275275797045192,6.63913908696215,3.33333333333333,-0.0885787889824333,0.464788779078554,0.188104995048061,-0.112472492454098,0.464766102205135,0.176146804875518,-0.308229469993311,0.254429617964347,-0.0268999260144823,-0.149978681501047,0.352644300550908,0.101332809524931,-0.397694031870789,0.0581410323939993,-0.169776499738395,-0.264888352835433,0.36000220410148,0.0475569256330237,-0.446746273226763,0.129038668396411,-0.158853802415176,114.600256410256
168,-0.0351373322946385,6.54795784511515,3.25641025641026,-0.0377500861026059,0.520455250376253,0.241352582136823,-0.115005648398485,0.462333717537098,0.173664034569307,-0.34792862202092,0.152252670125452,-0.0978379759477341,-0.180213195714959,0.314174816596126,0.0669808104405833,-0.42803628678656,0.0172352136289788,-0.205400536578791,-0.245528882678714,0.371416821969516,0.062943969645401,-0.452089184714653,0.0932703012297242,-0.179409441742464,114.700256512821
169,0.0788458710084307,6.10576951360696,3.09230769230769,0.0851723171839551,0.695601854652145,0.39038708591805,-0.110296015107825,0.480443717341454,0.185073851116815,-0.372965203926187,0.137290625280078,-0.117837289323055,-0.204558031796116,0.29590821892828,0.0456750935660819,-0.41340232435552,0.0478986955401817,-0.182751814407669,-0.273620609818639,0.343522545352969,0.0349509677671648,-0.505942995222941,-0.00202497420800196,-0.253983984715471,114.800256666667
170,0.330363835770865,5.35168744628042,2.84102564102564,0.118035400564129,0.760648471485361,0.439341936024745,-0.156951004518162,0.409299989333015,0.126174492407427,-0.371265405923665,0.12760192374917,-0.121831741087247,-0.226997276538928,0.351603113017323,0.0623029182391974,-0.374943611989736,0.0829026963021175,-0.146020457843809,-0.312370830159407,0.286398675099456,-0.0129860775299753,-0.558031528517152,-0.077367828310657,-0.317699678413905,114.900257230769
171,0.440202904151238,5.22133555738722,2.83076923076923,0.204807737520452,0.811243332612948,0.5080255350667,-0.191915778087648,0.307687857829383,0.0578860398708674,-0.369644918906244,0.139968199310975,-0.114838359797635,-0.226539598459893,0.338460607497651,0.0559605045188793,-0.290237213787212,0.17735117258039,-0.0564430206034107,-0.366207406505117,0.195856585254201,-0.0851754106254581,-0.578624754052275,-0.115356722871308,-0.346990738461791,115.000256666667
172,0.491792162606759,5.14923347841888,2.82051282051282,0.0689599364281344,0.664542947899649,0.366751442163892,-0.244311918128248,0.18583774167172,-0.0292370882282643,-0.413735063614603,0.0680566636405454,-0.172839199987029,-0.207399568543383,0.30401289804339,0.0483066647500034,-0.228191400164611,0.246488265955717,0.00914843289555268,-0.358996540711069,0.18892908807753,-0.0850337263167696,-0.501877864248482,-0.0315491330063765,-0.266713498627429,115.100256666667
173,0.566361503673909,4.95158721427481,2.75897435897436,0.0397864402888126,0.62449987562082,0.332143157954816,-0.265775835972069,0.147445274264529,-0.0591652808537701,-0.420162161845808,-0.00172755468717933,-0.210944858266494,-0.129976635452626,0.272450414959408,0.0712368897533911,-0.250920047429754,0.219062679614234,-0.0159286839077599,-0.303816297820008,0.183731697180632,-0.0600423003196882,-0.396721932196172,0.0691506273723297,-0.163785652411921,115.200256820513
174,0.569474194987055,4.55873093321807,2.56410256410256,0.0305216782614464,0.537960962758192,0.284241320509819,-0.295783870909558,0.130206286444624,-0.0827887922324674,-0.431484454239112,-0.0490115476477628,-0.240248000943437,-0.0977619365709369,0.345798442506608,0.124018252967835,-0.294806847311625,0.171638240335819,-0.0615843034879029,-0.234824656810046,0.215136328185451,-0.00984416431229723,-0.270397208040676,0.225240187928981,-0.0225785100558476,115.300257794872
175,0.422476147088073,4.23393410932218,2.32820512820513,-0.0159041114794616,0.49864997354959,0.241372931035064,-0.292187483913531,0.120762403081431,-0.0857125404160498,-0.488154194556927,-0.0852616712942191,-0.286707932925573,-0.107316837959537,0.49399660160392,0.193339881822192,-0.237897227488731,0.23698673833603,-0.000455244576350457,-0.198648316498444,0.231813144156426,0.0165824138289908,-0.212385098494774,0.337402307595064,0.0625086045501453,115.400256564103
176,0.229017022662039,4.05816246451745,2.14358974358974,-0.0375909385816712,0.596798334047901,0.279603697733115,-0.225997579074472,0.164068294418338,-0.0309646423280673,-0.480836219005446,-0.097737658437663,-0.289286938721555,-0.139053002446211,0.460628624519487,0.160787811036638,-0.0605532941418431,0.416619182494402,0.17803294417628,-0.235446894298147,0.184766692859173,-0.0253401007194871,-0.221441243098296,0.336259632345692,0.0574091946236984,115.500256461538
177,0.0500893217411334,3.83709016543835,1.94358974358974,-0.0506041396957731,0.614247579100212,0.28182171970222,-0.214551957747092,0.286949469549528,0.036198755901218,-0.536637125507459,-0.121442282943885,-0.329039704225672,-0.159697065580998,0.330993990834459,0.0856484626267304,0.0285387517805673,0.500159384425942,0.264349068103255,-0.25495610301813,0.283518493238382,0.0142811951101262,-0.23388644493537,0.343747155600981,0.0549303553328052,115.600256564103
178,0.00647600595391698,3.73711373763583,1.87179487179487,-0.0701785214892482,0.538638070142182,0.234229774326467,-0.178131001343189,0.361013125385154,0.0914410620209825,-0.55118757923987,-0.0838622267394328,-0.317524902989651,-0.211469086069473,0.225506929531282,0.00701892173090472,0.00468942129616431,0.495333143746744,0.250011282521454,-0.35495755527904,0.241409827726249,-0.0567738637763953,-0.237631169255271,0.319067850466684,0.0407183406057064,115.700256461538
179,0.0056321541038469,3.57385502538333,1.78974358974359,-0.0411876365292501,0.522749862840997,0.240781113155873,-0.170842689829731,0.565262478127003,0.197209894148636,-0.476579637312953,-0.00588590975951965,-0.241232773536236,-0.338219130057915,0.702468790324149,0.182124830133117,-0.0793992759420507,0.433498201897491,0.17704946297772,-0.38310822682262,0.173914844737311,-0.104596691042654,-0.208112174840966,0.282714433056914,0.0373011291079738,115.800256923077
180,0.0197274924700463,3.29309302035047,1.65641025641026,0.0441007369840543,0.641240053997235,0.342670395490645,-0.178853435885898,0.400817044222477,0.110981804168289,-0.428491651606783,0.0165132446838001,-0.205989203461492,-0.180326393550292,0.342945439122395,0.0813095227860515,-0.133211092011911,0.399993529834387,0.133391218911238,-0.393207265389095,0.101313950024826,-0.145946657682134,-0.20168659598455,0.238978286375205,0.0186458451953276,115.900257384615
181,0.0256936259297812,3.07174227150612,1.54871794871795,0.0333839327886168,0.619794772305941,0.326589352547279,-0.159275079352509,0.304455183629546,0.0725900521385183,-0.418642421459777,0.0358739225269366,-0.19138424946642,-0.203844712294109,0.197966417271241,-0.00293914751143432,-0.107357076876793,0.443492878678993,0.1680679009011,-0.38553610220776,0.0451371050010879,-0.170199498603336,-0.190740913055167,0.252474145774306,0.0308666163595699,116.000256564103
182,0.0237771337846695,2.83776132775379,1.43076923076923,-0.0917894226469313,0.525336810519253,0.216773693936161,-0.153859860464366,0.284579309043847,0.0653597242897402,-0.376873469561103,0.0984291785692477,-0.139222145495928,-0.187387859315471,0.304586307584857,0.058599224134693,-0.13543150580284,0.401476844101054,0.133022669149107,-0.356447676440034,0.0505396237644067,-0.152954026337813,-0.161979988845806,0.293819591463605,0.0659198013088995,116.100000102564
183,-0.0158224410282401,2.53889936410516,1.26153846153846,-0.173908926652256,0.434372092885414,0.130231583116579,-0.126285978000024,0.378979307391346,0.126346664695661,-0.320736394502454,0.153978929944633,-0.0833787322789105,-0.202043961803882,0.371191031422785,0.0845735348094512,-0.163188758604932,0.354965750896037,0.0958884961455527,-0.372345314355973,0.0636915770780857,-0.154326868638943,-0.227461621606632,0.25857663069271,0.0155575045430387,116.200001307692
184,-0.0650910075963273,2.33175767426299,1.13333333333333,-0.242164339824536,0.240756756995179,-0.000703791414678648,-0.0888117492479498,0.420741537601594,0.165964894176822,-0.254255080678737,0.161048588193869,-0.0466032462424337,-0.228229497043191,0.363806264345154,0.0677883836509814,-0.194135260541109,0.326010863443196,0.065937801451043,-0.435609720673343,0.0230224576282737,-0.206293631522535,-0.266969523159156,0.240348989275772,-0.0133102669416918,116.300256512821
185,-0.136565346118667,2.1673345768879,1.01538461538462,-0.280453807297335,0.210401052957312,-0.0350263771700112,-0.0108210192138528,0.48985396618816,0.239516473487153,-0.248457908572809,0.160969284676961,-0.0437443119479241,-0.284337058213345,0.300302895894885,0.00798291884076979,-0.232083590433484,0.29132093129214,0.0296186704293277,-0.506596414002894,-0.0240003162367229,-0.265298365119808,-0.263416385337987,0.254795852193051,-0.00431026657246792,116.400257435897
186,-0.143822090216316,1.97971952611375,0.917948717948718,-0.273064372314872,0.226233684160253,-0.0234153440773096,-0.0270569324109249,0.481324230975075,0.227133649282075,-0.268039155293087,0.158831981088277,-0.0546035871024051,-0.263509670398472,0.232716696662676,-0.0153964868678983,-0.31290643815547,0.180422575532297,-0.0662419313115863,-0.532510891432392,0.020603995197349,-0.255953448117521,-0.257967617164071,0.254897752859249,-0.00153493215241102,116.500258358974
187,-0.0903470256941032,1.79291112825821,0.851282051282051,-0.269479512183386,0.192370285878039,-0.0385546131526738,-0.0389045474119885,0.499377479045363,0.230236465816687,-0.249223015524825,0.158403543805569,-0.0454097358596278,-0.244713143858086,0.131025842926463,-0.0568436504658114,-0.351302880426564,0.11046629680855,-0.120418291809007,-0.456357215600095,0.116535123771361,-0.169911045914367,-0.278576594366422,0.236192069335126,-0.0211922625156482,116.600257128205
188,-0.178883887924959,1.19426850330957,0.507692307692308,-0.293838315553162,0.0411210266887357,-0.126358644432213,-0.0432173946350127,0.506507643309874,0.231645124337431,-0.253111051732647,0.125777733365548,-0.0636666591835497,-0.262997235674212,0.11294953936392,-0.0750238481551459,-0.348920529482005,0.15179762273085,-0.0985614533755776,-0.372053304021317,0.165268641005707,-0.103392331507805,-0.316253048389376,0.17612354463763,-0.0700647518758727,116.700256564103
189,-0.221392675415858,1.14446959849278,0.461538461538462,-0.335440109054054,0.0456001828593888,-0.144919963097332,-0.0645399284692879,0.522285580960633,0.228872826245672,-0.271604170993061,0.123728287696965,-0.073937941648048,-0.278145744943887,0.135322419914747,-0.0714116625145699,-0.330749007421179,0.195258662081027,-0.0677451726700764,-0.243317608707691,0.251311117516087,0.00399675440419785,-0.362276007333783,0.150340314003827,-0.105967846664978,116.800256461538
190,-0.219670382760413,1.21454217763221,0.497435897435897,-0.352507094968165,0.302077752497482,-0.0252146712353412,-0.0162194447060874,0.579347484909861,0.281564020101887,-0.308811462707761,0.132485083017809,-0.0881631898449757,-0.317025362908909,0.1047220937455,-0.106151634581704,-0.355040959601017,0.156760720584517,-0.0991401195082503,-0.20784324327173,0.227246795928537,0.00970177632840375,-0.385765423346337,0.150390535867749,-0.117687443739294,116.900256564103
191,-0.226344832385597,1.30326790930867,0.538461538461538,-0.35494396284695,0.310560657802815,-0.0221916525220675,0.0891923380853767,0.67953473481955,0.384363536452463,-0.316612635775428,0.141129852572827,-0.0877413916013009,-0.269027869492873,0.252337718668247,-0.00834507541231306,-0.448804320255899,0.0318736445625107,-0.208465337846694,-0.203879681200565,0.173824994116046,-0.0150273435422597,-0.416003517087006,0.141495432104685,-0.137254042491161,117.000256615385
192,-0.235085746946194,1.36329087515132,0.564102564102564,-0.348088360435182,0.166316980090178,-0.090885690172502,0.159166824374695,0.819958776425214,0.489562800399954,-0.366394428706177,0.088539036261302,-0.138927696222438,-0.252628762209522,0.33603581464836,0.041703526219419,-0.507931805332482,-0.0342621038486996,-0.271096954590591,-0.26701956443877,0.118493544914134,-0.0742630097623178,-0.369547804459568,0.207757231936833,-0.0808952862613676,117.100256512821
193,-0.233082546728438,1.36128767493357,0.564102564102564,-0.331776654316008,-0.0287959230407886,-0.180286288678398,0.25904713207371,0.930744100051558,0.594895616062634,-0.395960986695853,0.00737636625540928,-0.194292310220222,-0.231685158134771,0.398227910039137,0.0832713759521834,-0.52244057031395,-0.0356419164541231,-0.279041243384036,-0.358393211044628,0.0475279137200046,-0.155432648662312,-0.345216003084372,0.207749456135757,-0.0687332734743073,117.200256820513
194,-0.235085746946194,1.36329087515132,0.564102564102564,-0.296434442628787,0.0432181035345076,-0.12660816954714,0.192687844947755,0.828043810064466,0.510365827506111,-0.413470633173711,0.298123230595027,-0.0576737012893419,-0.247824525867454,0.705245610777135,0.228710542454841,-0.497915458573421,0.0514234216986517,-0.223246018437385,-0.365049292590352,0.111136420269958,-0.126956436160197,-0.27899737614682,0.212237567221325,-0.033379904462748,117.300256461538
195,-0.236043144151439,1.37450468261298,0.569230769230769,-0.231214039169809,0.318368664730395,0.0435773127802929,0.121481739475971,0.666649926789057,0.394065833132514,-0.352319711611684,0.205463936742612,-0.0734278874345359,-0.256428835438644,0.391320320356174,0.0674457424587648,-0.423912659408403,0.133500576103134,-0.145206041652634,-0.389639290594401,0.0971172567747369,-0.146261016909832,-0.302684316740267,0.207529887173349,-0.0475772147834588,117.400256410256
196,-0.234213984346808,1.35216270229553,0.558974358974359,-0.241869236118704,0.344986047706309,0.0515584057938024,0.0536411944984421,0.507722909562625,0.280682052030534,-0.272824305107491,0.160062032740156,-0.0563811361836677,-0.235699211026034,0.195240371088538,-0.0202294199687483,-0.276270200738028,0.266974279646032,-0.00464796054599818,-0.411810120353364,0.081424663764634,-0.165192728294365,-0.304753407089546,0.290253963836856,-0.00724972162634515,117.50025748718
197,-0.2334298142646,1.34112212195691,0.553846153846154,-0.226686495923165,0.508306359364216,0.140809931720525,0.0380781745943027,0.44715706569128,0.242617620142791,-0.232029428169041,0.188754790334446,-0.0216373189172975,-0.268606710863926,0.164059075930757,-0.0522738174665842,-0.270344643008602,0.289123503209975,0.00938943010068647,-0.413714456002532,0.0539900887119281,-0.179862183645302,-0.369993476393026,0.263206591774635,-0.0533934423091953,117.600256666667
198,-0.2334298142646,1.34112212195691,0.553846153846154,-0.263562019370825,0.438603239693357,0.0875206101612656,-0.0240205691879155,0.530859805619709,0.253419618215897,-0.241549053845839,0.206689061320276,-0.0174299962627815,-0.297694137543102,0.159344300385515,-0.0691749185787934,-0.238410189885783,0.31476797735559,0.0381788937349035,-0.364952566968508,0.0574311533188392,-0.153760706824834,-0.38666578876139,0.199008828283402,-0.0938284802389941,117.700263897436
199,-0.231209250900341,1.29787591756701,0.533333333333333,-0.183209244884394,0.303216176470523,0.0600034657930646,-0.0634553820671713,0.518750476013062,0.227647546972945,-0.216449793930582,0.261930042034447,0.0227401240519327,-0.273614193325007,0.20449447437128,-0.0345598594768637,-0.297572141145417,0.206799800899965,-0.0453861701227259,-0.30261271519892,0.123042634723339,-0.08978504023779,-0.408051918817599,0.0841732575610257,-0.161939330628287,117.800257538462
200,-0.230677534820957,1.2768313809748,0.523076923076923,-0.163568211576228,0.265086363172736,0.0507590757982539,-0.0637931369226387,0.473596796301115,0.204901829689238,-0.248607373854621,0.21209329385521,-0.0182570399997055,-0.269483525935558,0.10885735419296,-0.0803130858712987,-0.272343992367694,0.226146956966468,-0.0230985177006129,-0.279985812892612,0.154702048907025,-0.0626418819927933,-0.333888574917797,0.105796314856217,-0.11404613003079,117.900256564103
201,-0.230677534820957,1.2768313809748,0.523076923076923,-0.200049985493886,0.183119891348127,-0.00846504707287981,-0.0952462392817143,0.429871455559312,0.167312608138799,-0.31037764563369,0.156949456665198,-0.0767140944842461,-0.288652444354231,0.024203440559098,-0.132224501897567,-0.297474598356787,0.236408448565952,-0.0305330748954175,-0.281856670260215,0.211297072910593,-0.0352797986748107,-0.268014092845349,0.197266040259979,-0.0353740262926849,118.000256461538
202,-0.230893427776601,1.28730368418686,0.528205128205128,-0.261740995609235,0.10866384299053,-0.0765385763093523,-0.0972024608393281,0.435968513437513,0.169383026299092,-0.392552923163591,0.0326956863457596,-0.179928618408916,-0.275534159482503,0.0645904531289582,-0.105471853176772,-0.292479434354884,0.23578580458926,-0.0283468148828117,-0.276428841042613,0.291034287619712,0.00730272328854953,-0.213247816329167,0.320748163686391,0.0537501736786119,118.100256564103
203,-0.230677534820957,1.2768313809748,0.523076923076923,-0.290346765211709,0.089439143714951,-0.100453810748379,-0.124268389819317,0.367109980920447,0.121420795550565,-0.411242182070118,-0.0136479706891039,-0.212445076379611,-0.291428919695696,0.0544527684119521,-0.118488075641872,-0.267515440867475,0.24953901297073,-0.00898821394837282,-0.272808577938621,0.335217923336402,0.0312046726988904,-0.199426471388885,0.376098122135272,0.0883358253731933,118.200256615385
204,-0.230677534820957,1.2768313809748,0.523076923076923,-0.283708341618368,0.156505471228229,-0.0636014351950692,-0.18676340284266,0.2659730936177,0.0396048453875201,-0.4039855623313,-0.029328421239515,-0.216656991785408,-0.299090242998578,0.0356430250999659,-0.131723608949306,-0.248740289281694,0.296060409934787,0.0236600603265464,-0.23476473963337,0.393963751242312,0.0795995058044709,-0.172509529335857,0.414175739004775,0.120833104834459,118.300256461538
205,-0.230677534820957,1.2768313809748,0.523076923076923,-0.32110587303411,0.200863705050546,-0.0601210839917821,-0.246299425458902,0.201651840322055,-0.0223237925684234,-0.374500446766304,0.0130675136855951,-0.180716466540355,-0.349074097885986,-0.0994194294574275,-0.224246763671707,-0.239627452694927,0.341113105542367,0.0507428264237201,-0.228476335355005,0.377664951204033,0.0745943079245143,-0.163506771906724,0.424196595230899,0.130344911662087,118.400256717949
206,-0.230554119903327,1.25619514554435,0.512820512820513,-0.336631159132757,0.183424272822102,-0.0766034431553274,-0.28178853089664,0.194949084473217,-0.0434197232117113,-0.350366266856704,0.0307177939067224,-0.159824236474991,-0.375415220231017,-0.146591742224751,-0.261003481227884,-0.236300985470968,0.333685128755468,0.04869207164225,-0.177474984507871,0.396106615129412,0.109315815310771,-0.169269690331301,0.444401833445706,0.137566071557202,118.500256666667
207,-0.231601759472376,1.21621714408776,0.492307692307692,-0.336648218897174,0.22846022159387,-0.054093998651652,-0.256433862574353,0.227919884539143,-0.0142569890176047,-0.339390465913141,0.0664940298609839,-0.136448218026079,-0.369988202904837,-0.180823237923201,-0.275405720414019,-0.258192809517284,0.274772672201408,0.00828993134206228,-0.183925188000429,0.388082221228652,0.102078516614112,-0.188073609512183,0.414780619619949,0.113353505053883,118.600256461538
208,-0.231601759472376,1.21621714408776,0.492307692307692,-0.324316685970698,0.308473291502793,-0.00792169723395284,-0.260240874783144,0.18630274010131,-0.0369690673409171,-0.334190320334617,0.174395901468069,-0.0798972094332742,-0.34463654796926,-0.163036711974475,-0.253836629971867,-0.320934525215586,0.158140698639791,-0.0813969132878974,-0.164182883081275,0.423015825334647,0.129416471126686,-0.202695272612464,0.389183456238384,0.0932440918129599,118.700256615385
209,-0.231601759472376,1.21621714408776,0.492307692307692,-0.308831918201114,0.268642718110291,-0.0200946000454117,-0.320565489379729,0.163452621128246,-0.0785564341257413,-0.345408243349861,0.275150017099215,-0.035129113125323,-0.332326284250211,-0.113338011565186,-0.222832147907699,-0.388854606276726,0.0925167428132001,-0.148168931731763,-0.0846368638671677,0.513116350276376,0.214239743204604,-0.197106429453819,0.391840712484671,0.097367141515426,118.800256871795
210,-0.232146192278482,1.20650516663746,0.487179487179487,-0.314813753934448,0.0234387716374009,-0.145687491148524,-0.412631302468295,0.122841750374633,-0.144894776046831,-0.261620646016877,0.410232353270386,0.0743058536267546,-0.345975033369167,-0.0907828688122319,-0.218378951090699,-0.438486634777379,0.122460885043197,-0.158012874867091,0.0167021973297663,0.656326664956647,0.336514431143207,-0.208732289848455,0.356169088586074,0.0737183993688095,118.900258051282
211,-0.233589584604912,1.18743573845107,0.476923076923077,-0.343897659688246,-0.0449340502953939,-0.19441585499182,-0.436367428778326,0.0806577870063849,-0.17785482088597,-0.206973031056235,0.445859134772525,0.119443051858145,-0.341892928914873,-0.0336959910742505,-0.187794459994562,-0.426283205122439,0.134118144799374,-0.146082530161533,0.077259725803704,0.755609030374579,0.416434378089141,-0.25571029671304,0.250959989045078,-0.00237515383398092,119.000256769231
212,-0.233589584604912,1.18743573845107,0.476923076923077,-0.343062880063619,0.0375218413486156,-0.152770519357502,-0.441778168676385,0.0251497458572387,-0.208314211409573,-0.19229947491651,0.446333415679589,0.127016970381539,-0.35649783978299,0.134323320653472,-0.111087259564759,-0.384771663120114,0.109157216429176,-0.137807223345469,0.0561669326973074,0.678243018899177,0.367204975798242,-0.301390076125395,0.174979693501123,-0.063205191312136,119.100256564103
213,-0.235520411922549,1.16885374525588,0.466666666666667,-0.329238748974522,0.169188198602682,-0.0800252751859199,-0.430811444364664,0.0405108165317437,-0.19515031391646,-0.285653479743219,0.339062643547181,0.026704581901981,-0.335786918981306,0.287094693355685,-0.0243461128128102,-0.369306825627964,0.0821106925082589,-0.143598066559852,-0.00805178044572307,0.546018698328879,0.268983458941578,-0.318251942938123,0.170501443374104,-0.0738752497820096,119.20025825641
214,-0.23240752294702,1.14522803576753,0.456410256410257,-0.331348187622317,0.203990489706896,-0.0636788489577104,-0.405350023465935,0.0621747363761837,-0.171587643544876,-0.362693053712509,0.221101351299731,-0.0707958512063887,-0.309087054504359,0.305929372552483,-0.00157884097593795,-0.372077970203334,0.0784041631860193,-0.146836903508658,-0.0647964645653784,0.487651865192834,0.211427700313728,-0.34006509958828,0.169941782390537,-0.0850616585988717,119.300256564103
215,-0.223949102395617,1.11625679470331,0.446153846153846,-0.290368017015797,0.138247968317665,-0.0760600243490657,-0.396227497647511,0.0437283097976254,-0.176249593924943,-0.398123738737232,0.114008570023685,-0.142057584356774,-0.247720059033854,0.244293539709267,-0.00171325966229386,-0.368426183912184,0.0640086537750715,-0.152208765068556,-0.0596134600828796,0.473428557801052,0.206907548859086,-0.32234339188594,0.212521018851415,-0.0549111865172621,119.400256769231
216,-0.229335927504522,1.12164361981221,0.446153846153846,-0.293330923797529,0.0597448398546719,-0.116793041971428,-0.368504605399857,0.0371453565976627,-0.165679624401097,-0.354793954615524,0.0744780101879092,-0.140157972213808,-0.202964110398061,0.249207798317561,0.0231218439597498,-0.321329269624295,0.10377025564743,-0.108779506988433,-0.027101665446916,0.481003761592057,0.226951048072571,-0.354007064062123,0.142198839761691,-0.105904112150216,119.500256512821
217,-0.221392675415858,1.14446959849278,0.461538461538462,-0.290712114303197,0.0515889833012563,-0.11956156550097,-0.293087869185994,0.0991377619113142,-0.0969750536373401,-0.39774167585994,-0.0300847802183155,-0.213913228039128,-0.180097203072445,0.289972627449672,0.0549377121886135,-0.290005108144154,0.173140299435423,-0.0584324043543656,-0.080068832546379,0.417940970338068,0.168936068895844,-0.349773484397312,0.127839576268162,-0.110966954064575,119.600256666667
218,-0.222968428774501,1.1255325313386,0.451282051282051,-0.316932795181378,0.023601966523163,-0.146665414329108,-0.212374916941163,0.227922934516081,0.0077740087874589,-0.493882006605267,-0.105247166692189,-0.299564586648728,-0.160274016948159,0.300656870148309,0.0701914266000751,-0.184266714296602,0.34871878875346,0.0822260372284288,-0.137621419438982,0.390927023771499,0.126652802166258,-0.429836298224651,0.0749269418206437,-0.177454678202004,119.700256974359
219,-0.219759378238181,1.10181066028946,0.441025641025641,-0.340909393320884,0.0217241883385169,-0.159592602491183,-0.133249085740685,0.344332708685866,0.105541811472591,-0.53910906492545,-0.135274778035759,-0.337191921480604,-0.168694147072305,0.266056534111115,0.0486811935194049,-0.0861700918452342,0.452213424299848,0.183021666227307,-0.218748235144195,0.353846483727766,0.0675491242917858,-0.461888681818062,0.0785271548794512,-0.191680763469305,119.800257025641
220,-0.203291208813774,1.04431684983942,0.420512820512821,-0.38165873982836,0.0190722222277514,-0.181293258800304,-0.100663200233666,0.401726824546258,0.150531812156296,-0.503432925085478,-0.0817442701740913,-0.292588597629785,-0.137653822661642,0.282611498573228,0.0724788379557929,0.0295418947016255,0.599658314894097,0.314600104797861,-0.241521697343457,0.326978766716409,0.042728534686476,-0.444772369426734,0.105986668215808,-0.169392850605463,119.900256769231
221,-0.199253407874273,1.0300226386435,0.415384615384615,-0.385083882548156,0.0612538381981698,-0.161915022174993,-0.0939278855445368,0.4118644234687,0.158968268962081,-0.421372773214922,0.0294894248364244,-0.195941674189249,-0.149269519528287,0.286841708028436,0.0687860942500743,0.0652072585321,0.644509187560216,0.354858223046158,-0.247791085539382,0.310735004663652,0.0314719595621351,-0.380139081910727,0.15984289832512,-0.110148091792804,120.000256615385
222,-0.195250189862556,1.01576301037538,0.41025641025641,-0.404377952799827,0.156422702782188,-0.123977625008819,-0.0738824995174735,0.446826966213903,0.186472233348215,-0.391976341273486,0.10664784722529,-0.142664247024098,-0.166420363539378,0.332688260038991,0.0831339482498067,-0.00879758176666101,0.53769358040404,0.264447999318689,-0.214986434505287,0.329523561369135,0.0572685634319236,-0.308816485483024,0.192054862950556,-0.0583808112662341,120.100256820513
223,-0.187353948359351,0.987353948359351,0.4,-0.423501670130242,0.165207059484498,-0.129147305322872,-0.061021993139178,0.543752055930975,0.241365031395899,-0.397457583964894,0.120388440018116,-0.138534571973389,-0.155940664793833,0.390355771478906,0.117207553342537,-0.119271915593769,0.347505550362622,0.114116817384426,-0.190270875270719,0.335720853297573,0.072724989013427,-0.266023001178036,0.19004214282863,-0.0379904291747027,120.200256871795
224,-0.187353948359351,0.987353948359351,0.4,-0.376151683206519,0.240037803487514,-0.0680569398595025,-0.068737706347787,0.480808215057916,0.206035254355064,-0.398012201922934,0.0625905574264354,-0.167710822248249,-0.16791105151844,0.334963588228023,0.0835262683547916,-0.188814123622527,0.257862890971245,0.0345243836743586,-0.188813133891576,0.314511617726534,0.062849241917479,-0.26769160139884,0.169651056575567,-0.0490202724116365,120.300256564103
225,-0.172052866775248,0.931027225749607,0.379487179487179,-0.317139525763949,0.383339566420843,0.0331000203284471,-0.0756336590209461,0.493638974433154,0.209002657706104,-0.39564583305514,0.0209472710994082,-0.187349280977866,-0.223052263000916,0.222055815338102,-0.000498223831406736,-0.170149462560944,0.251511303329492,0.0406809203842736,-0.233320454593516,0.272013253088468,0.0193463992474759,-0.297242495245853,0.16092970265205,-0.0681563962969014,120.400257179487
226,-0.164713785194424,0.892918913399552,0.364102564102564,-0.226782958048577,0.54800571575894,0.160611378855182,-0.084264103648245,0.466889435728764,0.191312666040259,-0.435385319583955,-0.0125377510193915,-0.223961535301673,-0.279309554193431,0.102213467761089,-0.0885480432161712,-0.122562232102002,0.301386907125437,0.0894123375117175,-0.275426818890459,0.254218721197693,-0.0106040488463829,-0.261972202170593,0.234242784155349,-0.0138647090076217,120.500256666667
227,-0.166396231365551,0.853575718545038,0.343589743589744,-0.165805344805859,0.500575671011947,0.167385163103044,-0.10788620299129,0.462632382356259,0.177373089682484,-0.411781471111901,0.0372397113478178,-0.187270879882042,-0.280003527861631,0.0380980440475327,-0.120952741907049,-0.0707700546289433,0.391893609289041,0.160561777330049,-0.318483388955921,0.220690204353417,-0.0488965923012522,-0.206883532528992,0.270729959162928,0.0319232133169682,120.600256564103
228,-0.168228865658963,0.83489553232563,0.333333333333333,-0.172321547371451,0.318930079293422,0.0733042659609855,-0.0981769370250153,0.494997249281155,0.19841015612807,-0.39440291680864,0.0845747191872417,-0.154914098810699,-0.247053127964097,0.0515223997975623,-0.0977653640832671,-0.0894508965286218,0.426779518042748,0.168664310757063,-0.379919889642128,0.14707613463396,-0.116421877504084,-0.208274743013134,0.243343773784512,0.0175345153856889,120.700257589744
229,-0.167226321580876,0.844149398503953,0.338461538461539,-0.154730097227426,0.267816408844604,0.0565431558085889,-0.0977304083618378,0.484079142683055,0.193174367160609,-0.391286662346447,0.0945380848474343,-0.148374288749506,-0.2460619162495,0.0834934830105611,-0.0812842166194694,-0.130343736061049,0.422696657752593,0.146176460845772,-0.368677072582367,0.137559406197945,-0.115558833192211,-0.258865250423792,0.180902283871684,-0.0389814832760542,120.800257128205
230,-0.163102030555924,0.829768697222591,0.333333333333333,-0.200242637876075,0.149158004836033,-0.0255423165200213,-0.0376581884333489,0.522893087534547,0.242617449550599,-0.421341217659542,0.0441191639604821,-0.18861102684953,-0.259688368713307,0.0596593068809108,-0.100014530916198,-0.120555304319394,0.432889783538002,0.156167239609304,-0.366870323797931,0.11713336157819,-0.124868481109871,-0.33866008049442,0.0824259692399985,-0.128117055627211,120.900256564103
231,-0.147939972550539,0.671016895627462,0.261538461538462,-0.20820582932905,0.161954613273621,-0.0231256080277148,0.0553047286453983,0.666464007173246,0.360884367909322,-0.481586077880949,-0.0471337949670815,-0.264359936424015,-0.260798660679093,0.0688492478062058,-0.0959747064364435,-0.112584672574548,0.423027821239057,0.155221574332255,-0.364975579909173,0.145892331305026,-0.109541624302073,-0.405201502588423,0.0298077978904207,-0.187696852349001,121.000256512821
232,-0.173963119214367,0.522681067932316,0.174358974358974,-0.204568185720621,0.269263780428054,0.0323477973537163,0.0716558551445749,0.721318896703895,0.396487375924235,-0.457259792079754,0.0187718341510323,-0.219243978964361,-0.287859181887911,0.0842543016008206,-0.101802440143545,-0.0930323677110762,0.428463327982591,0.167715480135757,-0.385784308515129,0.14120895435352,-0.122287677080804,-0.404625233238346,0.0387521931829518,-0.182936520027697,121.100256461538
233,-0.179079681544201,0.53805404051856,0.17948717948718,-0.205346118455817,0.264350315481802,0.0295020985129925,-0.0251118351168511,0.625448295639686,0.300168230261417,-0.369841711324669,0.116556863541856,-0.126642423891407,-0.287866725387906,0.143239357441967,-0.0723136839729698,-0.125506689621842,0.396957430225771,0.135725370301965,-0.29985251556579,0.196907799575425,-0.0514723579951822,-0.340045217448592,0.0930612914708307,-0.123491962988881,121.200256717949
234,-0.173963119214367,0.522681067932316,0.174358974358974,-0.229901028418577,0.183571260442572,-0.0231648839880022,-0.132182927408566,0.440730005128543,0.154273538859989,-0.306783600517587,0.198851041526213,-0.0539662794956867,-0.270356481903623,0.102301858231884,-0.0840273118358696,-0.160693421190153,0.43712975435649,0.138218166583168,-0.254208938295397,0.215045320118242,-0.0195818090885776,-0.305495765928789,0.148784781808713,-0.0783554920600381,121.300256512821
235,-0.184196243874036,0.553427013104805,0.184615384615385,-0.326809559920334,0.0640076538698306,-0.131400953025251,-0.129140658004204,0.403070497672712,0.136964919834254,-0.232685317716761,0.30584886838703,0.0365817753351347,-0.314534114755801,0.452606942355816,0.0690364138000074,-0.260060800734633,0.418897798443729,0.0794184988545479,-0.226297099913748,0.231823138338448,0.00276301921235001,-0.368937710973353,0.127700194031793,-0.12061875847078,121.400256410256
236,-0.179079681544201,0.53805404051856,0.17948717948718,-0.216779412342279,0.187569685844344,-0.0146048632489676,-0.100755952458606,0.434703547964948,0.166973797753171,-0.270218208434392,0.271107940943628,0.000444866254618126,-0.295002715492501,0.392531706144219,0.0487644953258592,-0.304195912587026,0.298832189854076,-0.00268186136647516,-0.139858397634858,0.360629969826876,0.110385786096009,-0.355280907135794,0.17268558644452,-0.091297660345637,121.500256512821
237,-0.18931280620387,0.56879998569105,0.18974358974359,-0.181998366379225,0.276850758224118,0.0474261959224467,-0.073624583536606,0.487453171231551,0.206914293847473,-0.242984091440956,0.302230119436343,0.0296230139976937,-0.241804793088588,0.312697448706954,0.0354463278091831,-0.371684645729982,0.127285472137083,-0.12219958679645,-0.072933673805426,0.464699828669475,0.195883077432025,-0.3099788167869,0.231552838067979,-0.0392129893594608,121.600256564103
238,-0.22512874251271,0.676410793794762,0.225641025641026,-0.231888628153027,0.247667607750818,0.00788948979889516,-0.0361074717557269,0.562138666437184,0.263015597340729,-0.247596990797823,0.263081190392641,0.00774209979740896,-0.221657909623455,0.309925130893809,0.0441336106351771,-0.329733083549939,0.151427643505104,-0.0891527200224173,-0.0451065582923928,0.516598867124369,0.235746154415988,-0.25469352516364,0.304289395443798,0.024797935140079,121.700256923077
239,-0.230245304842545,0.691783766381006,0.230769230769231,-0.360216547693371,0.0500151974546553,-0.155100675119358,-0.000213936213115235,0.681801532155954,0.340793797971419,-0.246569925681931,0.268917044176195,0.011173559247132,-0.203442990773384,0.307715409316565,0.0521362092715908,-0.209972987995453,0.321639221190683,0.0558331165976151,-0.0777734747415237,0.50560882560899,0.213917675433733,-0.302727021359001,0.261160107127726,-0.0207834571156372,121.800256461538
240,-0.245594991832048,0.73790268413974,0.246153846153846,-0.432459899975142,-0.0826329150465772,-0.257546407510859,0.0401867692293789,0.857424253624279,0.448805511426829,-0.277107875616028,0.26721356123993,-0.00494715718804913,-0.197328032767491,0.216136495774722,0.00940423150361569,-0.153709679532943,0.422937551433776,0.134613935950417,-0.0957881626501633,0.501471150848907,0.202841494099372,-0.377938333734507,0.178777511753666,-0.0995804109904207,121.900257025641
241,-0.245594991832048,0.73790268413974,0.246153846153846,-0.363465286355234,0.0571320452091783,-0.153166620573028,-0.0496411839984696,0.795430185143462,0.372894500572496,-0.266619370018355,0.29792461372258,0.0156526218521128,-0.182584561517739,0.29321471354749,0.0553150760148756,-0.213362317032632,0.327782924500209,0.0572103037337883,-0.0572699300547145,0.490177217176673,0.216453643560979,-0.461339562071475,0.0926586552971089,-0.184340453387183,122.000256615385
