slice,ci_lower_diskomfort,ci_upper_diskomfort,mean_diskomfort,ci_lower_anger_sm,ci_upper_anger_sm,mean_fl_anger_sm,ci_lower_disgust_sm,ci_upper_disgust_sm,mean_fl_disgust_sm,ci_lower_fear_sm,ci_upper_fear_sm,mean_fl_fear_sm,ci_lower_happiness_sm,ci_upper_happiness_sm,mean_fl_happiness_sm,ci_lower_sadness_sm,ci_upper_sadness_sm,mean_fl_sadness_sm,ci_lower_surprise_sm,ci_upper_surprise_sm,mean_fl_surprise_sm,ci_lower_neutral_sm,ci_upper_neutral_sm,mean_fl_neutral_sm,mean_rel_zeit_s
1,-1.20255227815002,5.01793689353463,1.90769230769231,-0.298245588029458,0.644427713185828,0.173091062578185,-0.124890362779523,0.449382959333217,0.162246298276847,-0.228519610320633,0.589294886910052,0.180387638294709,-0.233128716539528,0.259025463274754,0.0129483733676126,-0.463014756370427,-0.0187265879483009,-0.240870672159364,-0.13550438252344,0.302866768785225,0.0836811931308923,-0.675552816452546,-0.136079907312374,-0.40581636188246,372.999743589744
2,-1.20255227815002,5.01793689353463,1.90769230769231,-0.197959318131559,0.528151254519036,0.165095968193739,-0.283944376043945,0.223394195445009,-0.0302750902994678,-0.162174437302597,0.641799531868367,0.239812547282885,-0.258640346342983,0.194725057033075,-0.0319576446549538,-0.485219927917749,-0.0206312354185589,-0.252925581668154,-0.100215671722715,0.343553902232432,0.121669115254859,-0.643371541270342,-0.109154734035711,-0.376263137653027,373.116157166667
3,-1.20255227815002,5.01793689353463,1.90769230769231,-0.174879073561131,0.406642615586286,0.115881771012578,-0.346222406793155,0.146690508864896,-0.0997659489641294,-0.0824440078094924,0.751970451745942,0.334763221968225,-0.259616439174695,0.178780362398264,-0.0404180383882155,-0.442687502131314,0.0570975434633158,-0.192794979333999,-0.0964898971177487,0.404235702008122,0.153872902445187,-0.616515666600276,-0.0804946582040557,-0.348505162402166,373.216150923077
4,-1.19166304681315,5.03781689296699,1.92307692307692,-0.155531980470476,0.395302164741531,0.119885092135528,-0.327969054026421,0.181927034859878,-0.0730210095832713,-0.0794405082993465,0.793986529473134,0.357273010586894,-0.242152745453701,0.192092038636128,-0.0250303534087866,-0.427942767498784,0.102139062588382,-0.162901852455201,-0.104702894397329,0.42977007405432,0.162533589828495,-0.582818539891513,-0.0505822048154575,-0.316700372353485,373.300004846154
5,-1.17671012888602,5.06901782119371,1.94615384615385,-0.13250162208994,0.304283349011207,0.0858908634606338,-0.340401110728544,0.180183458215106,-0.0801088262567191,-0.090825657493857,0.679233369903002,0.294203856204572,-0.20192395166043,0.321749003783154,0.0599125260613617,-0.438699129000037,0.0797004201051485,-0.179499354447444,-0.100918300309478,0.418209147921932,0.158645423806227,-0.539509304833372,-0.0200810689295316,-0.279795186881452,373.39999774359
6,-1.15426058898958,5.11323494796394,1.97948717948718,-0.0973459417089779,0.473389631918228,0.188021845104625,-0.367899729953509,0.144274562615558,-0.111812583668976,-0.157520436221329,0.405047231688821,0.123763397733746,-0.186123486559548,0.364842726934825,0.0893596201876385,-0.497513541539061,0.0128442720007953,-0.242334634769133,-0.143202258030796,0.332746906408097,0.0947723241886505,-0.434718098127763,0.0745958380280057,-0.180061130049879,373.516154
7,-1.1510554864992,5.12028625572997,1.98461538461538,-0.148024306408757,0.508523862450493,0.180249778020868,-0.385407252185259,0.046594834056768,-0.169406209064245,-0.194568705382962,0.251862954889103,0.0286471247530705,-0.166358415657497,0.37881125721507,0.106226420778787,-0.519929130979868,-0.00865412538794276,-0.264291628183905,-0.163124226886791,0.323775648853356,0.0803257109832827,-0.321404101469255,0.199945727050527,-0.0607291872093644,373.616157179487
8,-1.1510554864992,5.12028625572997,1.98461538461538,-0.226016901882419,0.362725927374617,0.0683545127460987,-0.364809552225343,0.0548195172505196,-0.154995017487412,-0.214472033123407,0.217295709028991,0.00141183795279222,-0.189945249205679,0.303538369997767,0.0567965603960438,-0.499754103855755,0.0670439459764364,-0.216355078939659,-0.180944968417223,0.348367291154698,0.0837111613687377,-0.206312966849933,0.322901022545326,0.0582940278476968,373.716150615385
9,-1.14163356896536,5.14163356896536,2,-0.279191636872601,0.227030092740614,-0.0260807720659938,-0.361123592185623,0.0773802646391829,-0.14187166377322,-0.227524364290071,0.218239784816126,-0.00464228973697296,-0.178019410897205,0.358923620345667,0.0904521047242309,-0.471498409399142,0.162944698891598,-0.154276855253772,-0.157113628551224,0.401069511957083,0.121977941702929,-0.143892824290614,0.390161163216967,0.123134169463177,373.800005076923
10,-1.14163356896536,5.14163356896536,2,-0.310406632373934,0.395336215980866,0.0424647918034657,-0.314373895397923,0.14991699196481,-0.0822284517165568,-0.219342776621061,0.25776015661391,0.0192086899964247,-0.163017169234166,0.643713716165841,0.240348273465837,-0.475914910502408,0.18776045578941,-0.144077227356499,-0.114032924429413,0.441708318775265,0.163837697172926,-0.142709820053986,0.371040072935379,0.114165126440697,373.899997730769
11,-1.14163356896536,5.14163356896536,2,-0.277681811949025,0.544660037190302,0.133489112620638,-0.311956928897451,0.232869555859974,-0.0395436865187384,-0.231157512390857,0.332102786378048,0.0504726369935955,-0.155549245394824,0.734462429161966,0.289456591883571,-0.5297434902437,0.122909588566651,-0.203416950838524,-0.0838825753168355,0.499169067030898,0.207643245857031,-0.199213117755889,0.336795383541108,0.0687911328926094,374.015898102564
12,-1.1510554864992,5.12028625572997,1.98461538461538,-0.259283000784246,0.342472257767278,0.0415946284915158,-0.342222593352721,0.264357168428159,-0.0389327124622809,-0.235923526463786,0.381886249274033,0.0729813614051234,-0.10185483677334,0.694958314436902,0.296551738831781,-0.542774409449058,0.0384736115648749,-0.252150398942092,-0.0655421534766902,0.522747347862647,0.228602597192979,-0.222262180776201,0.317959130916734,0.0478484750702665,374.115388230769
13,-1.15749802292397,5.10621597164192,1.97435897435897,-0.312100687451901,0.405607099592859,0.0467532060704788,-0.360103786554929,0.221900311526983,-0.0691017375139731,-0.218771705173062,0.410131215252244,0.0956797550395913,-0.139942048216891,0.632641159972807,0.246349555877958,-0.547904888019925,-0.0187622015705342,-0.28333354479523,-0.0366629357799595,0.491183063854449,0.227260064037245,-0.22092373777653,0.309565761395912,0.0443210118096911,374.215381730769
14,-1.16076784689477,5.09922938535631,1.96923076923077,-0.373731524835037,0.505589369138293,0.0659289221516279,-0.358359836765943,0.141483953086801,-0.108437941839571,-0.207536726517385,0.425627358913738,0.109045316198177,-0.15847538034196,0.630805820098962,0.236165219878501,-0.509587061732883,-0.0145648558651582,-0.262075958799021,-0.0153483489307055,0.493098953910131,0.238875302489713,-0.233593389354708,0.276977733654972,0.0216921721501319,374.299748564103
15,-1.16076784689477,5.09922938535631,1.96923076923077,-0.456731939289081,0.463828164357062,0.00354811253399059,-0.369264764121156,0.119212572781702,-0.125026095669727,-0.213787773572921,0.332746434903464,0.0594793306652715,-0.210024842351135,0.507873235760552,0.148924196704709,-0.513585615339002,-0.0406534843969451,-0.277119549867974,0.0128612799697784,0.503515869114393,0.258188574542086,-0.217839587530231,0.289282195071805,0.035721303770787,374.399741166667
16,-1.16076784689477,5.09922938535631,1.96923076923077,-0.495534875812397,0.269097123444492,-0.113218876183952,-0.417220900304492,0.12075857737629,-0.148231161464101,-0.253602948783294,0.180543871236778,-0.0365295387732577,-0.228588034360363,0.42887110496438,0.100141535302008,-0.53844136308097,-0.051489261767392,-0.294965312424181,0.0233109718670867,0.54136617248798,0.282338572177533,-0.201204329981757,0.288511131073955,0.0436534005460992,374.514872461538
17,-1.16076784689477,5.09922938535631,1.96923076923077,-0.419326688487703,-0.151162830532825,-0.285244759510264,-0.408751108460325,0.135410921783418,-0.136670093338453,-0.279941315349339,0.119036660265252,-0.0804523275420432,-0.217138734130438,0.400438504712826,0.0916498852911939,-0.558927367908925,-0.0952501358084078,-0.327088751858666,-0.0185797737732967,0.474289875416977,0.22785505082184,-0.162485893200705,0.33212433843154,0.0848192226154176,374.615131794872
18,-1.16076784689477,5.09922938535631,1.96923076923077,-0.412195089796637,-0.110343356693808,-0.261269223245223,-0.344582613210264,0.178809391414699,-0.0828866108977826,-0.229704814376974,0.20468425993459,-0.0125102772211921,-0.242148802233336,0.265522197162851,0.0116866974647573,-0.541050833305081,-0.0720978324604317,-0.306574332882756,-0.0843052298260165,0.364803737437856,0.14024925380592,-0.174169028092108,0.315904000157695,0.0708674860327932,374.716151076923
19,-1.16076784689477,5.09922938535631,1.96923076923077,-0.404657648440005,-0.0536459180592991,-0.229151783249652,-0.327042323068785,0.219837396460979,-0.0536024633039029,-0.189194637416526,0.269633058161003,0.0402192103722386,-0.223274704216243,0.244971373226591,0.0108483345051741,-0.522487534480974,-0.0610708720322975,-0.291779203256636,-0.13581901756735,0.314533276768657,0.0893571296006533,-0.155136138622525,0.335824265158456,0.0903440632679656,374.800005076923
20,-1.18369066775419,5.05292143698496,1.93461538461538,-0.411586575498383,0.0363971819578201,-0.187594696770281,-0.359858788597219,0.169373036856837,-0.095242875870191,-0.142617895117086,0.341528119242078,0.0994551120624961,-0.193425857040061,0.355577029100293,0.0810755860301162,-0.465998129553517,0.00475331161435689,-0.23062240896958,-0.162863401535157,0.2867396636963,0.0619381310805716,-0.158704781037461,0.323042379546497,0.0821687992545177,374.899741051282
21,-1.19707053811729,5.02783976888652,1.91538461538462,-0.439957111576698,-0.110195014154468,-0.275076062865583,-0.420141077741983,0.0338900896479271,-0.193125494047028,-0.12330581028628,0.351991373017007,0.114342781365363,-0.200893479156838,0.209867748658602,0.00448713475088193,-0.374644228573311,0.0981348909799747,-0.138254668796668,-0.163251726811981,0.312571537329326,0.0746599052586723,-0.128858194020001,0.369154972332508,0.120148389156254,375.015812025641
22,-1.18456827354049,5.05123494020716,1.93333333333333,-0.463577018337966,-0.174722274211618,-0.319149646274792,-0.471134280248845,-0.0296087190803159,-0.25037149966458,-0.142242631658201,0.30005634387023,0.0789068561060147,-0.197763997133664,0.161406434490951,-0.0181787813213567,-0.311587677255279,0.189264580511278,-0.0611615483720004,-0.173055859505717,0.323168662647282,0.075056401570782,-0.124322665738333,0.411965775068777,0.143821554665222,375.100003333333
23,-1.19166304681315,5.03781689296699,1.92307692307692,-0.474819546698077,-0.161050042157823,-0.31793479442795,-0.497336451760769,-0.0548043354036686,-0.276070393582219,-0.159338050524753,0.274429622784577,0.0575457861299121,-0.201245298148135,0.158974446766238,-0.0211354256909486,-0.233403559914187,0.328798406313439,0.047697423199626,-0.155500903204028,0.386863137696134,0.115681117246053,-0.135230400756761,0.432125999685037,0.148447799464138,375.200000307692
24,-1.18909102722004,5.0455012836303,1.92820512820513,-0.47602582409367,-0.13410690234091,-0.30506636321729,-0.498122505315267,-0.0571111147966391,-0.277616810055953,-0.166506944286618,0.363038064966878,0.0982655603401302,-0.24154938198805,0.775326831590046,0.266888724800998,-0.199983819563756,0.388420944008572,0.0942185622224082,-0.157196092541602,0.395471925323252,0.119137916390825,-0.163488619536181,0.400184732704998,0.118348056584409,375.3
25,-1.19166304681315,5.03781689296699,1.92307692307692,-0.410345003532437,-0.0177589103241601,-0.214051956928298,-0.48848687021315,-0.0690439209282114,-0.278765395570681,-0.205439037302103,0.314631260600789,0.0545961116493431,-0.157408940117781,0.800878981574872,0.321735020728546,-0.180166368030232,0.380460684135421,0.100147158052594,-0.161568610333556,0.421771340294835,0.13010136498064,-0.161074574621303,0.380077559729179,0.109501492553938,375.399996871795
26,-1.21753443458904,4.99189340894801,1.88717948717949,-0.3776699100644,0.0150376486098947,-0.181316130727253,-0.482594751121647,-0.0512524597391212,-0.266923605430384,-0.249794199750252,0.192238520976531,-0.0287778393868605,-0.136787457454784,0.732005708915994,0.297609125730605,-0.228525748480769,0.341658159608866,0.0565662055640487,-0.176771684316508,0.437175359755688,0.13020183771959,-0.107614491014513,0.409330957923727,0.150858233454607,375.5
27,-1.29157162827208,4.88131521801567,1.7948717948718,-0.346454362357189,0.11519923458766,-0.115627563884765,-0.497767940025007,-0.0401769983771768,-0.268972469201092,-0.242904803125045,0.106924377529386,-0.0679902127978295,-0.185231025772909,0.53975218584804,0.177260580037565,-0.265516800538052,0.293206736122725,0.0138449677923364,-0.161117833451388,0.444123912009412,0.141503039279012,-0.0671168681338196,0.419162241375168,0.176022686620674,375.600003641026
28,-1.40213023568839,4.75597638953454,1.67692307692308,-0.362840985936781,0.128772264645062,-0.11703436064586,-0.516077170331422,-0.0553670461837478,-0.285722108257585,-0.267352741333517,0.0490567258409628,-0.109148007746277,-0.236969533008864,0.226538695940218,-0.00521541853432294,-0.301542612085175,0.199473397163021,-0.0510346074610768,-0.124731845536571,0.44692420836517,0.161096181414299,-0.0206807162376396,0.423679108926129,0.201499196344244,375.7
29,-1.41342611972469,4.74675945305802,1.66666666666667,-0.358277283365368,0.139480639649119,-0.109398321858124,-0.477471600060856,0.00993072866668687,-0.233770435697085,-0.309178542940588,0.0459551328201907,-0.131611705060199,-0.264596643623994,0.0200042592883135,-0.12229619216784,-0.302822437314777,0.12750665748981,-0.0876578899124838,-0.132106041352742,0.407765883336319,0.137829920991789,-0.0143913339415335,0.396272551834144,0.190940608946305,375.800000205128
30,-1.27847514269244,4.89898796320526,1.81025641025641,-0.366373701830032,0.141434303383537,-0.112469699223248,-0.392848743413654,0.124578531908168,-0.134135105752743,-0.333053922826274,0.0652207981942924,-0.133916562315991,-0.297814019902283,0.131581754670537,-0.0831161326158726,-0.322786487665178,0.0784336471169524,-0.122176420274113,-0.130014589655279,0.389250787452195,0.129618098898458,-0.0575888769450864,0.356857776539624,0.149634449797269,375.900167948718
31,-1.02885251626531,5.521160208573,2.24615384615385,-0.357930554190727,0.103845665674966,-0.127042444257881,-0.31563957110922,0.24870612665185,-0.0334667222286851,-0.3018200931347,0.158591131383101,-0.0716144808757996,-0.319164539902509,0.132581176891631,-0.0932916815054388,-0.300212753555756,0.112857990633066,-0.0936773814613449,-0.144906573225929,0.404296212785077,0.129694819779574,-0.134997491272522,0.332241731280718,0.0986221200040981,376.000256410256
32,-0.98562726438793,5.87793495669562,2.44615384615385,-0.33178577421756,0.153345378887853,-0.0892201976648534,-0.367208966622562,0.199376873687197,-0.0839160464676824,-0.274917222621622,0.222659737322737,-0.0261287426494424,-0.294716071940702,0.0956499376235977,-0.0995330671585522,-0.314330741327903,0.14288045030539,-0.0857251455112565,-0.106648004401013,0.435293669303141,0.164322832451064,-0.153104803416334,0.342815038430727,0.0948551175071967,376.100260051282
33,-0.986243375013141,5.86829465706442,2.44102564102564,-0.354832315065228,0.113405662270318,-0.120713326397455,-0.39941474239952,0.122796249250516,-0.138309246574502,-0.263235526210562,0.253845463564881,-0.0046950313228405,-0.271619734991958,0.0390777125076945,-0.116271011242132,-0.328628691120709,0.178306652146889,-0.0751610194869099,-0.114283047135342,0.390554790202062,0.13813587153336,-0.124116482039369,0.369452419243217,0.122667968601924,376.200256358974
34,-1.05664503393942,5.39510657240096,2.16923076923077,-0.396559662691328,0.237854846938529,-0.0793524078763994,-0.405642453890498,0.0763279708004046,-0.164657241545047,-0.274425267835304,0.193356562323881,-0.0405343527557117,-0.262160204861929,0.114190199352905,-0.0739850027545117,-0.384652514349468,0.122608183677953,-0.131022165335757,-0.114696577498723,0.334151925689172,0.109727674095224,-0.105039786623155,0.40588552981986,0.150422871598353,376.300000282051
35,-1.26568254247351,4.91696459375557,1.82564102564103,-0.479145773230614,0.213995137804075,-0.132575317713269,-0.412352126295739,0.0893297294965619,-0.161511198399589,-0.286566308790575,0.17435722616432,-0.0561045413131277,-0.304508016505839,0.230846953733632,-0.0368305313861035,-0.3980313780941,0.0999151953489658,-0.149058091372567,-0.123267846014965,0.333968364730586,0.105350259357811,-0.0913780762101854,0.406720414801603,0.157671169295709,376.399996833333
36,-1.41787913284394,4.74095605592086,1.66153846153846,-0.476079346581813,0.0555832710552488,-0.210248037763282,-0.377113958102951,0.243205053044035,-0.0669544525294579,-0.283201930815746,0.264401411569186,-0.00940025962328028,-0.283040974619658,0.285958891828169,0.00145895860425548,-0.417303349148773,0.0725717573002136,-0.17236579592428,-0.111938317367736,0.392945985475541,0.140503834053902,-0.0574449674192958,0.403379056253373,0.172967044417039,376.500256410256
37,-1.41787913284394,4.74095605592086,1.66153846153846,-0.388654276914383,0.0767375723722955,-0.155958352271044,-0.278960233010576,0.372096651745472,0.0465682093674484,-0.223284007040293,0.438772792698176,0.107744392828942,-0.26867236710448,0.235655360738155,-0.0165085031831626,-0.491499110036253,-0.0589877081712071,-0.27524340910373,-0.0714077170831157,0.456344585102129,0.192468434009507,-0.0778147573462928,0.368965731802159,0.145575487227933,376.600259897436
38,-1.41787913284394,4.74095605592086,1.66153846153846,-0.304711038480151,-0.0145397053302418,-0.159625371905196,-0.223326297879794,0.351425425136299,0.0640495636282522,-0.192768294094217,0.53730284691425,0.172267276410016,-0.271514275981294,0.175164436964152,-0.0481749195085712,-0.595055147127527,-0.210956372292771,-0.403005759710149,-0.0191616957625471,0.507082419989994,0.243960362113723,-0.100947999540152,0.361326631624706,0.130189316042277,376.70025774359
39,-1.41787913284394,4.74095605592086,1.66153846153846,-0.28847030361118,0.0121995172069043,-0.138135393202138,-0.198294245553837,0.300516823127381,0.0511112887867719,-0.205938667212014,0.506618160002849,0.150339746395417,-0.255899685352079,0.169844147603542,-0.0430277688742686,-0.611864727860514,-0.249291447827176,-0.430578087843845,0.00800473532745358,0.513586544630521,0.260795639978987,-0.115612953352364,0.348067405008333,0.116227225827984,376.800000897436
40,-1.41787913284394,4.74095605592086,1.66153846153846,-0.345629605048107,-0.0163531706460362,-0.180991387847072,-0.168505466301906,0.377819556870308,0.104657045284201,-0.205473286529745,0.449853789392804,0.12219025143153,-0.204427909281832,0.337730517924085,0.0666513043211264,-0.534479995493393,-0.188748576326973,-0.361614285910183,-0.0482021391548219,0.414701635493368,0.183249748169273,-0.135339356955832,0.303026170220364,0.0838434066322659,376.89999698718
41,-1.41787913284394,4.74095605592086,1.66153846153846,-0.378742362130268,-0.0790592177380341,-0.228900789934151,-0.0707101062479609,0.471703902303431,0.200496898027735,-0.18426065714564,0.36423433253277,0.0899868376935651,-0.178980352713939,0.401427554301235,0.111223600793648,-0.440859031786081,-0.0434787648609579,-0.242168898323519,-0.162587717365901,0.225242669716022,0.0313274761750606,-0.191903747613142,0.240324789927431,0.0242105211571443,377.000256410256
42,-1.41787913284394,4.74095605592086,1.66153846153846,-0.324346571073256,-0.0166014792909313,-0.170474025182094,-0.0212146933887696,0.522973022737275,0.250879164674253,-0.173554732046438,0.304649787263604,0.0655475276085829,-0.155559187165778,0.4383064160233,0.141373614428761,-0.414057854544814,0.0511886695286364,-0.181434592508089,-0.265365420145753,0.078481327512951,-0.093442046316401,-0.212052109739341,0.228005665532369,0.00797677789651411,377.10025974359
43,-1.41787913284394,4.74095605592086,1.66153846153846,-0.300703857973576,0.121002919042695,-0.0898504694654408,-0.0716740420647116,0.551823742006653,0.240074849970971,-0.167322524105299,0.297751756378921,0.065214616136811,-0.184755970312446,0.278092859450614,0.0466684445690839,-0.386099042574784,0.118562863120425,-0.13376808972718,-0.28798390174597,0.0474392506589784,-0.120272325543496,-0.147933090982979,0.288720856512002,0.0703938827645111,377.200256974359
44,-1.41787913284394,4.74095605592086,1.66153846153846,-0.299269447515697,0.167629053696597,-0.0658201969095499,-0.177765745635064,0.443449323270187,0.132841788817562,-0.141892409428487,0.322354588108996,0.0902310893402547,-0.247367526918912,0.14846741025406,-0.049450058332426,-0.344154476919303,0.150451525190314,-0.0968514758644947,-0.258584213298074,0.0901837408864305,-0.0842002362058218,-0.0729558222136672,0.359634083666493,0.143339130726413,377.300000076923
45,-1.41787913284394,4.74095605592086,1.66153846153846,-0.271488764353437,0.243012870122834,-0.0142379471153014,-0.22750651516507,0.319823191935582,0.0461583383852558,-0.154921521319066,0.316147941469325,0.0806132100751298,-0.291328467833444,0.0587250824315672,-0.116301692700938,-0.305142883462564,0.194186496484609,-0.0554781934889772,-0.203562985828587,0.151553381673017,-0.026004802077785,0.00717775658714348,0.4268887409821,0.217033248784622,377.399996782051
46,-1.41787913284394,4.74095605592086,1.66153846153846,-0.296939033308774,0.386143214907408,0.0446020907993167,-0.280049586825413,0.129703394234928,-0.0751730962952421,-0.176500686850083,0.267642584473129,0.0455709488115227,-0.293228036711296,0.150364225701412,-0.0714319055049419,-0.240651514411684,0.251284199925954,0.00531634275713525,-0.209068129642796,0.174775888793884,-0.0171461204244558,0.067214322537674,0.516464534423027,0.291839428480351,377.500256410256
47,-1.41787913284394,4.74095605592086,1.66153846153846,-0.297545386358337,0.496208004444115,0.0993313090428889,-0.291543216993715,0.0911480820172207,-0.100197567488247,-0.192406485953603,0.219487113935726,0.0135403139910616,-0.285240344773079,0.193691123081039,-0.0457746108460198,-0.226186595028916,0.248053606943476,0.0109335059572799,-0.21892577535902,0.157678193326975,-0.0306237910160227,0.0823780050877097,0.541080309888374,0.311729157488042,377.60025974359
48,-1.41787913284394,4.74095605592086,1.66153846153846,-0.251148759746852,0.408800503353847,0.0788258718034973,-0.301732533897577,0.0683083523106229,-0.116712090793477,-0.19424657122726,0.21481097951727,0.0102822041450053,-0.255614783214308,0.16599199992171,-0.0448113916462988,-0.236050400172999,0.242363188552218,0.00315639418960956,-0.181683497973513,0.184290224724318,0.00130336337540262,0.0891539417390041,0.521242662041388,0.305198301890196,377.700256358974
49,-1.41787913284394,4.74095605592086,1.66153846153846,-0.236508160147811,0.309035895186165,0.036263867519177,-0.281838657370248,0.0890704440530474,-0.0963841066586003,-0.115292198471806,0.510604464194396,0.197656132861295,-0.251874231246689,0.652556624581791,0.200341196667551,-0.248165427056036,0.212873730361095,-0.0176458483474704,-0.186971633346043,0.180803706964764,-0.0030839631906398,-0.00983300186186719,0.414962896211893,0.202564947175013,377.800000692308
50,-1.41787913284394,4.74095605592086,1.66153846153846,-0.262514324823904,0.265686078798582,0.00158587698733903,-0.306374721993273,0.0494855707170349,-0.128444575638119,-0.0626241698594771,0.485977623710598,0.211676726925561,-0.254894938710333,0.552790246950403,0.148947654120035,-0.206557369278739,0.206385369084223,-8.6000097257902e-05,-0.174040398404225,0.210264203667749,0.0181119026317617,-0.0043305271349241,0.432730547978156,0.214200010421616,377.899997089744
51,-1.41787913284394,4.74095605592086,1.66153846153846,-0.304664028217546,0.269208873639052,-0.0177275772892468,-0.321653436853123,0.0507738954598359,-0.135439770696644,-0.0436686094017974,0.453216913558269,0.204774152078236,-0.253684691398507,0.37336386915945,0.0598395888804714,-0.142946303755047,0.265150521532907,0.0611021088889296,-0.184243610273948,0.221477839583235,0.0186171146546431,-0.0394914500185666,0.391236266581593,0.175872408281513,378.000256410256
52,-1.41787913284394,4.74095605592086,1.66153846153846,-0.289005036558854,0.185437350043913,-0.0517838432574708,-0.315892176978267,0.0564016850414972,-0.129745245968385,-0.0883108623273613,0.358824555857036,0.135256846764837,-0.226009818633596,0.204970112044724,-0.0105198532944357,-0.0949420188616654,0.354683214694909,0.129870597916622,-0.208828680120704,0.205939065811655,-0.00144480715452429,-0.0148594952377723,0.388204666459212,0.18667258561072,378.10025974359
53,-1.41787913284394,4.74095605592086,1.66153846153846,-0.304503691597158,0.0248324933274133,-0.139835599134872,-0.297028339524024,0.0932245658982326,-0.101901886812896,-0.147848591190958,0.269776836255507,0.0609641225322745,-0.24911072734532,0.144043594456085,-0.0525335664446174,-0.0607256236876669,0.413353430464885,0.176313903388609,-0.21702721315616,0.189026945626321,-0.0140001337649197,-0.0103297306972055,0.396823807167122,0.193247038234958,378.200256564103
54,-1.41787913284394,4.74095605592086,1.66153846153846,-0.240698379107602,0.0899011445476368,-0.0753986172799828,-0.290623425756698,0.155524537327033,-0.0675494442148326,-0.202150565152902,0.201579794037658,-0.000285385557621984,-0.268960826259203,0.0729890480596809,-0.0979858890997609,-0.0468872531838244,0.420812554881742,0.186962650848959,-0.215840325315247,0.177559302685147,-0.0191405113150499,0.00919406711841176,0.41450816928394,0.211851118201176,378.300000794872
55,-1.41787913284394,4.74095605592086,1.66153846153846,-0.227516446384672,0.123443306761448,-0.0520365698116122,-0.301070940293783,0.175721332808367,-0.0626748037427081,-0.232535324275109,0.19114320920129,-0.0206960575369096,-0.297498229680812,-0.0367165538685334,-0.167107391774673,-0.0277745743178837,0.439999696600875,0.206112561141496,-0.195687874112466,0.195270488923662,-0.000208692594401976,-0.0239994943592729,0.389594735028528,0.182797620334627,378.399997141026
56,-1.41787913284394,4.74095605592086,1.66153846153846,-0.24147856497691,0.0574526162049524,-0.0920129743859786,-0.357596705786793,0.0885695882558151,-0.134513558765489,-0.249882395359052,0.187186810626541,-0.0313477923662556,-0.362945595582933,-0.151958029873406,-0.257451812728169,-0.00224199580479082,0.462656915107202,0.230207459651206,-0.179211738140602,0.221721144552416,0.0212547032059069,-0.0547927776338085,0.352005679174464,0.148606450770328,378.500256410256
57,-1.41787913284394,4.74095605592086,1.66153846153846,-0.279651423194693,0.0254176305287231,-0.127116896332985,-0.346765361591496,0.0813780831430042,-0.132693639224246,-0.264205248859617,0.151528038436457,-0.0563386052115799,-0.380121875301706,-0.186594955577176,-0.283358415439441,0.0297528930332212,0.465933824174708,0.247843358603965,-0.190246013069564,0.200961366689927,0.00535767681018148,-0.0539891674547928,0.34209626487792,0.144053548711564,378.600259897436
58,-1.41787913284394,4.74095605592086,1.66153846153846,-0.204674212525266,0.180714181572262,-0.0119800154765018,-0.293187163314771,0.197640063266863,-0.047773550023954,-0.298677356582961,0.101029178318029,-0.0988240891324658,-0.372274638766768,-0.182602107589543,-0.277438373178155,0.00928746579551139,0.40561565540904,0.207451560602276,-0.198575672768215,0.175901556881145,-0.011337057943535,-0.057554445201861,0.346766718711041,0.14460613675459,378.700256717949
59,-1.41787913284394,4.74095605592086,1.66153846153846,-0.165249311311385,0.247996856393595,0.041373772541105,-0.21583897054201,0.361061325334638,0.072611177396314,-0.338375675617599,0.0491409513436795,-0.14461736213696,-0.368582177554195,-0.17750285599014,-0.273042516772167,-0.0305370259420351,0.379720990497482,0.174591982277723,-0.215672694207211,0.171197420160848,-0.0222376370231816,-0.0535738461132021,0.347086450285332,0.146756302086065,378.800000179487
60,-1.41787913284394,4.74095605592086,1.66153846153846,-0.161153882637393,0.238634809457143,0.0387404634098751,-0.179011157745054,0.40827390496404,0.114631373609493,-0.343564213478676,0.0338620890191095,-0.154851062229783,-0.368391950261452,-0.169463111569084,-0.268927530915268,-0.0903109685349585,0.389295185231693,0.149492108348367,-0.20514858223691,0.224243339266464,0.00954737851477736,-0.0754842164201707,0.339027791295633,0.131771787437731,378.899998782051
61,-1.41787913284394,4.74095605592086,1.66153846153846,-0.191403238678308,0.183719972652884,-0.0038416330127124,-0.198529534645238,0.405604722776671,0.103537594065717,-0.334111679447598,0.00753580646840077,-0.163287936489598,-0.385240528278641,-0.140595814999894,-0.262918171639267,-0.117836744203957,0.425152334759043,0.153657795277543,-0.208032448228377,0.242275572688126,0.0171215622298743,-0.104898784498117,0.324461199058923,0.109781207280403,379.000000512821
62,-1.41787913284394,4.74095605592086,1.66153846153846,-0.198143529833397,0.20974319527778,0.00579983272219189,-0.203752612142534,0.401856800627536,0.0990520942425009,-0.314027545441799,0.00987668627724373,-0.152075429582278,-0.388621451451413,-0.12233982382804,-0.255480637639726,-0.0796229688559121,0.457812205314807,0.189094618229448,-0.191525330600529,0.27209683127571,0.0402857503375902,-0.0987305212305012,0.356362758494157,0.128816118631828,379.100004474359
63,-1.41787913284394,4.74095605592086,1.66153846153846,-0.215486543478851,0.313005145481932,0.0487593010015405,-0.177112822942458,0.408825171374792,0.115856174216167,-0.282138679268506,0.0846166754841256,-0.09876100189219,-0.395026438005686,-0.136992187284097,-0.266009312644891,-0.0718444503368226,0.440581116845317,0.184368333254247,-0.184391033307582,0.267667837125435,0.0416384019089263,-0.0799137910498068,0.405603205393232,0.162844707171712,379.200256564103
64,-1.41787913284394,4.74095605592086,1.66153846153846,-0.244425707387624,0.246376950812827,0.000975621712601743,-0.189936661323499,0.403572238812143,0.106817788744322,-0.234459898115776,0.189739247058873,-0.0223603255284516,-0.404964019836785,-0.178518985522989,-0.291741502679887,-0.0805592495842623,0.433262932740951,0.176351841578344,-0.172984347644046,0.274737855674894,0.0508767540154244,-0.0957546872241835,0.386198259210752,0.145221785993284,379.300000282051
65,-1.41787913284394,4.74095605592086,1.66153846153846,-0.238310457723051,0.241401715600136,0.00154562893854277,-0.21091399656642,0.401158681312474,0.0951223423730271,-0.207812697833502,0.248708369816681,0.0204478359915895,-0.417554672818251,-0.226678970493954,-0.322116821656102,-0.0644510981423691,0.480112251430731,0.207830576644181,-0.205220280282108,0.267670186687416,0.0312249532026544,-0.136985017984973,0.317770264497305,0.0903926232561659,379.399997038462
66,-1.41787913284394,4.74095605592086,1.66153846153846,-0.286370065320443,0.0552309367611186,-0.115569564279662,-0.215372199366694,0.338464147004179,0.0615459738187423,-0.196665026015498,0.247631407205095,0.0254831905947987,-0.398905667947123,-0.213572679748686,-0.306239173847905,-0.0457167519533029,0.487850408117635,0.221066828082166,-0.207076277590551,0.318109919866656,0.0555168211380527,-0.210965932797535,0.21936747904052,0.00420077312149251,379.500256410256
67,-1.41787913284394,4.74095605592086,1.66153846153846,-0.265422713843669,0.109572220186746,-0.0779252468284617,-0.217693599662015,0.299608431932393,0.0409574161351887,-0.219777335812073,0.173219404721657,-0.023278965545208,-0.335318301320698,-0.106277255824425,-0.220797778572561,-0.00548791428945642,0.492505265872181,0.243508675791362,-0.187515805704867,0.354681047489593,0.0835826208923632,-0.226805783341932,0.206617134402651,-0.0100943244696404,379.600259897436
68,-1.41787913284394,4.74095605592086,1.66153846153846,-0.316818283539425,0.115376365435286,-0.10072095905207,-0.225853176565957,0.256966031471724,0.0155564274528837,-0.237331151195086,0.127824449592243,-0.0547533508014213,-0.299072643008299,-0.0317028585624739,-0.165387750785387,-0.0498185798555369,0.441240483946374,0.195710952045419,-0.133885832722376,0.399195932749793,0.132655050013708,-0.228585231634991,0.189084731806936,-0.0197502499140278,379.700256358974
69,-1.41787913284394,4.74095605592086,1.66153846153846,-0.245179112382711,0.243768319814018,-0.000705396284346381,-0.255758026630396,0.181637190605247,-0.0370604180125746,-0.240340105267254,0.132229641070314,-0.0540552320984702,-0.276233934375475,0.0249613484017567,-0.125636292986859,-0.0731962990354216,0.428756673036474,0.177780187000526,-0.115327598879289,0.358018194465928,0.121345297793319,-0.18838524572015,0.215150474502692,0.013382614391271,379.800000282051
70,-1.41787913284394,4.74095605592086,1.66153846153846,-0.245272696394768,0.2331622607442,-0.00605521782528408,-0.248154586544717,0.149352001585822,-0.0494012924794472,-0.218143712422951,0.210218933060345,-0.00396238968130313,-0.31364647150974,0.0484781848891101,-0.132584143310315,-0.166116960368668,0.327184958338523,0.0805339989849279,-0.107102690630695,0.349961977366555,0.12142964336793,-0.171146063431119,0.233699721653779,0.03127682911133,379.899997089744
71,-1.41787913284394,4.74095605592086,1.66153846153846,-0.224438659923306,0.236748739332072,0.00615503970438276,-0.220410706318252,0.225500266000123,0.00254477984093544,-0.230462051413581,0.238049915634834,0.00379393211062655,-0.290811821537627,0.123633109041399,-0.0835893562481142,-0.23502713747927,0.283842839318185,0.0244078509194576,-0.111434995490694,0.363348834087154,0.12595691929823,-0.153766963936682,0.268241663673251,0.0572373498682843,380.000257435897
72,-1.41787913284394,4.74095605592086,1.66153846153846,-0.277596953628205,0.116728825030348,-0.0804340642989284,-0.175417845973205,0.361617500368012,0.0930998271974035,-0.291077869718886,0.191483219911952,-0.049797324903467,-0.278279307935893,0.0983692101432339,-0.0899550488963294,-0.282313967023581,0.26367521537901,-0.00931937582228554,-0.0963842187117349,0.439477706321842,0.171546743805054,-0.151934628068829,0.296487394383126,0.0722763831571486,380.100259897436
73,-1.41787913284394,4.74095605592086,1.66153846153846,-0.266323066015122,0.0779861643759862,-0.0941684508195678,-0.163478499963731,0.395598789660809,0.116060144848539,-0.39294842510061,0.116961744391971,-0.13799334035432,-0.251413066442615,0.0653536417270688,-0.0930297123577733,-0.298275957674663,0.258466874799161,-0.0199045414377511,-0.0657071509561229,0.528918383451962,0.23160561624792,-0.127423302912992,0.31826840467115,0.0954225508790789,380.200257897436
74,-1.41787913284394,4.74095605592086,1.66153846153846,-0.251003555701991,0.244184035212005,-0.00340976024499307,-0.171687134148197,0.368505748187056,0.0984093070194298,-0.418959503472314,0.121639487804991,-0.148660007833661,-0.251715556731716,0.0351610030341649,-0.108277276848776,-0.295953704910502,0.212903241417615,-0.0415252317464433,-0.0495173919650721,0.523278095906533,0.23688035197073,-0.161927363440681,0.263587492767742,0.0508300646635304,380.300000897436
75,-1.41787913284394,4.74095605592086,1.66153846153846,-0.260127445308853,0.314660781922711,0.0272666683069288,-0.178905914032441,0.345824719373415,0.0834594026704869,-0.393440720582301,0.201034600204257,-0.0962030601890218,-0.249885019996215,0.0288454897260123,-0.110519765135101,-0.235293376027077,0.267013897813114,0.0158602608930183,-0.0538979971437585,0.491054535933156,0.218578269394699,-0.22063886067494,0.204370949245801,-0.00813395571456933,380.399998064103
76,-1.41787913284394,4.74095605592086,1.66153846153846,-0.281032510044832,0.27855041311416,-0.00124104846533645,-0.147552892417595,0.357201083753789,0.104824095668097,-0.324940472835874,0.242974718207813,-0.0409828773140304,-0.267050668049424,-0.00340144592419935,-0.135226056986812,-0.226650485369642,0.292286541953486,0.0328180282919223,-0.0729112066940414,0.47231099226782,0.199699892786889,-0.295070323167853,0.161757015116994,-0.0666566540254292,380.500259641026
77,-1.41787913284394,4.74095605592086,1.66153846153846,-0.313812316249285,0.167637893396782,-0.0730872114262511,-0.13025533345551,0.3770529541493,0.123398810346895,-0.304068270651471,0.209378238970564,-0.0473450158404536,-0.275654262996358,-0.0110659369503858,-0.143360099973372,-0.204504110869799,0.338479058916268,0.0669874740232343,-0.0776176149407725,0.485509411101562,0.203945898080395,-0.302792872740809,0.159782153448883,-0.0715053596459625,380.600261179487
78,-1.41787913284394,4.74095605592086,1.66153846153846,-0.256257826203027,0.274740350310678,0.00924126205382567,-0.169096271612331,0.390651572293123,0.110777650340396,-0.29575264201171,0.151264750138477,-0.0722439459366165,-0.292203350929118,-0.0268704243864116,-0.159536887657765,-0.265938101148408,0.260627494804792,-0.00265530317180823,-0.103178337340737,0.481589522212486,0.189205592435874,-0.297963676744037,0.165460166103458,-0.0662517553202892,380.700257846154
79,-1.41787913284394,4.74095605592086,1.66153846153846,-0.187019114050276,0.431852523546149,0.122416704747936,-0.270790196528804,0.307943641362816,0.0185767224170061,-0.304479368432534,0.117096225359348,-0.0936915715365932,-0.3013931586124,-0.0241751597059807,-0.16278415915919,-0.274771422430182,0.239261421162372,-0.017755000633905,-0.128082119867379,0.463723210802386,0.167820545467503,-0.295694250093857,0.17351394924338,-0.0610901504252383,380.800002948718
80,-1.41787913284394,4.74095605592086,1.66153846153846,-0.189671767339222,0.522549255449908,0.166438744055343,-0.315929592914257,0.211108590008377,-0.0524105014529399,-0.287976424604335,0.132234543626688,-0.0778709404888236,-0.326888127251098,0.04851527977374,-0.139186423738679,-0.227762849185642,0.24334607265817,0.00779161173626383,-0.141689654801562,0.467858589553412,0.163084467375925,-0.24949715196162,0.242214379283596,-0.00364138633901247,380.899997089744
81,-1.41787913284394,4.74095605592086,1.66153846153846,-0.205322514505352,0.63741089215415,0.216044188824399,-0.366121926087283,0.0886824230949458,-0.138719751496168,-0.261054162230634,0.178246173594418,-0.0414039943181076,-0.323281683395451,0.0667208436773361,-0.128280419859057,-0.127936340955568,0.356917671796379,0.114490665420405,-0.141650103907026,0.462278877702475,0.160314386897725,-0.21750958863974,0.302417112025355,0.0424537616928074,381.000256564103
82,-1.41787913284394,4.74095605592086,1.66153846153846,-0.200478497092533,0.678851218176701,0.239186360542084,-0.306799767101069,0.258767128217269,-0.0240163194418998,-0.248300717183245,0.174531285492727,-0.0368847158452592,-0.314496860135458,0.356822387476184,0.0211627636703628,-0.0538674471386886,0.48386854472877,0.21500054879504,-0.208480135810151,0.376339608584595,0.0839297363872222,-0.234199852337163,0.284017236224331,0.024908691943584,381.100003512821
83,-1.41787913284394,4.74095605592086,1.66153846153846,-0.166997167409425,0.675622724533093,0.254312778561834,-0.269798845300431,0.259649491462839,-0.00507467691879628,-0.282227997757673,0.109174632542714,-0.0865266826074794,-0.278552572502275,0.159529066948736,-0.0595117527767694,-0.0628597941379216,0.490808119588431,0.213974162725255,-0.240130564239258,0.279881862821312,0.0198756492910269,-0.194811839872124,0.309570842285968,0.0573795012069221,381.200002910256
84,-1.38153889800869,4.74564146211126,1.68205128205128,-0.199932278858023,0.51782109136987,0.158944406255924,-0.257620184195264,0.204959573953098,-0.0263303051210831,-0.339128011120351,0.00418189787139858,-0.167473056624476,-0.251959174547972,0.0619994009982237,-0.0949798867748743,-0.124982239525522,0.382342097243247,0.128679928858862,-0.227547528731609,0.237292560783635,0.00487251602601315,-0.113728278278205,0.38808162467753,0.137176673199662,381.300000384615
85,-1.33354354997003,4.65662047304696,1.66153846153846,-0.264433261189504,0.313960107629135,0.024763423219815,-0.282966277687747,0.164590278551216,-0.0591879995682656,-0.39235855557145,-0.0436696244748791,-0.218014090023165,-0.254171610324156,0.0481646235815851,-0.103003493371285,-0.196749576222388,0.237443118787816,0.0203467712827137,-0.197149296526085,0.256572569813728,0.0297116366438215,-0.0413184503495357,0.472872880742748,0.215777215196606,381.399996935897
86,-1.25782991718967,4.42706068642044,1.58461538461538,-0.281495562334679,0.0877578817104716,-0.0968688403121037,-0.293016443350231,0.219006404910296,-0.0370050192199677,-0.386140704676771,-0.016310840021566,-0.201225772349169,-0.258010919822918,0.0161669174491461,-0.120922001186886,-0.228381936909817,0.170457347871649,-0.028962294519084,-0.162283386437419,0.336975812111823,0.0873462128372018,-0.0393560495771538,0.481983417671316,0.221313684047081,381.500257794872
87,-1.19230603788229,4.22820347377973,1.51794871794872,-0.327402960641376,0.0122327562142467,-0.157585102213564,-0.254082655551556,0.288724507299768,0.0173209258741057,-0.356564736664037,0.0626798245135471,-0.146942456075245,-0.262150815426602,0.0410930105406615,-0.11052890244297,-0.230168006602693,0.203250694611374,-0.0134586559956593,-0.161792907986381,0.394527497585408,0.116367294799514,-0.110659318791422,0.402560063997439,0.145950372603008,381.60026148718
88,-1.13191267891087,4.04473319173138,1.45641025641026,-0.386826184021257,-0.0803690380017606,-0.233597611011509,-0.207145584429638,0.349246137725152,0.0710502766477567,-0.338632538118379,0.11889891902855,-0.109866809544914,-0.265863793846265,0.0291098793996945,-0.118376957223285,-0.186934975004394,0.286051633800235,0.0495583293979204,-0.172559868286288,0.408392742842534,0.117916437278123,-0.226375288537277,0.275651878166335,0.0246382948145293,381.700256769231
89,-1.09283768283355,3.94411973411561,1.42564102564103,-0.37597073798584,-0.104839012579542,-0.240404875282691,-0.240862098490081,0.307787364994373,0.0334626332521464,-0.335658832595847,0.162943194037096,-0.0863578192793753,-0.266864505602036,0.0726640603362796,-0.0971002226328783,-0.129478085158904,0.388788645607601,0.129655280224349,-0.170893946278899,0.415187632583862,0.122146843152481,-0.302011836532041,0.222179282499322,-0.0399162770163597,381.80000048718
90,-1.07516840534572,3.92645045662777,1.42564102564103,-0.40007398874479,-0.0315560001084585,-0.215814994426624,-0.288994427449699,0.269526343209045,-0.00973404212032655,-0.294505676185083,0.174150821261944,-0.0601774274615694,-0.266656725786487,0.163597927736597,-0.0515293990249454,-0.0988953832545917,0.428299542811175,0.164702079778291,-0.208824043924229,0.370898156761049,0.0810370564184102,-0.334362503511486,0.205615965170794,-0.0643732691703461,381.899998474359
91,-1.06516110855361,3.89593033932284,1.41538461538462,-0.395692369304271,-0.00584510550898086,-0.200768737406626,-0.329653905202355,0.198748320312282,-0.0654527924450367,-0.311790532067962,0.170717882352966,-0.070536324857498,-0.29239097200663,0.30411956914067,0.00586429856701985,-0.124095386665568,0.420329577945054,0.148117095639743,-0.218313106736958,0.358221155397389,0.0699540243302152,-0.318447735238453,0.209717150407276,-0.0543652924155886,382.000257384615
92,-1.02417723235897,3.82417723235897,1.4,-0.388016214556022,0.0143793422411353,-0.186818436157444,-0.344206489916642,0.123335884115408,-0.110435302900617,-0.341414915030383,0.13603100317214,-0.102691955929121,-0.305337176236964,0.296125625311115,-0.00460577546292483,-0.174708814919754,0.388968458325263,0.107129821702754,-0.24004198442603,0.305344597969008,0.0326513067714889,-0.289197268545066,0.215291383379999,-0.0369529425825334,382.100262205128
93,-0.990807069937628,3.73952501865558,1.37435897435897,-0.405902074372988,-0.113014410989584,-0.259458242681286,-0.361453932974958,0.0867834064684109,-0.137335263253274,-0.348453261543578,0.0982256771897934,-0.125113792176893,-0.312562316702751,0.242469699578491,-0.0350463085621303,-0.211302253924098,0.362096509345672,0.0753971277107867,-0.204468617851848,0.337511966667948,0.06652167440805,-0.282774049519487,0.213049109995555,-0.034862469761966,382.200256564103
94,-0.973789664557709,3.77378966455771,1.4,-0.364591020360206,-0.0967446112356681,-0.230667815797937,-0.394513012688385,0.0532099079660473,-0.170651552361169,-0.339739053228784,0.0794032284807818,-0.130167912374001,-0.334202552204893,0.118998492393003,-0.107602029905945,-0.235781278616883,0.323318084429758,0.0437684029064377,-0.0924310226347526,0.476019431514747,0.191794204439997,-0.227553775359519,0.247415280514081,0.00993075257728126,382.300000179487
95,-0.96566020513495,3.7143781538529,1.37435897435897,-0.378807404431969,-0.0780106455760975,-0.228409025004033,-0.362199935113658,0.110288238089493,-0.125955848512082,-0.340140967980559,0.113966152322364,-0.113087407829098,-0.339404935499609,0.0125117878458439,-0.163446573826883,-0.244209267793662,0.310981405621947,0.0333860689141429,0.00144092975420374,0.615367537515819,0.308404233635011,-0.158991567114361,0.300858614932316,0.0709335239089773,382.399998628205
96,-0.941878446658072,3.6700835748632,1.36410256410256,-0.289486239283445,0.105292891493736,-0.0920966738948549,-0.315162651274599,0.183250843878403,-0.0659559036980978,-0.367909028597457,0.0799765764280606,-0.143966226084698,-0.349858433538488,-0.0480667012635321,-0.19896256740101,-0.279491893636682,0.263374152356295,-0.0080588706401933,0.0458728871783508,0.668468451322423,0.357170669250387,-0.0647004669838345,0.385036371968574,0.16016795249237,382.500256717949
97,-0.833891572070312,3.70568644386518,1.43589743589744,-0.313337503269061,0.182593123316833,-0.065372189976114,-0.290406060857662,0.225373878902423,-0.0325160909776195,-0.369008395152652,0.0805355420082404,-0.144236426572206,-0.301900314629512,-0.0459529526936122,-0.173926633661562,-0.365086170866012,0.168047836363696,-0.0985191672511582,0.0457448247353775,0.692938590472987,0.369341707604182,-0.0445886965686787,0.4745280893734,0.214969696402361,382.600259897436
98,-0.690456583347882,3.79814889104019,1.55384615384615,-0.341244659687851,0.214734146074316,-0.0632552568067678,-0.280705560103293,0.259437950065424,-0.0106338050189346,-0.34255751489541,0.078875036576792,-0.131841239159309,-0.230507641908999,0.156200952601167,-0.0371533446539161,-0.446777386439068,0.0429814308592523,-0.201897977789908,0.0440030891057244,0.656079841034732,0.350041465070228,-0.0575312575098283,0.493448368788873,0.217958555639522,382.700257025641
99,-0.592695126308254,3.79269512630825,1.6,-0.278917308212678,0.142393967711973,-0.0682616702503525,-0.28163279234043,0.258139870077289,-0.0117464611315701,-0.327263525177792,0.0538543917824965,-0.136704566697648,-0.194298089131039,0.324906843943102,0.0653043774060313,-0.489136064601821,-0.0473091144948278,-0.268222589548324,0.0702464561640913,0.631884199182384,0.351065327673237,-0.100835147619397,0.437341214650102,0.168253033515352,382.800000179487
100,-0.486191741366929,3.73747379264898,1.62564102564103,-0.280023346202338,0.178780862414717,-0.0506212418938108,-0.324668220938794,0.178798149272572,-0.0729350358331109,-0.306265813726737,0.0523235488174503,-0.126971132454643,-0.19661495999362,0.323048042450397,0.0632165412283883,-0.487416917129762,-0.0366251372627184,-0.26202102719624,0.0890913824109367,0.662480098598366,0.375785740504651,-0.105178396300168,0.408147017051209,0.15148431037552,382.899997551282
101,-0.390577916099811,3.72391124943314,1.66666666666667,-0.24976242921817,0.223685555828302,-0.0130384366949342,-0.415733659428206,0.0293572306911235,-0.193188214368541,-0.241065797368628,0.121334682713866,-0.0598655573273809,-0.196682816306223,0.188222992919283,-0.00422991169347022,-0.494917639915521,-0.0382691525617257,-0.266593396238623,0.13679266843292,0.737946506283363,0.437369587358141,-0.0654697858272336,0.43924793548442,0.186889074828593,383.000256410256
102,-0.302945129525588,3.69781692439738,1.6974358974359,-0.265687500649271,0.219071866590589,-0.0233078170293407,-0.488331801192436,-0.0829094425804296,-0.285620621886433,-0.181169448130232,0.251712640070578,0.0352715959701731,-0.223087690901071,0.131248674344613,-0.0459195082782286,-0.517819509097441,-0.0566815973113055,-0.287250553204373,0.155118816648333,0.750456380276674,0.452787598462503,-0.0786686891877189,0.426705356859115,0.174018333835698,383.10025974359
103,-0.227907753352036,3.76636929181357,1.76923076923077,-0.197180441256142,0.265141903130954,0.0339807309374062,-0.555137374584373,-0.114424173479626,-0.334780774032,-0.163271558808724,0.292078758931526,0.0644036000614009,-0.217980431629939,0.182624626649993,-0.017677902489973,-0.479464944298757,0.0343078836530843,-0.222578530322836,0.161503743079595,0.760436056749381,0.460969899914488,-0.050771648763553,0.484594534511331,0.216911442873889,383.200257179487
104,-0.185174676939927,3.92876442052967,1.87179487179487,-0.171828686706513,0.530096773445468,0.179134043369478,-0.558411893666945,-0.0818865682500715,-0.320149230958508,-0.203542188301569,0.258984676168323,0.0277212439333773,-0.216777122801188,0.163192083112426,-0.0267925198443808,-0.420844458813045,0.10335482516838,-0.158744816822333,0.150195442994008,0.736783089792707,0.443489266393357,-0.0668878675853438,0.514691384330902,0.223901758372779,383.300000538462
105,-0.169007078095994,3.99464810373702,1.91282051282051,-0.135124199012649,0.605870794822878,0.235373297905115,-0.556668371685758,-0.013659886190183,-0.28516412893797,-0.217583710065606,0.188936341367832,-0.0143236843488867,-0.220272489212883,0.197707233955176,-0.0112826276288538,-0.366032444370597,0.158428398456163,-0.103802022957217,0.128562795394882,0.707530305867197,0.41804655063104,0.0127025489409962,0.607291773835328,0.309997161388162,383.39999775641
106,-0.150567360298114,3.99672120645196,1.92307692307692,-0.106993551216122,0.503949417052187,0.198477932918033,-0.549127975398865,0.0385121353978761,-0.255307920000494,-0.214209764684334,0.187236814128434,-0.0134864752779501,-0.213922849750132,0.243383943111007,0.0147305466804376,-0.346069612533626,0.1581014842724,-0.093984064130613,0.108246825078567,0.680721533035133,0.39448417905685,0.0694442574764276,0.664320388247029,0.366882322861728,383.500257179487
107,-0.139146566025753,3.96478759166678,1.91282051282051,-0.184523400435809,0.283340249655888,0.0494084246100395,-0.544952343979189,0.0860724232721031,-0.229439960353543,-0.179824950794374,0.219424311541745,0.0197996803736855,-0.232789936364299,0.227153442280175,-0.0028182470420623,-0.347050321646467,0.185263674474325,-0.0808933235860707,0.109381193900409,0.664083067290715,0.386732130595562,0.123126105053572,0.706261085348541,0.414693595201057,383.60025974359
108,-0.12146003725556,3.94710106289659,1.91282051282051,-0.23550456609822,0.174280112370475,-0.0306122268638723,-0.548372192426332,0.0552602102348698,-0.246555991095731,-0.157692479713506,0.287330376223639,0.0648189482550665,-0.241088682738744,0.178281865382988,-0.0314034086778779,-0.331109978795506,0.212881467951334,-0.059114255422086,0.138637364095427,0.701608877613694,0.42012312085456,0.152650198480177,0.723292748632564,0.437971473556371,383.700256358974
109,-0.113220036280459,3.97988670294713,1.93333333333333,-0.248506260131026,0.184997680089389,-0.0317542900208189,-0.562371364596469,-0.0234770741363274,-0.292924219366398,-0.145386664478552,0.345002072472505,0.0998077039969766,-0.280726953911442,0.127988063916207,-0.0763694449976174,-0.313126665796778,0.226629194827135,-0.0432487354848211,0.164955605171447,0.74687043479639,0.455913019983919,0.145243433799219,0.694117383849252,0.419680408824235,383.800000282051
110,-0.103968843155931,4.10396884315593,2,-0.246997037786768,0.164499493222387,-0.0412487722821906,-0.589269279086859,-0.089228749430839,-0.339249014258849,-0.128880122140433,0.402316621394426,0.136718249626997,-0.268673113545077,0.0839592539352463,-0.0923569298049152,-0.348845977055349,0.213154460229164,-0.0678457584130921,0.212017113078452,0.77924493364486,0.495631023361656,0.15386350455976,0.693806995042124,0.423835249800942,383.899997346154
111,-0.0945350303067325,4.20735554312724,2.05641025641026,-0.214123350270833,0.212147531535812,-0.000987909367510479,-0.559786688858668,-0.086182352807829,-0.322984520833249,-0.0855768324854173,0.484775740930388,0.199599454222486,-0.305381589466576,0.174123751272966,-0.0656289190968049,-0.450018635097034,0.153656680950224,-0.148180977073405,0.224237464818818,0.751198918766936,0.487718191792877,0.14401767528484,0.638323306001384,0.391170490643113,384.000257948718
112,0.0561104200131918,4.35414599024322,2.20512820512821,-0.18650841346969,0.272537819627334,0.0430147030788218,-0.495467707945809,0.00493878415732897,-0.24526446189424,-0.069378218494638,0.474974167084505,0.202797974294933,-0.295409438604372,0.145819612647082,-0.074794912978645,-0.525293657617784,0.0868086882527365,-0.219242484682524,0.16077116938166,0.714901339923972,0.437836254652816,0.0846599060330673,0.575839307424392,0.33024960672873,384.100259897436
113,0.202056821212677,4.67999446083861,2.44102564102564,-0.154907641244538,0.281389334754549,0.0632408467550054,-0.476693561038838,0.0287019575637736,-0.223995801737532,-0.046218636326123,0.486221341935798,0.220001352804837,-0.28059974156258,0.121428588595586,-0.0795855764834972,-0.575165283114376,0.0496754563121119,-0.262744913401132,0.066442946512592,0.660691209852319,0.363567078182455,-0.0170781828642303,0.503998573658723,0.243460195397246,384.200256717949
114,0.282025912227401,4.96925613905465,2.62564102564103,-0.202026731996939,0.158680198181916,-0.0216732669075113,-0.478905518321121,0.00802422236353341,-0.235440647978794,-0.0374251961356296,0.481819983204974,0.222197393534672,-0.277096392842537,0.0299073673768403,-0.123594512732848,-0.569172056975897,0.0814458932471704,-0.243863081864363,0.0193789983187606,0.633116856966067,0.326247927642414,-0.0925692849678907,0.464265960938344,0.185848337985227,384.30000074359
115,0.333404234627967,5.2358265346028,2.78461538461538,-0.232720524862722,0.086458697079961,-0.0731309138913804,-0.531653030932606,-0.0654334971268502,-0.298543264029728,-0.00567357240517806,0.557554376273106,0.275940401933964,-0.284143563961132,0.00456522478675618,-0.139789169587188,-0.528997449874826,0.150923043707138,-0.189037203083844,-0.0132236750122796,0.594656778759649,0.290716551873685,-0.0958256543257505,0.468896133123196,0.186535239398723,384.399996987179
116,0.386405233874976,5.41872297125323,2.9025641025641,-0.224258237228121,0.0595257698965145,-0.0823662336658034,-0.537293106208543,-0.0264493589190246,-0.281871232563784,-0.0129205737417947,0.59883879111943,0.292959108688818,-0.283848792455022,0.0396419582485897,-0.122103417103216,-0.479770417898961,0.163759990530185,-0.158005213684388,-0.0897484925782897,0.492289480276331,0.201270493849021,-0.0834839058765503,0.455039023064324,0.185777558593887,384.500256871795
117,0.427290183906787,5.58296622634962,3.00512820512821,-0.250467799875767,0.0827483106990897,-0.0838597445883384,-0.545692107291238,0.00534777692809743,-0.27017216518157,-0.0264502821348564,0.600643781603295,0.287096749734219,-0.29074511169215,0.0122004283832516,-0.139272341654449,-0.399867832740402,0.176294638607523,-0.11178659706644,-0.127825274007235,0.446847561382898,0.159511143687831,-0.155049402090042,0.384690021580848,0.114820309745403,384.60025974359
118,0.532112529597135,5.77557977809517,3.15384615384615,-0.307320931900454,0.0771540435293977,-0.115083444185528,-0.513909549015917,0.0316808113773016,-0.241114368819308,-0.0692050699153313,0.528011598967768,0.229403264526218,-0.243023671187492,0.136730720383462,-0.0531464754020148,-0.285006645134775,0.23963145970738,-0.0226875927136977,-0.114625242801176,0.450532094726616,0.16795342596272,-0.252915785739832,0.301145115760568,0.0241146650103681,384.700256923077
119,0.776461524376569,6.10558975767471,3.44102564102564,-0.278364817945917,0.164495311532967,-0.0569347532064748,-0.507304072713456,-0.0529414336753471,-0.280122753194402,-0.127594388802664,0.43387803075342,0.153141820975378,-0.219133237667189,0.205151230247507,-0.00699100370984128,-0.244144533920456,0.270969612868748,0.0134125394741457,-0.0839388003575685,0.474601422361191,0.195331311001811,-0.238901447548536,0.303577931189787,0.0323382418206253,384.800000692308
120,1.35733806066725,6.90932860599941,4.13333333333333,-0.236985688558744,0.169054561401319,-0.0339655635787127,-0.469423050782469,-0.084127169643128,-0.276775110212799,-0.160765729856667,0.396094157592383,0.117664213867858,-0.154915611657055,0.323883212576347,0.0844838004596463,-0.273063696798855,0.265521645865255,-0.00377102546679973,-0.0984454446255389,0.435342973065202,0.168448764219832,-0.173002774677716,0.34590908656303,0.086453155942657,384.899997192308
121,1.87606515756771,7.88803740653486,4.88205128205128,-0.24181502554211,0.131148813729308,-0.0553331059064011,-0.422180210606817,-0.0611529906960195,-0.241666600651418,-0.119942401853286,0.391132386523723,0.135594992335219,-0.185067601829528,0.426886373018466,0.120909385594469,-0.341078716271779,0.195901253472188,-0.0725887313997957,-0.155975230788603,0.367429143740428,0.105726956475912,-0.152930116973873,0.327461722616841,0.0872658028214843,385.00025825641
122,2.00253519805683,8.20259300707138,5.1025641025641,-0.294084061052316,0.0704767436077635,-0.111803658722276,-0.373621449722951,0.0130262031358619,-0.180297623293544,-0.123653435990485,0.355787897600622,0.116067230805068,-0.190593783117009,0.389188139528901,0.0992971782059458,-0.269695685926681,0.24909518080907,-0.0103002525588057,-0.207271051809907,0.302275631632839,0.0475022899114658,-0.215277145245044,0.270595099532864,0.0276589771439102,385.100260974359
123,2.07992249162198,8.34059032889084,5.21025641025641,-0.3418443087895,0.00957975239165598,-0.166132278198922,-0.336802943262285,0.112740701668519,-0.112031120796883,-0.207892851440271,0.2847224974498,0.0384148230047641,-0.146040546845453,0.376500844238188,0.115230148696367,-0.176253079917939,0.319528636629649,0.0716377783558552,-0.21097604593925,0.283278435205494,0.0361511946331222,-0.286545660128567,0.23430048630113,-0.0261225869137185,385.200256512821
124,2.21098951049208,8.6710617715592,5.44102564102564,-0.375815488671039,-0.0665267138342078,-0.221171101252623,-0.330958165170536,0.211192650701957,-0.0598827572342896,-0.282809272120565,0.175408620743928,-0.0537003256883188,-0.179322469350071,0.442657459689955,0.131667495169942,-0.108551325431059,0.346821747121401,0.119135210845171,-0.171235122125752,0.316228587632684,0.0724967327534659,-0.320014345732519,0.202805827907674,-0.0586042589124227,385.300000384615
125,2.36128074800329,8.93102694430441,5.64615384615385,-0.391179198866527,-0.0851772011242215,-0.238178199995375,-0.354227981423576,0.224545855669768,-0.0648410628769039,-0.278207960354465,0.3569980327128,0.0393950361791679,-0.248424326041514,0.576405456941102,0.163990565449794,-0.176328051306298,0.254658569988964,0.0391652593413331,-0.142453116491817,0.34865179480879,0.103099339158486,-0.357962178339113,0.156318647143509,-0.100821765597802,385.399997089744
126,2.47927692090283,9.03867179704589,5.75897435897436,-0.321542521238402,0.0254993809718575,-0.148021570133272,-0.34054115192067,0.202368779804966,-0.0690861860578519,-0.221964076079315,0.286961575441749,0.0324987496812169,-0.313397094347995,0.486523242363071,0.0865630740075383,-0.222052216490625,0.208189688069004,-0.00693126421081071,-0.113253191290261,0.368063999239372,0.127405403974556,-0.381517546081513,0.114069962867419,-0.133723791607047,385.500257025641
127,2.78065868090077,9.34241824217615,6.06153846153846,-0.292999953972469,0.131413065330959,-0.0807934443207553,-0.321183046052456,0.185830620021424,-0.0676762130155161,-0.203097901821001,0.249009947820603,0.0229560229998009,-0.299855050577586,0.4447979532564,0.0724714513394072,-0.266505655387599,0.167060749057089,-0.049722453165255,-0.0921938049942615,0.386978106043626,0.147392150524682,-0.39177758204431,0.11621130847932,-0.137783136782495,385.600260923077
128,3.15442993537338,9.85069826975483,6.5025641025641,-0.281539984180945,0.146454045741419,-0.067542969219763,-0.325014038800724,0.169244539141714,-0.0778847498295051,-0.207571882628131,0.219621168790387,0.00602464308112835,-0.219747197504146,0.426412493914194,0.103332648205024,-0.313938450284833,0.137594587040498,-0.0881719316221675,-0.0110659093851106,0.500394553099445,0.244664321857167,-0.403372923378363,0.10961627479974,-0.146878324289312,385.700258974359
129,3.2753791873671,10.0989797869919,6.68717948717949,-0.316893493217244,0.0668557125520265,-0.125018890332609,-0.345795889054479,0.14790444861859,-0.0989457202179447,-0.22869716417249,0.222475056770859,-0.00311105370081522,-0.179694191676239,0.509717539809417,0.165011674066589,-0.307833990930631,0.14397951635242,-0.0819272372891054,0.0509924249953997,0.586807057861635,0.318899741428517,-0.369717800371773,0.128808565455934,-0.12045461745792,385.800001923077
130,3.31382474844023,10.2041239695085,6.75897435897436,-0.359417176339327,0.0364744033094368,-0.161471386514945,-0.358989419834677,0.110751865080831,-0.124118777376923,-0.240154391679893,0.234808624697758,-0.00267288349106768,-0.178889817070265,0.432658846618991,0.126884514774363,-0.263640299056267,0.17690308977928,-0.0433686046384933,0.0556100304979742,0.589542728220794,0.322576379359384,-0.355446732578815,0.145591640947832,-0.104927545815491,385.899998525641
131,3.36400701626597,10.3077878555289,6.83589743589744,-0.392948491981116,-0.0358964674738631,-0.21442247972749,-0.348738130262881,0.13201271588301,-0.108362707189935,-0.238841433553931,0.196741169614271,-0.0210501319698301,-0.154651475248528,0.433885569845245,0.139617047298358,-0.197784872174876,0.226875257301327,0.0145451925632254,-0.0056713240040075,0.488237234194271,0.241282955095132,-0.353987447724009,0.140490564843326,-0.106748441440342,386.000256564103
132,3.71771178229883,10.8258779612909,7.27179487179487,-0.400763426970858,-0.0232129178112753,-0.211988172391067,-0.335081053873346,0.117209716483242,-0.108935668695052,-0.260788144575086,0.128179714510663,-0.0663042150322115,-0.218664571857859,0.309911443719885,0.0456234359310129,-0.159937043170045,0.266021435146407,0.0530421959881813,-0.0551435232038998,0.40617519695658,0.17551583687634,-0.334005933192129,0.168638219117233,-0.0826838570374478,386.100260410256
133,4.31245613451217,11.8106207885648,8.06153846153846,-0.317441801348644,0.0136757654298028,-0.15188301795942,-0.348377186825661,0.129558159211478,-0.109409513807092,-0.302423883991984,0.0564857365718997,-0.122969073710042,-0.259407034543135,0.364303406462636,0.0524481859597502,-0.168918662440618,0.278097192374656,0.054589264967019,-0.0591437910320587,0.402046113968235,0.171451161468088,-0.297143252767362,0.192945516962248,-0.0520988679025571,386.200256358974
134,4.70708091703398,12.4006113906583,8.55384615384615,-0.245813747108937,0.10105189724616,-0.0723809249313886,-0.406348401840267,0.05797353572371,-0.174187433058279,-0.324216923975561,0.0591850317187084,-0.132515946128426,-0.198367734442142,0.251626641716933,0.0266294536373956,-0.180763194475358,0.31913088499122,0.0691838452579309,-0.0279787380717718,0.451614073568584,0.211817667748406,-0.25433451782032,0.216527545319832,-0.0189034862502442,386.300000897436
135,5.07680431533698,12.8821700436374,8.97948717948718,-0.228143478003489,0.075429251394015,-0.0763571133047369,-0.476347798064207,-0.0198846487243432,-0.248116223394275,-0.314457160977339,0.0645870846872738,-0.124935038145032,-0.198653483719506,0.360734398583481,0.0810404574319875,-0.156412222756545,0.352495610587848,0.0980416939156514,0.0130551293144506,0.538150223274753,0.275602676294602,-0.245904072176746,0.221568297602138,-0.0121678872873041,386.399997346154
136,5.56581001257837,13.7162412694729,9.64102564102564,-0.255141131323601,0.0410608276444257,-0.107040151839587,-0.548783667070022,-0.114241483709174,-0.331512575389598,-0.330181240207783,0.0831970144033285,-0.123492112902227,-0.222530315600696,0.395283752135748,0.0863767182675262,-0.111813735337632,0.423396133302793,0.155791198982581,0.0408897080229675,0.607297056218647,0.324093382120807,-0.207661182188586,0.257083759815626,0.0247112888135199,386.500256717949
137,5.98147339338483,14.8185266066152,10.4,-0.277209754937364,0.0880186729682908,-0.0945955409845368,-0.615883332030997,-0.173859440720871,-0.394871386375934,-0.359308969472412,0.106358368233911,-0.12647530061925,-0.202709253159705,0.413680606957025,0.10548567689866,-0.077428162655145,0.467034425572896,0.194803131458875,0.0307129691372365,0.629442252386385,0.330077610761811,-0.187105462327623,0.29107287498515,0.0519837063287635,386.600260512821
138,6.50568018492869,16.4173967381482,11.4615384615385,-0.308375770001281,0.105497559499578,-0.101439105250851,-0.646037379333456,-0.233982103950568,-0.440009741642012,-0.388569840149166,0.0805579017971363,-0.154005969176015,-0.187085980857584,0.348082028879611,0.0804980240110136,-0.0362722488981232,0.488740360138017,0.226234055619947,-0.00143761480939171,0.607184567518813,0.302873476354711,-0.150001749895706,0.340988385718566,0.0954933179114298,386.700256358974
139,6.88194185394922,17.9078017357944,12.3948717948718,-0.288335905179768,0.140874895937909,-0.0737305046209298,-0.6647061550519,-0.281601633221748,-0.473153894136824,-0.377724672609616,0.121101269089937,-0.12831170175984,-0.202276562581581,0.311456495614522,0.0545899665164706,0.0319290361140643,0.568782779713043,0.300355907913554,-0.00953948493324546,0.58634777392823,0.288404144497492,-0.141275720375351,0.356749435230146,0.107736857427397,386.800000435898
140,7.37639021238187,18.8492508132592,13.1128205128205,-0.290005960214403,0.141884362474517,-0.0740607988699429,-0.655067067151306,-0.261608910063381,-0.458337988607344,-0.387860750218802,0.12822637460641,-0.129817187806196,-0.22862586946428,0.247966536663722,0.00967033359972072,0.055700151979154,0.591709194136827,0.323704673057991,-0.00305531006938118,0.581731155083274,0.289337922506947,-0.142685137900053,0.379651255958452,0.1184830590292,386.89999824359
141,7.76350742719338,19.5185438548579,13.6410256410256,-0.269001204241042,0.145992411386204,-0.061504396427419,-0.65003686997906,-0.259953430487981,-0.454995150233521,-0.378767617517399,0.120526716531063,-0.129120450493168,-0.203190715108437,0.287410110005439,0.0421096974485008,0.0555748941097386,0.562400588800892,0.308987741455315,0.0159440339752252,0.560756953880394,0.28835049392781,-0.196176463769555,0.34502962056882,0.0744265783996325,387.000258717949
142,8.0020723029531,19.8133123124315,13.9076923076923,-0.239216637169495,0.121672373534454,-0.0587721318175206,-0.637930721614929,-0.235561803780441,-0.436746262697685,-0.360876435152908,0.0428760926881917,-0.159000171232358,-0.216377172943898,0.31461494341871,0.049118885237406,-0.0171084857900682,0.43749672575477,0.210194119982351,0.0598283622294084,0.540816353041229,0.300322357635319,-0.200133740675417,0.339991036341183,0.0699286478328826,387.100259948718
143,8.18522735658245,20.050670079315,14.1179487179487,-0.246785304908511,0.133100956643446,-0.0568421741325323,-0.666726625908933,-0.272505989769025,-0.469616307838979,-0.354721349495462,-0.0140556465894763,-0.184388498042469,-0.262704268590745,0.390952806509591,0.0641242689594229,-0.09562226847226,0.353418765642455,0.128898248585098,0.084616373466012,0.51314225636994,0.298879314917976,-0.152724940521433,0.369701163647191,0.108488111562879,387.200256923077
144,8.22836135514847,20.0895873628002,14.1589743589744,-0.264821615602804,0.164729285381367,-0.0500461651107186,-0.673363254920504,-0.307467744251276,-0.49041549958589,-0.353265442038173,0.00519424995655836,-0.174035596040807,-0.318000066596066,0.259757038710608,-0.0291215139427287,-0.155196308790601,0.321582116885064,0.0831929040472314,0.0358357723891676,0.458278016106901,0.247056894248034,-0.0733402889223731,0.431253701137442,0.178956706107535,387.300000076923
145,7.91935630025352,19.7524385715413,13.8358974358974,-0.254840403930372,0.256424744297635,0.000792170183631633,-0.674666756925589,-0.303340486603382,-0.489003621764485,-0.334600742543437,0.0290002966318714,-0.152800222955783,-0.297506684119528,0.162721585175401,-0.0673925494720634,-0.115347935442475,0.38408479576745,0.134368430162488,-0.0110699072615242,0.399713988858702,0.194322040798589,-0.058007516182477,0.458699693645649,0.200346088731586,387.399996833333
146,7.72900504020639,19.5530462418449,13.6410256410256,-0.260388719982234,0.257176369578478,-0.0016061752018783,-0.625607505764483,-0.256979117952933,-0.441293311858708,-0.296917612350686,0.065643553561538,-0.115637029394574,-0.260254058412212,0.0919887021872156,-0.084132678112498,-0.0749902361421302,0.401914146847143,0.163461955352506,-0.0588614272863394,0.363539700575381,0.152339136644521,-0.0720458732591063,0.439043904759548,0.183499015750221,387.50025748718
147,7.67970657061991,19.1818318909186,13.4307692307692,-0.272513827226389,0.145424011303507,-0.0635449079614408,-0.567117778845917,-0.151502625158309,-0.359310202002113,-0.285426889720021,0.117761900389064,-0.0838324946654787,-0.233251508292987,0.113678194770808,-0.0597866567610896,-0.0642991908491363,0.389198726736754,0.162449767943809,-0.0971493400369074,0.398570545148126,0.150710602555609,-0.0950623325965507,0.406460469916209,0.155699068659829,387.600259897436
148,7.5865027895267,18.8237536207297,13.2051282051282,-0.315609107434135,-0.0233683478761854,-0.16948872765516,-0.548665988959434,-0.0957486659098867,-0.32220732743466,-0.262353818978059,0.184410724908404,-0.0389715470348272,-0.249691350842582,0.138338746025426,-0.0556763024085778,-0.108867970425757,0.31122824640697,0.101180137990606,-0.110927575849807,0.422150604479645,0.155611514314919,-0.150356553965753,0.334495019470835,0.0920692327525411,387.700256769231
149,7.69700586592784,18.9081223392004,13.3025641025641,-0.3497560385213,-0.0893586171358081,-0.219557327828554,-0.492171283158671,0.00612136776394148,-0.243024957697364,-0.185356348814317,0.21730914624747,0.0159763987165767,-0.292574802606817,0.0968278784591008,-0.0978734620738581,-0.129269570669914,0.297037597143849,0.0838840132369674,-0.0662166781778808,0.447408317223593,0.190595819522856,-0.235351395190307,0.234515452262527,-0.000417971463890137,387.800000076923
150,7.91151690930954,19.1859189881264,13.5487179487179,-0.368485138720266,-0.113904463102006,-0.241194800911136,-0.419178031836115,0.0524197724002913,-0.183379129717912,-0.14322555785183,0.245313626602964,0.051044034375567,-0.321354746977839,0.0404187553462351,-0.140467995815802,-0.137450098854847,0.316549427022348,0.0895496640837506,-0.0368905482631595,0.469470004705371,0.216289728221106,-0.291588639324264,0.152853823317636,-0.069367408003314,387.899997089744
151,8.30623098655155,19.6117177313972,13.9589743589744,-0.396923439319268,-0.132784379279123,-0.264853909299195,-0.372529252395859,0.108797318852952,-0.131865966771454,-0.121751564221957,0.282079525822092,0.0801639808000672,-0.30060020302718,0.0920810612215627,-0.104259570902808,-0.135667904141939,0.326814755868878,0.0955734258634696,-0.00892236633921932,0.495050954646596,0.243064294153688,-0.319756579225219,0.0991851948129724,-0.110285692206124,388.00025825641
152,8.88013331520418,20.3608923258215,14.6205128205128,-0.440113787257873,-0.137487532913807,-0.28880066008584,-0.355117203803215,0.12881735179049,-0.113149926006362,-0.148802890927074,0.248704793489322,0.049950951281124,-0.248101333561156,0.107503262247731,-0.0702990356567122,-0.118935266096143,0.33981166561342,0.110438199758638,-0.0474776240279652,0.417169695463124,0.18484603571758,-0.354655249999299,0.0632547570407298,-0.145700246479284,388.100260564103
153,9.18745695469157,20.9663891991546,15.0769230769231,-0.420767749899661,-0.0882326500941481,-0.254500199996905,-0.36084699614311,0.138813077151197,-0.111016959495956,-0.12916913427638,0.271411567567108,0.0711212166453641,-0.220808074666078,0.0962900599321836,-0.0622590073669474,-0.108313444880343,0.364594825973987,0.128140690546822,-0.0208955634053788,0.423073907301026,0.201089171947823,-0.391345527378036,0.0314839930654051,-0.179930767156315,388.200256564103
154,9.45896583792153,21.5461623672067,15.5025641025641,-0.388677107578804,-0.123871011998359,-0.256274059788581,-0.349987505818687,0.127239972274692,-0.111373766771998,-0.0919946844250132,0.304057530819701,0.106031423197344,-0.25522048049854,0.0919692443884424,-0.081625618055049,-0.079975665206862,0.405369454048861,0.162696894421,-0.00792577301988784,0.411842847040498,0.201958537010305,-0.430806344147559,-0.00519774452884394,-0.218002044338202,388.300000846154
155,10.7472812372977,23.3655392755228,17.0564102564103,-0.340836382854122,-0.0884844915935472,-0.214660437223835,-0.360186393839928,0.128015525121129,-0.116085434359399,-0.0695083722496167,0.3420584514668,0.136275039608592,-0.271723379981039,0.120167866174624,-0.0757777569032071,-0.0497878231700387,0.4683016007147,0.20925688877233,0.00326191338241696,0.418254108731126,0.210758011056771,-0.467346387578706,-0.0588267342103584,-0.263086560894532,388.399998987179
156,13.6785148025683,27.6958441717907,20.6871794871795,-0.343842862083328,-0.0884396409053706,-0.216141251494349,-0.392926017431557,0.112480254064258,-0.140222881683649,-0.0903144550054809,0.35065318572053,0.130169365357524,-0.286456099306215,0.163575315420662,-0.0614403919427766,-0.0565630521733308,0.479233383506903,0.211335165666786,-0.00676289807340453,0.413465838090267,0.203351470008431,-0.536081481950455,-0.140578015020652,-0.338329748485553,388.500256871795
157,15.515099108202,31.4695162764134,23.4923076923077,-0.360874036629102,-0.0857966663497935,-0.223335351489448,-0.424682071499958,0.0743099374362543,-0.175186067031852,-0.122440236279833,0.330143182620777,0.103851473170472,-0.292152699373555,0.169851297571569,-0.0611507009009927,-0.127861282831535,0.390875370726526,0.131507043947495,0.0290992366360724,0.487282749521135,0.258190993078604,-0.552168535239247,-0.172627707409883,-0.362398121324565,388.600263589744
158,16.2971173022417,32.5028826977583,24.4,-0.397512321316252,-0.104059769992481,-0.250786045654366,-0.437450705702156,0.0131284304763769,-0.21216113761289,-0.120179537210692,0.341676435534087,0.110748449161697,-0.311426162432324,0.156774083019717,-0.0773260397063035,-0.187258293711562,0.302725809550792,0.0577337579196148,0.0611736378897899,0.56025119659714,0.310712417243465,-0.50677335546445,-0.12408995164541,-0.31543165355493,388.700257179487
159,16.2198705712899,31.903206351787,24.0615384615385,-0.363407599189151,-0.0585798670660656,-0.210993733127608,-0.43170259438893,-0.0259472690136033,-0.228824931701266,-0.129273653727368,0.332497060695412,0.101611703484022,-0.322417135405131,0.0747124940156343,-0.123852320694748,-0.20285505171363,0.271496917052371,0.0343209326693709,0.0423616584280876,0.578221888802259,0.310291773615173,-0.44164551815171,-0.0518656862461092,-0.24675560219891,388.800002333333
160,16.1376040179787,32.0059857256111,24.0717948717949,-0.345286568052458,0.131316477809526,-0.106985045121466,-0.433208017107381,-0.03032012088445,-0.231764068995916,-0.139606453240684,0.312749423523454,0.0865714851413854,-0.332401591872725,-0.0639200281781049,-0.198160810025415,-0.129936788029261,0.341968640170421,0.10601592607058,0.0260865535750762,0.571088047958383,0.29858730076673,-0.410162250600876,-0.00683836701112752,-0.208500308806002,388.899998217949
161,16.0425056120116,31.998520029014,24.0205128205128,-0.360094607169093,0.169509601936919,-0.0952925026160869,-0.432923402483047,-0.00840415352227153,-0.220663778002659,-0.131752392622061,0.349018355240998,0.108632981309469,-0.328494342387813,-0.0998489917313911,-0.214171667059602,-0.106897357346631,0.384066841857085,0.138584742255227,-0.000107536954694757,0.561589777108122,0.280741120076713,-0.425589445320439,-0.00905207131061544,-0.217320758315527,389.000257230769
162,16.6389482828605,32.4790004350882,24.5589743589744,-0.437689941743624,0.106244796285372,-0.165722572729126,-0.467779509099988,-0.032527921528592,-0.25015371531429,-0.0894937597901898,0.374996509281405,0.142751374745608,-0.311550676008511,-0.045702657006227,-0.178626666507369,-0.108741792548592,0.399612015590269,0.145435111520838,0.017691895182171,0.567898177860692,0.292795036521431,-0.423500969054766,-0.00544817521954732,-0.214474572137156,389.10025974359
163,16.8901665299724,32.8739360341302,24.8820512820513,-0.49299131745461,-0.0922460252092988,-0.292618671331955,-0.47578688971729,-0.0205143711992572,-0.248150630458273,-0.0292858248150529,0.496366034084902,0.233540104634925,-0.302976612205354,0.0934832834643404,-0.104746664370507,-0.133406037703717,0.37554053430909,0.121067248302687,0.064380996191539,0.578644174871188,0.321512585531364,-0.448994935539585,0.00288197540049707,-0.223056480069544,389.20025748718
164,16.9931190494496,33.3658553095248,25.1794871794872,-0.438530957542206,-0.134713142074129,-0.286622049808167,-0.450761761464643,0.011509393968143,-0.21962618374825,-0.0746015795156109,0.529043494584146,0.227220957534268,-0.278671000899645,0.266580391581456,-0.00604530465909442,-0.151591828394407,0.343789451267034,0.0960988114363135,0.09202052481839,0.604217892257972,0.348119208538181,-0.434928961505083,0.0758629229693979,-0.179533019267842,389.300002128205
165,16.2651046616506,31.9810491845032,24.1230769230769,-0.400925572409435,-0.0926544018801984,-0.246789987144817,-0.396093183210551,0.0632681830712029,-0.166412500069674,-0.118553822293572,0.554129928535851,0.21778805312114,-0.266644243420629,0.375577338225539,0.0544665474024547,-0.164994732252146,0.343257605811513,0.0891314367796838,0.103058927922041,0.623549895632794,0.363304411777418,-0.441602015160541,0.114815919000043,-0.163393048080249,389.399996884615
166,14.4299558891053,29.8572235980742,22.1435897435897,-0.319492554873813,0.0990219189941758,-0.110235317939819,-0.363450430232677,0.0739815018969134,-0.144734464167882,-0.183038011105087,0.445393130201633,0.131177559548273,-0.236561403921763,0.358082567277281,0.0607605816777593,-0.184641863151147,0.331273102895183,0.073315619872018,0.0894104125894297,0.61329088155725,0.35135064707334,-0.44434029702375,0.131453713947157,-0.156443291538297,389.50025825641
167,13.2908525758895,28.19632691129,20.7435897435897,-0.279698167563737,0.176911628730299,-0.051393269416719,-0.357346156053099,0.0910395080046697,-0.133153324024215,-0.207740767271921,0.376442233891458,0.0843507333097687,-0.253965247483223,0.304623838535656,0.0253292955262166,-0.164887485128483,0.329338728750866,0.0822256218111916,0.0236346321720255,0.538151091420013,0.280892861796019,-0.472899900272864,0.0715442859913072,-0.200677807140779,389.60025974359
168,11.7251440829192,25.9466507888757,18.8358974358974,-0.258761213149369,0.192061146191647,-0.0333500334788611,-0.317027878417276,0.121550000251897,-0.0977389390826898,-0.214714847457023,0.334692947156376,0.0599890498496768,-0.259693926063341,0.275347347856747,0.00782671089670295,-0.125934163584791,0.344639661669542,0.109352749042375,-0.0606259351223677,0.416570453812759,0.177972259345196,-0.499366196633366,-0.00955748584133886,-0.254461841237353,389.700342820513
169,10.5163466524543,24.140063603956,17.3282051282051,-0.29627219349516,0.0227683095601016,-0.136751941967529,-0.254517505767472,0.177450566300496,-0.0385334697334883,-0.215770050954086,0.242792169870285,0.0135110594580997,-0.229162748266967,0.301460153922314,0.0361487028276738,-0.134825857435397,0.366142789219474,0.115658465892038,-0.100161256948928,0.34935927596614,0.124599009508606,-0.511244926986926,-0.0424191180341858,-0.276832022510556,389.800001846154
170,9.38026614772673,22.5581953907348,15.9692307692308,-0.354946426983251,-0.0564760253145547,-0.205711226148903,-0.191371770660406,0.228219053507712,0.0184236414236531,-0.23879101750962,0.168550556368565,-0.0351202305705276,-0.196758165208,0.259934104142503,0.0315879694672514,-0.118400813611563,0.375994807666985,0.128796997027711,-0.148078490000267,0.312101393148452,0.0820114515740925,-0.523606618484702,-0.0352564569751559,-0.279431537729929,389.899998538462
171,8.10911013067341,20.5575565359933,14.3333333333333,-0.411038638728923,-0.0937857336644605,-0.252412186196692,-0.149062904223905,0.235822949407476,0.0433800225917853,-0.295392300703532,0.10748029792336,-0.0939560013900858,-0.100171865964673,0.410728539861538,0.155278336948433,-0.179880378520537,0.307760964620623,0.0639402930500429,-0.185719006636234,0.310865057970441,0.0625730256671035,-0.489301400208473,-0.01489538347286,-0.252098391840666,390.000513333333
172,6.05332420376701,17.946675796233,12,-0.4042822625641,-0.139800898624847,-0.272041580594473,-0.0998808681889201,0.285396226381889,0.0927576790964842,-0.260203421548767,0.165581228357658,-0.0473110965955544,-0.091835547179521,0.3983505503154,0.15325750156794,-0.218993675163645,0.258802563155983,0.0199044439961689,-0.192971193890567,0.295591547916811,0.0513101770131216,-0.492357319826177,-0.00232013259669026,-0.247338726211434,390.100516512821
173,4.49565708562668,16.3351121451426,10.4153846153846,-0.37736152065641,-0.116239217132503,-0.246800368894456,-0.0960022991131803,0.277439055779421,0.0907183783331204,-0.198639800755669,0.238329946715298,0.0198450729798148,-0.0904945564587202,0.409492923455744,0.159499183498512,-0.234152723478118,0.250104852749344,0.00797606463561299,-0.142465491999458,0.351024397082028,0.104279452541285,-0.499824130818321,-0.0244891444055096,-0.262156637611915,390.200513025641
174,3.81362649643427,15.8376555548478,9.82564102564103,-0.329087368449986,-0.0223529894537521,-0.175720178951869,-0.0447031956220827,0.378862645763497,0.167079725070707,-0.124463344047554,0.368537160412064,0.122036908182255,-0.176079896250846,0.470499070974244,0.147209587361699,-0.172700618008333,0.327433830888541,0.0773666064401039,-0.150808948920183,0.327568979099337,0.0883800150895769,-0.53423249277626,-0.0827954460679792,-0.308513969422119,390.300000666667
175,3.08198247740524,14.9077611123383,8.9948717948718,-0.284179554696188,0.0670181397394125,-0.108580707478388,-0.0688979323153584,0.450335676812538,0.19071887224859,-0.114111682926602,0.415156776950518,0.150522547011958,-0.161838875423814,0.551615683351877,0.194888403964031,-0.142591880531776,0.393286355895896,0.12534723768206,-0.184147240453517,0.277822769934094,0.0468377647402885,-0.555273041633818,-0.103333105843608,-0.329303073738713,390.399997307692
176,2.48694924475818,13.5233071654982,8.00512820512821,-0.321870784781993,0.0431082981507552,-0.139381243315619,-0.118345880157373,0.44568573918855,0.163669929515589,-0.0993486165624348,0.438249009430297,0.169450196433931,-0.18216515025586,0.612396273939383,0.215115561841762,-0.159222740337317,0.399271002238901,0.120024130950792,-0.155950085705328,0.328714699623386,0.0863823069590288,-0.548586647307826,-0.0584836691250579,-0.303535158216442,390.500512820513
177,1.64600487032171,11.5027130783962,6.57435897435897,-0.36954841400126,0.015009414825836,-0.177269499587712,-0.166277458672703,0.314219021524177,0.0739707814257367,-0.0565836749617573,0.444830329795238,0.19412332741674,-0.121977012973313,0.475785746137429,0.176904366582058,-0.229058567244898,0.342276970239856,0.0566092014974791,-0.103209408579976,0.423462181306668,0.160126386363346,-0.509039364500723,-0.0098230164407464,-0.259431190470735,390.600516461539
178,1.17840745190053,10.6062079327149,5.89230769230769,-0.361292827170367,0.0174735187461646,-0.171909654212101,-0.213501931519438,0.25145158671051,0.018974827595536,-0.0231578782678825,0.397685555654971,0.187263838693544,-0.108977742394551,0.42572468872977,0.158373473167609,-0.288844918710518,0.275771634250031,-0.00653664223024386,-0.0543893077678649,0.453532607121578,0.199571649676857,-0.51465840093683,-0.0106186935937644,-0.262638547265297,390.700517333333
179,0.732754349804616,9.93391231686205,5.33333333333333,-0.291099651700767,0.118571495619795,-0.0862640780404861,-0.198006237864731,0.287694063359313,0.0448439127472915,-0.0519862784486232,0.331593596147088,0.139803658849233,-0.135521388592156,0.390209100534764,0.127343855971304,-0.264983659694966,0.310495682448546,0.0227560113767899,-0.0393466900746334,0.438870416513177,0.199761863219272,-0.541335318016592,-0.0438273900767566,-0.292581354046674,390.800000897436
180,0.0924334456963517,9.09731014404724,4.5948717948718,-0.213286456111573,0.238220067654459,0.0124668057714431,-0.175493459687088,0.371116291582872,0.0978114159478921,-0.0933257695297098,0.264404168616208,0.0855391995432492,-0.193768682987039,0.292151471180573,0.0491913940967668,-0.25485435159882,0.328291402501287,0.0367185254512337,-0.0733631235883085,0.456715527723503,0.191676202067597,-0.545368197364166,-0.0425899371229148,-0.293979067243541,390.899997358974
181,0.0290058083320508,8.88381470448846,4.45641025641026,-0.179712250449346,0.254830812266612,0.037559280908633,-0.165413914959988,0.406965612036469,0.120775848538241,-0.110329476327661,0.272589300618857,0.0811299121455978,-0.224092191099109,0.16015373627345,-0.0319692274128292,-0.219357423759024,0.346330691298463,0.0634866337697194,-0.0872694277620835,0.463298948319703,0.18801476027881,-0.517776134779027,-0.0110647698205201,-0.264420452299774,391.000513333333
182,-0.0367349706210715,8.30340163728774,4.13333333333333,-0.188897633649791,0.287329338652028,0.0492158525011188,-0.135410722295302,0.373069936868782,0.11882960728674,-0.122546191697508,0.258010648233988,0.0677322282682401,-0.24953261119882,0.101201007730003,-0.0741658017344084,-0.223383088401235,0.270948621596547,0.0237827665976559,-0.103563417931179,0.389072271784677,0.142754426926749,-0.484454059574873,0.0237253531948972,-0.230364353189988,391.100516461538
183,-0.0568648109617958,7.72865968275667,3.83589743589744,-0.232016513668505,0.206872049977427,-0.0125722318455391,-0.124844547873482,0.275065205227973,0.0751103286772459,-0.172328040074711,0.221241744640556,0.0244568522829228,-0.238451892444613,0.145840992235922,-0.0463054501043453,-0.195032371677657,0.255612096523478,0.0302898624229102,-0.118045389318432,0.333223867302391,0.107589238991979,-0.464298019257627,0.0362123516720083,-0.214042833792809,391.200519230769
184,-0.083470570497283,7.41680390383062,3.66666666666667,-0.233168218527484,0.174174769406636,-0.0294967245604238,-0.106666618050944,0.295484427205181,0.0944089045771186,-0.198072931323852,0.22038039967733,0.011153734176739,-0.181782696978114,0.289685986071862,0.0539516445468741,-0.185140826315534,0.271353562656211,0.0431063681703386,-0.135453537873646,0.280713507931843,0.0726299850290985,-0.467735489284331,0.0118064632161024,-0.227964513034114,391.300000153846
185,-0.199468191920767,7.09177588422846,3.44615384615385,-0.276569695761869,0.0964368534196028,-0.0900664211711329,-0.058212122043191,0.404241355122974,0.173014616539891,-0.176529913167424,0.285188418791837,0.0543292528122066,-0.139453589862325,0.527085195758327,0.193815802948001,-0.187524563916122,0.263185432550192,0.0378304343170349,-0.154657893446683,0.23767154240051,0.0415068244769133,-0.500628168931107,-0.0488120492531295,-0.274720109092118,391.399999730769
186,-0.324134643756057,6.70362182324324,3.18974358974359,-0.266840563328901,0.0744493962013872,-0.0961955835637569,-0.0128252392360189,0.454499927618085,0.220837344191033,-0.221933730597861,0.325620459593804,0.0518433644979715,-0.136066590247194,0.543033344276923,0.203483377014865,-0.156248068716762,0.2853940331511,0.0645729822171691,-0.173158667203167,0.243981032055256,0.0354111824260448,-0.539163076685927,-0.126414920502841,-0.332788998594384,391.500513333333
187,-0.529680143163151,6.1809621944452,2.82564102564103,-0.253962486375441,0.150461659239775,-0.051750413567833,-0.0309112658170375,0.448492382569584,0.208790558376273,-0.165585367976213,0.442241121567236,0.138327876795511,-0.080071727731897,0.663721867693989,0.291825069981046,-0.177251158055216,0.267460244855442,0.0451045434001132,-0.182518268034384,0.277203026487438,0.0473423792265268,-0.610262507668573,-0.181978393152291,-0.396120450410432,391.60402548718
188,-0.80009274432413,5.78470812893951,2.49230769230769,-0.264533290056879,0.293831071207316,0.0146488905752187,-0.0671418092684907,0.468281256294705,0.200569723513107,-0.138176213764521,0.44512922868821,0.153476507461844,-0.0674996006936654,0.731738689535219,0.332119544420777,-0.186796389416945,0.285198886983235,0.049201248783145,-0.235632920568681,0.252086118664836,0.00822659904807781,-0.685838883530798,-0.229462816092921,-0.45765084981186,391.715043653846
189,-0.831010403853619,5.75408732693054,2.46153846153846,-0.256803621334455,0.31565400585499,0.0294251922602674,-0.0747967221009541,0.489900545759225,0.207551911829135,-0.167135851920938,0.412627239017224,0.122745693548143,-0.0864955929751343,0.664534707121675,0.28901955707327,-0.200245633168065,0.295961461289258,0.0478579140605965,-0.286595668144912,0.185687623071817,-0.0504540225365474,-0.695791098353927,-0.253420783763017,-0.474605941058472,391.799492666667
190,-0.848083192150358,5.73269857676574,2.44230769230769,-0.279681474196284,0.272591738301813,-0.00354486794723519,-0.0171554439966907,0.535882484064962,0.259363520034136,-0.22357903203821,0.288239465038544,0.0323302165001671,-0.149107684930345,0.464271475637556,0.157581895353606,-0.217924156245482,0.295874757801195,0.0389753007778562,-0.372619738544629,0.0219058984685914,-0.175356920038019,-0.689636756848561,-0.272913513314682,-0.481275135081622,391.899741666667
191,-0.952600531242149,5.58849796713959,2.31794871794872,-0.21391799104117,0.51862725687756,0.152354632918195,0.0104881861900022,0.529606070646577,0.27004712841829,-0.225851571004502,0.349071068232878,0.0616097486141882,-0.192450298069408,0.481588860815736,0.144569281373164,-0.281394950485686,0.318800680127501,0.0187028648209075,-0.438874621109588,-0.0134629962112254,-0.226168808660407,-0.672726493630517,-0.245397083439835,-0.459061788535176,392.016154205128
192,-1.20705986793333,5.00193166280512,1.8974358974359,-0.204891946178603,0.541537876767737,0.168322965294567,-0.0377002687813174,0.476819360724012,0.219559545971347,-0.239120400596581,0.317551565128656,0.0392155822660377,-0.212031755351459,0.541077766757556,0.164523005703049,-0.294324131635278,0.349920507741484,0.027798188053103,-0.375955303563585,0.0688755820852735,-0.153539860739156,-0.579836244400339,-0.170966582989248,-0.375401413694794,392.115900884615
193,-1.34677248715551,4.84420838459141,1.74871794871795,-0.179515726361907,0.48552154030157,0.153002906969831,-0.0780104494120343,0.385249778111039,0.153619664349503,-0.253405462434996,0.328764436416328,0.0376794869906659,-0.152558822115797,0.555138632914456,0.201289905399329,-0.251007279300306,0.364297570100448,0.0566451454000706,-0.331244568131432,0.132476280707398,-0.0993841437120171,-0.536297600643215,-0.158330546531175,-0.347314073587195,392.215894871795
194,-1.34289218989899,4.85058449759129,1.75384615384615,-0.259754484747096,0.364870019455187,0.0525577673540455,-0.120995210191287,0.324063575788634,0.101534182798674,-0.254136994179452,0.439138227156101,0.0925006164883246,-0.128580815077675,0.382951863791833,0.127185524357079,-0.215116872196821,0.358062774956802,0.0714729513799904,-0.311003694651872,0.142698050108764,-0.0841528222715539,-0.549346732215068,-0.181218259651956,-0.365282495933512,392.299749333333
195,-1.35166985471118,4.83628523932656,1.74230769230769,-0.283333345465526,0.339027454217618,0.0278470543760462,-0.154286189513222,0.306269597332045,0.0759917039094113,-0.237831830929488,0.471902592238012,0.117035380654262,-0.113294485484801,0.335536889324619,0.111121201919909,-0.165036989572513,0.375167197671063,0.105065104049275,-0.336535591765834,0.0960488874912364,-0.120243352137299,-0.578769955578215,-0.212243422024498,-0.395506688801356,392.399999769231
196,-1.34289218989899,4.85058449759129,1.75384615384615,-0.273389600097649,0.101568077647643,-0.0859107612250026,-0.167949794048317,0.281992675330171,0.0570214406409269,-0.212981285005219,0.193812810186819,-0.00958423740920015,-0.149511233651995,0.21724896124947,0.0338688637987373,-0.0886072006532221,0.393107944278007,0.152250371812392,-0.277679904617614,0.148439070272758,-0.0646204171724278,-0.522616053687114,-0.192284562198895,-0.357450307943005,392.516410769231
197,-1.34289218989899,4.85058449759129,1.75384615384615,-0.216261176307203,0.147273048924817,-0.0344940636911934,-0.132184647909078,0.305716580511302,0.0867659663011122,-0.225183193901363,0.190605668884963,-0.0172887625082002,-0.142571318823761,0.227296441533686,0.0423625613549628,-0.159116891230814,0.341810447264221,0.0913467780167033,-0.281444059004261,0.220701192978391,-0.030371433012935,-0.538656727430612,-0.17833228773021,-0.358494507580411,392.615901038462
198,-1.33523168106327,4.8634368092684,1.76410256410256,-0.207128877186271,0.193661520176202,-0.00673367850503438,-0.0673634606130381,0.40556302778646,0.169099783586711,-0.204973897874774,0.24719807872095,0.0211120904230877,-0.163004527746958,0.170501017540048,0.00374824489654506,-0.217965401519624,0.297496032938484,0.0397653157094301,-0.286907102787431,0.278161836023161,-0.00437263338213504,-0.600904230891143,-0.189124549429559,-0.395014390160351,392.71512575641
199,-1.34289218989899,4.85058449759129,1.75384615384615,-0.199141466995615,0.243429350253945,0.0221439416291649,-0.0494375146205173,0.484870192843597,0.21771633911154,-0.169483333628341,0.375383921839422,0.102950294105541,-0.124647417459261,0.190114981956892,0.0327337822488153,-0.271424653762929,0.247723881509516,-0.0118503861267065,-0.311344434138207,0.279877252092165,-0.0157335910230214,-0.681405922245613,-0.202852453929629,-0.442129188087621,392.799237871795
200,-1.34289218989899,4.85058449759129,1.75384615384615,-0.225432657936394,0.195223843187838,-0.0151044073742781,-0.08809690545012,0.44117632413202,0.17653970934095,-0.124724581971999,0.492110084016125,0.183692751022063,-0.119938867478075,0.266149778226683,0.073105455374304,-0.308343469918333,0.178711872358263,-0.064815798780035,-0.299081209225259,0.29397389622355,-0.00255365650085471,-0.667224389797692,-0.186833571342849,-0.427028980570271,392.899997641026
201,-1.34289218989899,4.85058449759129,1.75384615384615,-0.234887767746274,0.283035049344304,0.0240736407990146,-0.119058848300779,0.337286019500686,0.109113585599954,-0.158178283450646,0.509513397279399,0.175667556914376,-0.0820728453128397,0.381132048458021,0.149529601572591,-0.344563346267072,0.136092911083631,-0.104235217591721,-0.260198503571061,0.287476966233565,0.013639231331252,-0.61371226132717,-0.163215157895072,-0.388463709611121,393.015897435897
202,-1.31781444481402,4.77422470122427,1.72820512820513,-0.286845679317623,0.560394676449597,0.136774498565987,-0.11119443540489,0.361953683508109,0.125379624051609,-0.206306302695382,0.440704691252324,0.117199194278471,-0.0957507585708784,0.444848342002081,0.174548791715601,-0.361146706962854,0.107549458349142,-0.126798624306856,-0.34190098427917,0.205893469455398,-0.0680037574118863,-0.60878519384232,-0.147601912200165,-0.378193553021243,393.115644512821
203,-1.29019266091483,4.72609009681226,1.71794871794872,-0.229160805607028,0.547955698110511,0.159397446251741,-0.072437128083125,0.42608887393047,0.176825872923672,-0.251014041764958,0.271908281224501,0.0104471197297714,-0.118046280545037,0.403804344687265,0.142879032071114,-0.323575874831332,0.126488089261626,-0.098543892784853,-0.404783919696924,0.0875025064197829,-0.158640706638571,-0.539026843138746,-0.0666085658162828,-0.302817704477514,393.216150961539
204,-1.21518535635715,4.46133920251099,1.62307692307692,-0.197259921328271,0.534732309704069,0.168736194187899,-0.0733650768419391,0.435749189171962,0.181192056165011,-0.251981205235341,0.236058201988374,-0.00796150162348312,-0.129966905287989,0.331857048985674,0.100945071848842,-0.296041108688734,0.159374010767729,-0.0683335489605024,-0.441010504017676,-0.00165633105252754,-0.221333417535102,-0.499826955726663,-0.0181880754355151,-0.259007515581089,393.300004923077
205,-1.05076967891203,3.95846198660434,1.45384615384615,-0.0948746385246963,0.355742543621749,0.130433952548526,-0.109241627769382,0.358536172269211,0.124647272249915,-0.22833966226787,0.250263322463518,0.0109618300978241,-0.111337997003863,0.31940294578487,0.104032474390503,-0.288681850322196,0.183031744041954,-0.0528250531401208,-0.464313457206917,-0.107117233156519,-0.285715345181718,-0.466797157295914,0.025389960834012,-0.220703598230951,393.39974225641
206,-0.83624113554497,3.29777959708343,1.23076923076923,-0.141350184712919,0.46608455246562,0.16236718387635,-0.14459274047269,0.287661085391149,0.0715341724592292,-0.270646328750254,0.160644627084403,-0.0550008508329259,-0.0894873995477728,0.325410749429005,0.117961674940616,-0.278967118145252,0.22483200173939,-0.0270675582029311,-0.426601369057405,-0.119586323418118,-0.273093846237761,-0.458440631188909,0.0203618421364937,-0.219039394526208,393.51538548718
207,-0.719545329142185,2.9349299445268,1.10769230769231,-0.173289930090878,0.556436730776343,0.191573400342732,-0.106283157589099,0.335578090589267,0.114647466500084,-0.33947532863305,0.0347611393642541,-0.152357094634398,-0.0688695583487629,0.384966764667654,0.158048603159446,-0.200145646677356,0.337764130608903,0.0688092419657736,-0.432283804981219,-0.146122550601645,-0.289203177791432,-0.477877071740935,-0.0442540725236228,-0.261065572132279,393.614875564103
208,-0.639800185451932,2.73210787775963,1.04615384615385,-0.241026362422418,0.38070831688823,0.0698409772329061,-0.0283409865527666,0.447451620776921,0.209555317112077,-0.412499396179355,-0.0611557363762894,-0.236827566277822,-0.125229801104403,0.359843991106228,0.117307095000912,-0.101345778059333,0.406463707925083,0.152558964932875,-0.470506609554909,-0.151866435889698,-0.311186522722303,-0.562628942277143,-0.169830672529723,-0.366229807403433,393.715382961538
209,-0.618580633561869,2.66473447971572,1.02307692307692,-0.197331643889156,0.315341868810017,0.0590051124604305,0.0338409960340884,0.527644325744922,0.280742660889505,-0.440684200193651,-0.0610665995347378,-0.250875399864194,-0.177352603344052,0.222747413553192,0.0226974051045702,-0.0353025722956345,0.475259462878257,0.219978445291311,-0.550918066939241,-0.190521562808808,-0.370719814874024,-0.609268060116582,-0.226326104116929,-0.417797082116755,393.799748871795
210,-0.613059002152258,2.62844361753687,1.00769230769231,-0.157075097836413,0.320891519598899,0.081908210881243,0.0616845868224665,0.576746911804165,0.319215749313316,-0.454974344285934,-0.0318452198456188,-0.243409782065776,-0.177058425502576,0.202617168850846,0.0127793716741352,-0.00313428289614777,0.506665843042978,0.251765780073415,-0.606063141708523,-0.224342019333111,-0.415202580520817,-0.618012831869483,-0.229819594033023,-0.423916212951253,393.899741833333
211,-0.618938676589192,2.61893867658919,1,-0.102163919867104,0.607980084160892,0.252908082146894,0.0378532714450972,0.57190215279066,0.304877712117878,-0.441702229169216,-0.00611691044481482,-0.223909569807016,-0.17622671741839,0.212312191978557,0.0180427372800837,0.0212448483412922,0.534947298780217,0.278096073560755,-0.579218499732995,-0.186711636975911,-0.382965068354453,-0.596600333593602,-0.175171211174978,-0.38588577238429,394.015898333333
212,-0.616408664123028,2.62666507437944,1.00512820512821,-0.0707207464090512,0.686667075360781,0.307973164475865,-0.00695560614915936,0.525143007058528,0.259093700454684,-0.415394579450954,0.0289401479518517,-0.193227215749551,-0.129629631731575,0.291061623622076,0.0807159959452508,-0.0219695405456104,0.455808221565745,0.216919340510067,-0.532474833817212,-0.14267642426231,-0.337575629039761,-0.58594916975865,-0.145410403803353,-0.365679786781001,394.11615724359
213,-0.601003160764658,2.65228521204671,1.02564102564103,-0.0957126891889418,0.547339447379823,0.225813379095441,0.0164163725251391,0.594539928969528,0.305478150747333,-0.362834174050898,0.0891328929649324,-0.136850640542983,-0.126024153062248,0.293927728598324,0.0839517877680379,-0.0378802595375014,0.424690510545772,0.193405125504135,-0.511026817869172,-0.122629171977881,-0.316827994923527,-0.644150120603768,-0.165786466682484,-0.404968293643126,394.216407128205
214,-0.611529736839301,2.64229896760853,1.01538461538462,-0.158023857950077,0.353635335855779,0.0978057389528513,0.0702309799034092,0.670893072291995,0.370562026097702,-0.298864737563423,0.188283380019686,-0.0552906787718688,-0.095901591968704,0.324400784294549,0.114249596162923,-0.111536321421745,0.355411525150907,0.121937601864581,-0.524301954106606,-0.130811260665876,-0.327556607386241,-0.695357763708275,-0.201967200793607,-0.448662482250941,394.300004923077
215,-0.591885708421673,2.63034724688321,1.01923076923077,-0.228375613113434,0.150340044590307,-0.0390177842615634,0.138883597728576,0.775483313478143,0.457183455603359,-0.22498503896984,0.302693112654867,0.0388540368425136,-0.105908332175249,0.37110899314891,0.13260033048683,-0.167294230900051,0.282952174676865,0.057828971888407,-0.521546929218134,-0.13814553778936,-0.329846233503747,-0.688795071324147,-0.186445008715071,-0.437620040019609,394.399741371795
216,-0.550600212877448,2.55060021287745,1,-0.297518864402439,0.0942575278611989,-0.10163066827062,0.091283871682563,0.769340730037189,0.430312300859876,-0.122133054882054,0.469214701417465,0.173540823267706,-0.144822048447048,0.333167461144541,0.0941727063487466,-0.205010238141661,0.245804775210372,0.0203972685343556,-0.506614751553287,-0.11160118570801,-0.309107968630648,-0.703529740299345,-0.159018516999596,-0.43127412864947,394.515641794872
217,-0.55782679123598,2.53731397072316,0.98974358974359,-0.218044794781702,0.27289181343081,0.0274235093245537,0.0431798792730124,0.655481337803742,0.349330608538377,-0.117174282970139,0.513053416872786,0.197939566951324,-0.165700357376155,0.208739236710355,0.0215194396671002,-0.241841968620847,0.239456553573807,-0.00119270752351993,-0.503961470273942,-0.0806065022472222,-0.292283986260582,-0.707293320003111,-0.132928979497991,-0.420111149750551,394.615644628205
218,-0.547434736279425,2.54743473627943,1,-0.20931332261453,0.330389178383904,0.060537927884687,0.0354174974904175,0.558590209656806,0.297003853573612,-0.123756229981817,0.528110724606271,0.202177247312227,-0.159918309240226,0.395915554532151,0.117998622645962,-0.261544473100483,0.246620969990723,-0.00746175155488015,-0.489090603111366,-0.0574337988287825,-0.273262200970074,-0.698533600120542,-0.101913806378806,-0.400223703249674,394.7161525
219,-0.555203345578558,2.53981873019394,0.992307692307692,-0.128370139488709,0.418829990193102,0.145229925352197,0.0281385668276773,0.552142868064579,0.290140717446128,-0.2085347748467,0.468833096115176,0.130149160634238,-0.0977130997703461,0.606449018340892,0.254367959285273,-0.227469952709198,0.261629792093356,0.0170799196920788,-0.482677590972279,-0.0524620579907577,-0.267569824481518,-0.598729851672663,-0.0215527101996651,-0.310141280936164,394.800006846154
220,-0.541997026049748,2.48045856451129,0.969230769230769,-0.155028201861812,0.381131705903456,0.113051752020822,-0.0181805384120657,0.591271681921454,0.286545571754694,-0.1961129995889,0.527371350484916,0.165629175448008,-0.0832746044187004,0.8663947542994,0.39156007494035,-0.219605596866731,0.266214408399217,0.023304405766243,-0.401940806899192,0.0582606331844178,-0.171840086857387,-0.513861321889604,0.00552453059318017,-0.254168395648212,394.899998602564
221,-0.53573739780624,2.44342970549855,0.953846153846154,-0.145855170440961,0.484466639343955,0.169305734451497,-0.141347465807004,0.43666398263848,0.147658258415738,-0.184824559746729,0.598793896362422,0.206984668307847,-0.135510382079225,0.486328163891009,0.175408890905892,-0.264822349966428,0.193718491982828,-0.0355519289918,-0.315172070656887,0.206714620898036,-0.0542287248794253,-0.410833324222739,0.0670821620934021,-0.171875581064668,395.016155282051
222,-0.53573739780624,2.44342970549855,0.953846153846154,-0.117883735340227,0.372939285201566,0.12752777493067,-0.214119310184664,0.323775060224037,0.0548278750196866,-0.166415907152256,0.579702768403106,0.206643430625425,-0.101744059026018,0.467938022995699,0.183096981984841,-0.334216435697179,0.108219101253173,-0.112998667222003,-0.21445932475118,0.303006490388884,0.0442735828188519,-0.384302308121765,0.100873785727343,-0.141714261197211,395.115900871795
223,-0.481336083319659,2.50184890383248,1.01025641025641,-0.214821871105559,0.143683987020773,-0.035568942042393,-0.159671099970001,0.305422784952906,0.0728758424914525,-0.147515091335656,0.471849114453577,0.16216701155896,-0.112678407115489,0.420966423889901,0.154144008387206,-0.349200631618104,0.118004013547086,-0.115598309035509,-0.185902385470638,0.300039531693352,0.0570685731113571,-0.409085677768228,0.0906931172746485,-0.15919628024679,395.215894410256
224,-0.422550823160132,2.5917815923909,1.08461538461538,-0.258884496804054,0.0788896572561606,-0.0899974197739468,-0.158700985737273,0.2637910620485,0.0525450381556134,-0.126909724520924,0.411001399925915,0.142045837702495,-0.133672368735732,0.324496854781995,0.0954122430231315,-0.341549326197678,0.130374197069013,-0.105587564564333,-0.148024873619646,0.391806752056573,0.121890939218464,-0.394750883988837,0.0996732976220072,-0.147538793183415,395.299748641026
225,-0.33954454091573,2.85492915630035,1.25769230769231,-0.228277544680993,0.101885835163647,-0.063195854758673,-0.15419763028786,0.252040467362625,0.0489214185373823,-0.168118623392763,0.336188892231972,0.0840351344196042,-0.218722085432549,0.159060504467269,-0.0298307904826397,-0.309455324446779,0.133760586444731,-0.0878473690010238,-0.198839022179688,0.30482738526274,0.0529941815415261,-0.337802201277618,0.171583384781809,-0.0831094082479047,395.399999217949
226,-0.32061478826428,3.1411276087771,1.41025641025641,-0.159348878187732,0.211727413293493,0.0261892675528804,-0.175966368760467,0.20599319948402,0.0150134153617762,-0.215747964323993,0.25487054901754,0.0195612923467739,-0.289857929569183,0.0254304674748113,-0.132213731047186,-0.298491450995685,0.155985299420804,-0.0712530757874401,-0.227051173275778,0.306055428170317,0.0395021274472695,-0.299941742706713,0.219562993312098,-0.0401893746973074,395.51641025641
227,-0.295980798063746,3.30110900319195,1.5025641025641,-0.123606268733306,0.233766584158491,0.0550801577125928,-0.152486908111262,0.256596457707078,0.0520547747979084,-0.302751022894746,0.111739436359502,-0.0955057932676222,-0.305505243886537,-0.0216083034829472,-0.163556773684742,-0.2845115832213,0.183697247203428,-0.0504071680089362,-0.245163090694992,0.25596225985468,0.00539958457984374,-0.282176664868682,0.243080338029192,-0.0195481634197452,395.616157666667
228,-0.300593612703932,3.49033720244752,1.5948717948718,-0.114816903872267,0.273200038318059,0.0791915672228961,-0.0903367421040186,0.383191068538847,0.146427163217414,-0.388319275927664,-0.0292463750876669,-0.208782825507666,-0.29678529590601,-0.0266581473737015,-0.161721721639856,-0.206461108185734,0.287867520568152,0.0407032061912087,-0.264822132704321,0.190770917042671,-0.037025607830825,-0.3393974427224,0.175274142437249,-0.0820616501425753,395.716151846154
229,-0.300798036905455,3.50079803690546,1.6,-0.120318577134333,0.358072514395928,0.118876968630798,-0.0602395897185706,0.425778205703582,0.182769307992506,-0.459294352933826,-0.122930456328597,-0.291112404631212,-0.286760236013244,-0.010493867502753,-0.148627051757999,-0.147388727994451,0.358675560176767,0.105643416091158,-0.29764375964824,0.100798952873663,-0.0984224033872882,-0.298399193832724,0.201199721690332,-0.0485997360711962,395.800005846154
230,-0.272150811586195,3.53368927312466,1.63076923076923,-0.150692889592718,0.325776712544159,0.0875419114757203,-0.0386969375658733,0.420109969666049,0.190706516050088,-0.473667686086507,-0.164129036773388,-0.318898361429948,-0.265957714611473,0.0325764305119899,-0.116690642049742,-0.123892393832933,0.366817886231407,0.121462746199237,-0.33724286090235,0.00491418743032785,-0.166164336736011,-0.267816204998769,0.181466821693054,-0.0431746916528578,395.899997717949
231,-0.235478504569276,3.47650414559492,1.62051282051282,-0.137840300646239,0.23173587973316,0.0469477895434603,-0.0583363946754791,0.373740595294627,0.157702100309574,-0.474277857047061,-0.172905753039992,-0.323591805043526,-0.261738987639574,0.0567042588587404,-0.102517364390417,-0.15156902183422,0.305950730961306,0.077190854563543,-0.383418040199357,-0.00440441723783491,-0.193911228718596,-0.249229863928218,0.174068718472595,-0.0375805727278117,396.01641025641
232,-0.181556848308973,3.3097619765141,1.56410256410256,-0.208743108206575,0.157921963898333,-0.0254105721541207,-0.0472734543960534,0.378504219048985,0.165615382326466,-0.448758256574642,-0.152922048726309,-0.300840152650475,-0.289639382279727,0.0381751868465607,-0.125732097716583,-0.207138518373116,0.233929383966208,0.0133954327965456,-0.353990622967589,0.0648754062696808,-0.144557608348954,-0.247919829430683,0.161614493507391,-0.0431526679616463,396.115645435897
233,-0.156041925075437,3.21245218148569,1.52820512820513,-0.207715089929504,0.178169919402137,-0.0147725852636834,-0.0253361930392945,0.373415107506284,0.174039457233495,-0.440351779500931,-0.13022553897101,-0.285288659235971,-0.319615844367085,0.0740758022106598,-0.122770021078212,-0.199717630493877,0.266606498423658,0.0334444339648904,-0.332473338198823,0.0854585588691531,-0.123507389664835,-0.224397377532131,0.21581652877618,-0.00429042437797585,396.215382692308
234,-0.146387482798169,3.30023363664432,1.57692307692308,-0.232746474264068,0.104929923982384,-0.063908275140842,-0.0454204265867111,0.30999406806966,0.132286820741475,-0.444844531878934,-0.110712166549212,-0.277778349214073,-0.375059616461279,0.239614188245195,-0.0677227141080421,-0.158581067112633,0.3403636428154,0.0908912878513834,-0.347283128090188,0.0808507065809955,-0.133216210754596,-0.192801149387095,0.290719463577509,0.0489591570952066,396.299748641026
235,-0.205073639046212,3.55891979289237,1.67692307692308,-0.233121080269699,0.0711480685470046,-0.080986505861347,-0.101573895973921,0.265837904773217,0.0821320043996476,-0.476944048790555,-0.133156214169995,-0.305050131480275,-0.369026459861073,0.353112722972519,-0.00795686844427697,-0.0698259003711812,0.487404379895814,0.208789239762317,-0.330213730370049,0.144387578094338,-0.0929130761378554,-0.198023258396692,0.306737610225023,0.0543571759141654,396.399742141026
236,-0.334776385614668,3.47323792407621,1.56923076923077,-0.268441133721563,0.0971719320471617,-0.0856346008372009,-0.176043984277558,0.181482529428036,0.00271927257523889,-0.483174134760421,-0.124358101097775,-0.303766117929098,-0.352256839745446,0.22566137131472,-0.063297734215363,0.0287276118498396,0.607787585365524,0.318257598607682,-0.268800721482251,0.264906066351131,-0.00194732756555985,-0.255394272194403,0.240247287599664,-0.00757349229736983,396.515899384615
237,-0.377033907594496,3.09498262554321,1.35897435897436,-0.312082320448252,0.113304224283069,-0.0993890480825912,-0.237178119538511,0.123466839292134,-0.0568556401231884,-0.474061305884109,-0.0666930679655812,-0.270377186924845,-0.302187588174074,0.0565157432870984,-0.122835922443488,0.0494643530053084,0.658352097728166,0.353908225366737,-0.2130225440447,0.344594413190431,0.0657859345728658,-0.258445646511165,0.196487453190014,-0.0309790966605756,396.616157358974
238,-0.422666536398223,2.61753833127002,1.0974358974359,-0.259780806871739,0.289996917957406,0.0151080555428333,-0.231956571545022,0.124967035540334,-0.0534947680023442,-0.428684994254137,0.0979157147757819,-0.165384639739177,-0.228055613859839,0.0868290934406339,-0.0706132602096026,-0.0205725374493968,0.592488531326428,0.285957996938515,-0.190093580411049,0.323599525856169,0.06675297272256,-0.241281774113615,0.157839783661288,-0.0417209952261635,396.716153051282
239,-0.521504184537466,2.459965722999,0.969230769230769,-0.228422691742209,0.117038404326667,-0.0556921437077708,-0.220224780071195,0.159625447701972,-0.0302996661846113,-0.40983284936961,0.0651244639942276,-0.172354192687691,-0.190543556748966,0.130839402767363,-0.0298520769908015,-0.0522710230909662,0.492483564206878,0.220106270557956,-0.176153465433187,0.365198398077814,0.0945224663223135,-0.22990565196787,0.15726054745242,-0.0363225522577248,396.799749564103
240,-0.637492673242474,2.32980036555017,0.846153846153846,-0.192705576372047,0.126276229498838,-0.0332146734366044,-0.186612263226344,0.278350374822284,0.0458690557979701,-0.395938744003199,-0.00517002890978204,-0.200554386456491,-0.203175016984783,0.270158331651904,0.0334916573335608,-0.0747388145570229,0.374895964879984,0.15007857516148,-0.172446637337545,0.322730845908075,0.0751421042852651,-0.296314010597419,0.113918496191983,-0.0911977572027178,396.899997871795
241,-0.62744405135412,2.34026456417463,0.856410256410256,-0.229113319398164,0.066833917627331,-0.0811397008854165,-0.173249723640003,0.370834499998282,0.0987923881791394,-0.400122632715973,-0.0120159963392704,-0.206069314527622,-0.240058098668374,0.368038688660119,0.0639902949958724,-0.119193297020892,0.294530431042845,0.0876685670109767,-0.209849220173443,0.331898937196185,0.061024858511371,-0.315784241884897,0.132795228382624,-0.0914945067511366,397.015129205128
242,-0.658456286774206,2.29948192779985,0.82051282051282,-0.189609600597071,0.21962258779235,0.0150064935976394,-0.161125215104325,0.365063300482803,0.101969042689239,-0.382184031828323,0.0121969982689687,-0.184993516779677,-0.216026642660512,0.328313140741159,0.0561432490403235,-0.171493140376218,0.273184159892987,0.0508455097583845,-0.245798193401645,0.361379095246973,0.057790450922664,-0.307758344775892,0.144810265591165,-0.0814740395923633,397.113850448718
243,-0.736784975496143,2.21370805241922,0.738461538461539,-0.130149053727579,0.291246751218708,0.0805488487455646,-0.137196578824349,0.265278464465758,0.0640409428207047,-0.353698745289776,0.108649683075967,-0.122524531106905,-0.259443421737631,0.491968772361532,0.116262675311951,-0.228527649636033,0.25936362403031,0.0154179871971383,-0.215302082415216,0.396540546367905,0.0906192319763444,-0.251900416918769,0.180989492869289,-0.03545546202474,397.214613205128
244,-0.736784975496143,2.21370805241922,0.738461538461539,-0.0833919923683119,0.387510525886917,0.152059266759302,-0.120607772195006,0.263539846405144,0.0714660371050686,-0.332647494314372,0.227025459621984,-0.0528110173461939,-0.274543468815969,0.484268714351549,0.10486262276779,-0.292063305051798,0.194016359643269,-0.0490234727042643,-0.193126324193063,0.362944962298378,0.0849093190526578,-0.286807472281363,0.139404636743565,-0.0737014177688987,397.299496692308
245,-0.736784975496143,2.21370805241922,0.738461538461539,-0.11311206060634,0.299420449391949,0.0931541943928043,-0.114797302892044,0.294626370904368,0.0899145340061622,-0.301103905896041,0.354934260743643,0.0269151774238009,-0.214397734955001,0.43081881853157,0.108210541788285,-0.336912258078356,0.121279040286635,-0.10781660889586,-0.20954195923609,0.255797689941553,0.0231278653527318,-0.308686165676971,0.138270774163781,-0.0852076957565952,397.399742679487
246,-0.736784975496143,2.21370805241922,0.738461538461539,-0.191616275985528,0.138452615882793,-0.0265818300513678,-0.0986522223658199,0.314304064944434,0.107825921289307,-0.275517363910162,0.398874019022674,0.0616783275562561,-0.216673758721228,0.364111561029343,0.0737189011540575,-0.362908628598042,0.0737626965968372,-0.144572966000603,-0.290130582443067,0.092203184070557,-0.0989636991862552,-0.259462210885922,0.167227764848924,-0.0461172230184991,397.515897820513
247,-0.736784975496143,2.21370805241922,0.738461538461539,-0.195942092193642,0.114421232103232,-0.0407604300452053,-0.114445037548642,0.310120352967843,0.0978376577096008,-0.301469176229964,0.34897074848472,0.023750786127378,-0.167990595458313,0.269334518082569,0.050671961312128,-0.331771323516712,0.104152011584529,-0.113809655966091,-0.366452310300417,-0.0265393168594177,-0.196495813579917,-0.158089974835776,0.242110930594392,0.0420104778793077,397.616157397436
248,-0.726350693970568,2.22378659140647,0.748717948717949,-0.170439994970877,0.3034245741962,0.0664922896126618,-0.12012747830809,0.331268686393545,0.105570604042727,-0.354669334156722,0.173797949986969,-0.0904356920848765,-0.202255772747879,0.133805415700422,-0.0342251785237286,-0.262042917270024,0.137760807414096,-0.0621410549279636,-0.46953987418424,-0.128448252220891,-0.298994063202565,-0.0632044746619513,0.362529576557462,0.149662550947755,397.716150538462
249,-0.728932584626764,2.22124027693446,0.746153846153846,-0.171144090610121,0.390928242247823,0.109892075818851,-0.0691114289723041,0.567579361792271,0.249233966409983,-0.426007134107273,-0.0117769474841868,-0.21889204079573,-0.227207735691643,0.1475116666011,-0.039848034545271,-0.229619692330707,0.139741596421269,-0.0449390479547187,-0.552937369724654,-0.20821787824454,-0.380577623984597,-0.0462166661668738,0.406417387645158,0.180100360739142,397.799750717949
250,-0.728932584626764,2.22124027693446,0.746153846153846,-0.145235650752091,0.396131636875254,0.125447993061582,-0.0315770994979343,0.748228944768956,0.358325922635511,-0.516935762221364,-0.094717592270047,-0.305826677245706,-0.232702128439935,0.222408187959575,-0.00514697024017981,-0.17975959344235,0.169687207212257,-0.00503619311504681,-0.596403202614802,-0.252051196470893,-0.424227199542847,-0.0979318579858255,0.411777224733777,0.156922683373976,397.899741576923
251,-0.721313645999523,2.24951877420465,0.764102564102564,-0.206985861254005,0.24220303654848,0.0176085876472375,-0.0248088457693418,0.632937380692237,0.304064267461448,-0.510683170691348,-0.0527181008047424,-0.281700635748045,-0.219766465534789,0.324171111736055,0.0522023231006329,-0.16777737385985,0.224368569397101,0.0282955977686253,-0.56277102726953,-0.184322634413994,-0.373546830841762,-0.136951642287003,0.425900222262951,0.144474289987974,398.015898
252,-0.721313645999523,2.24951877420465,0.764102564102564,-0.25839844195752,0.153012732748987,-0.0526928546042665,-0.0904366637571485,0.393206572469674,0.151384954356263,-0.450123431659134,0.0340393570836883,-0.208042037287723,-0.181629826669702,0.278496040704945,0.0484331070176216,-0.15687179469801,0.287469390062564,0.0652987976822771,-0.526412498519812,-0.0796196343046099,-0.303016066412211,-0.177610767738527,0.392026469150747,0.10720785070611,398.11615724359
253,-0.721659417393835,2.29089018662461,0.784615384615385,-0.32364474267557,0.0541000499700434,-0.134772346352763,-0.145787805856267,0.365803316471196,0.110007755307465,-0.390629638773832,0.130902144303446,-0.129863747235193,-0.18320312947596,0.235549208009218,0.0261730392666292,-0.183689316132938,0.260303621069173,0.0383071524681176,-0.544379963242999,-0.0416412763311147,-0.293010619787057,-0.203389003192278,0.378905059419589,0.0877580281136555,398.216151820513
254,-0.744646694112326,2.36003130949694,0.807692307692308,-0.371552975122281,-0.0102470720853789,-0.19090002360383,-0.167297101471348,0.347253663246665,0.0899782808876587,-0.3772398257115,0.192209273339377,-0.0925152761860612,-0.217442796304246,0.197792753165989,-0.00982502156912856,-0.238223088581758,0.195587560455171,-0.0213177640632938,-0.539044207804806,-0.0409284775897689,-0.289986342697287,-0.205876827168554,0.374485271787514,0.0843042223094804,398.299748641026
255,-0.717036633207459,2.40934432551515,0.846153846153846,-0.309292941333345,0.0159080665108398,-0.146692437411253,-0.157893663090647,0.353041597941668,0.0975739674255101,-0.383836715024735,0.178214233185612,-0.102811240919562,-0.243905106771361,0.114629015400747,-0.0646380456853066,-0.270455109918565,0.178972265753789,-0.0457414220823878,-0.529861326340463,-0.0730037736503377,-0.3014325499954,-0.154759707958164,0.392737329135011,0.118988810588423,398.399484910256
256,-0.711034386100812,2.43411130917774,0.861538461538462,-0.217050457026318,0.152641702874557,-0.0322043770758803,-0.158119799246309,0.339129349733904,0.0905047752437978,-0.425067201468592,0.156251201090871,-0.13440800018886,-0.25539271373195,0.0409745197816659,-0.107209096975142,-0.236342885463373,0.240983990081007,0.00232055230881683,-0.549742141565087,-0.121766944218687,-0.335754542891887,-0.107468375463273,0.392898863405396,0.142715243971062,398.515643512821
257,-0.705967164230611,2.41878767705112,0.856410256410256,-0.238314143849076,0.368194994434959,0.0649404252929415,-0.201597553126631,0.265503811853612,0.0319531293634904,-0.445803615656198,0.0868061381720917,-0.179498738742053,-0.255084352320249,0.0841111169724323,-0.0854866176739086,-0.171615237664031,0.298535854742121,0.0634603085390446,-0.556558902065301,-0.149004253601542,-0.352781577833421,-0.0461320662724235,0.448618645831904,0.20124328977974,398.614875564103
258,-0.711034386100812,2.43411130917774,0.861538461538462,-0.287725452338817,0.433411436877651,0.072842992269417,-0.20469646262168,0.248932778321454,0.0221181578498868,-0.472046059166669,0.0252947348538957,-0.223375662156387,-0.224903466085149,0.212704742849943,-0.0060993616176033,-0.114896626987563,0.356057535167871,0.120580454090154,-0.5802242017454,-0.19477525520157,-0.387499728473485,0.00624408901987379,0.510282160097026,0.25826312455845,398.715125910256
259,-0.711034386100812,2.43411130917774,0.861538461538462,-0.275554920244029,0.412845571180797,0.0686453254683841,-0.216110197047555,0.248211024326235,0.01605041363934,-0.498034592338,-0.0473737204677917,-0.272704156402896,-0.189412596461036,0.333647658275046,0.0721175309070047,-0.125902587595369,0.362107178683722,0.118102295544177,-0.580058905383096,-0.200171164002826,-0.390115034692961,0.0380497133646318,0.560945188126476,0.299497450745554,398.800006538462
260,-0.741450680796153,2.52606606541154,0.892307692307692,-0.245682575756318,0.237431755346437,-0.00412541020494049,-0.179661216007414,0.330865837301073,0.0756023106468296,-0.510556230445132,-0.118701932609312,-0.314629081527222,-0.200136363987034,0.340287957130877,0.0700757965719216,-0.141663158000615,0.340173827075125,0.0992553345372552,-0.565899233641817,-0.176586566270546,-0.371242899956181,0.020321727581142,0.52373093809166,0.272026332836401,398.899742333333
261,-0.761739729691169,2.58738075533219,0.912820512820513,-0.247379999613147,0.198847250213318,-0.0242663746999145,-0.190047301199239,0.322413735857933,0.0661832173293469,-0.490269634017862,-0.133834219966793,-0.312051926992328,-0.259460403258908,0.253707981395331,-0.0028762109317885,-0.132648740803905,0.35267375332183,0.110012506258963,-0.532357648862335,-0.132428228322249,-0.332392938592292,-0.0400271291665184,0.434012344752026,0.196992607792754,399.015898051282
262,-0.771887460319066,2.61804130647291,0.923076923076923,-0.230280521256481,0.222940730210445,-0.0036698955230179,-0.187725556640683,0.297256502966541,0.0547654731629292,-0.454483218267686,-0.118843305575626,-0.286663261921656,-0.281266013179531,0.147810314684839,-0.0667278492473464,-0.115026714179245,0.401464109376687,0.143218697598721,-0.527684685632021,-0.111415845801315,-0.319550265716668,-0.0840186504310619,0.354891042915784,0.135436196242361,399.11590275641
263,-0.761332217123286,2.64851170430277,0.943589743589744,-0.160049186151507,0.317000481515548,0.0784756476820202,-0.180374060937141,0.29324269223424,0.0564343156485495,-0.409227758681984,-0.086589846339006,-0.247908802510495,-0.261746366561379,0.163283692741752,-0.0492313369098137,-0.0998023635181379,0.391418825108596,0.145808230795229,-0.523271258738231,-0.108881193394812,-0.316076226066522,-0.10341545163545,0.318573628839724,0.107579088602137,399.216151230769
264,-0.763869130495863,2.68694605357279,0.961538461538461,-0.0955474296088555,0.365370954984091,0.134911762687618,-0.196416392865917,0.396319227020964,0.0999514170775231,-0.424460571575218,-0.0646726234853818,-0.2445665975303,-0.235018456534606,0.234890035583551,-6.42104755276944e-05,-0.136910466872241,0.298108164385189,0.0805988487564736,-0.502969841532584,-0.0633502548265456,-0.283160048179565,-0.073633977887861,0.378859162005127,0.152612592058633,399.300005307692
265,-0.771861936461143,2.77186193646114,1,-0.0520412872162334,0.431403192072332,0.18968095242805,-0.252457384391679,0.449279742475355,0.098411179041838,-0.433518760183251,-0.0157969089597084,-0.22465783457148,-0.224776375146916,0.2668108180753,0.021017221464192,-0.163023583239459,0.270980797050712,0.0539786069056264,-0.484845247543685,-0.0272568381849732,-0.256051042864329,-0.0374116206740836,0.469330126120117,0.215959252723017,399.399999294872
266,-0.801935734547696,2.77116650377847,0.984615384615385,-0.0254850141578068,0.438008459749206,0.2062617227957,-0.252397298787544,0.391843976355651,0.0697233387840534,-0.43531079434695,0.00496734246875088,-0.2151717259391,-0.263040656761828,0.219313102612436,-0.0218637770746962,-0.169158687568525,0.257751735417964,0.0442965239247194,-0.478597191584378,-0.00461830559643693,-0.241607748590408,0.000399080504884657,0.609361981195623,0.304880530850254,399.515899076923
267,-0.812070362366553,2.82232677262296,1.00512820512821,-0.0563337257267393,0.354003408992251,0.148834841632756,-0.217640213387813,0.273593858343994,0.0279768224780905,-0.444154522965969,0.112970949455249,-0.16559178675536,-0.332878875009185,0.219780228656664,-0.0565493231762605,-0.14777385088798,0.295589189109371,0.0739076691106954,-0.479883705618315,0.0044233236882297,-0.237730190965043,0.0554177675802233,0.696548074503187,0.375982921041705,399.61564474359
268,-0.832486352947755,2.84274276320417,1.00512820512821,-0.0870977301746174,0.369604174477661,0.141253222151522,-0.233215209623822,0.213424871132236,-0.00989516924579318,-0.473431722443979,0.131374342237743,-0.171028690103118,-0.339621745856331,0.273369680186396,-0.0331260328349671,-0.172210176322037,0.29931037874422,0.0635501012110918,-0.472583571070249,0.0424260317163235,-0.215078769676963,0.129283300708891,0.726489035209478,0.427886167959185,399.716151115385
269,-0.824775084036628,2.87092893019047,1.02307692307692,-0.128588039593446,0.428152182560978,0.149782071483766,-0.277472503944072,0.153907184534872,-0.0617826597046,-0.450203593856966,0.139452733231779,-0.155375430312594,-0.330499584890547,0.384691436772063,0.0270959259407578,-0.187942297257706,0.297164502064244,0.054611102403269,-0.47628864971972,0.0532124740235773,-0.211538087848071,0.175270717722735,0.714401671990043,0.444836194856389,399.800004923077
270,-0.828575310383272,2.86703684884481,1.01923076923077,-0.132377481365795,0.472038720149059,0.169830619391632,-0.309501949425747,0.0781068109092449,-0.115697569258251,-0.349372297489162,0.030379340666948,-0.159496478411107,-0.298829968980095,0.291761749806809,-0.00353410958664258,-0.194097076612353,0.271223788902474,0.0385633561450604,-0.450497349355761,0.0189250437029855,-0.215786152826388,0.10414741607719,0.586417912781001,0.345282664429096,399.899998179487
271,-0.822680029492273,2.93550054231279,1.05641025641026,-0.0786211860626694,0.479112811569727,0.200245812753529,-0.288252520772319,0.103073651499788,-0.0925894346362653,-0.307756333713434,0.0538063308017898,-0.126975001455822,-0.30586467270663,0.144018612452384,-0.080923030127123,-0.216375254471346,0.253298897376266,0.0184618214524602,-0.439183950511091,-0.0363644102302275,-0.237774180370659,-0.0342536207295762,0.431650081923583,0.198698230597004,400.016155794872
272,-0.878359122528745,2.96041040458003,1.04102564102564,-0.109538927398472,0.412042438924869,0.151251755763198,-0.262763610142995,0.160063101840456,-0.0513502541512695,-0.351666661456681,0.0744886881565368,-0.138588986650072,-0.327277696678109,-0.0484254357511334,-0.187851566214621,-0.217939554270648,0.289729871410456,0.0358951585699039,-0.435617403826778,0.00314585493670018,-0.216235774445039,-0.0779628342763864,0.415604768257726,0.16882096699067,400.11564448718
273,-0.868578013047939,3.01216775663768,1.07179487179487,-0.173600779210938,0.336594391330782,0.0814968060599218,-0.313099282670398,0.122718210981179,-0.0951905358446093,-0.379078723297326,0.171377061651041,-0.103850830823143,-0.374103528165612,-0.199955745117906,-0.287029636641759,-0.18388971655165,0.382387871354441,0.0992490774013953,-0.365488208238577,0.115596117247795,-0.124946045495391,-0.0460743679402606,0.469576552900843,0.211751092480291,400.215638397436
274,-0.878142113592582,3.00121903666951,1.06153846153846,-0.233907098121958,0.242851524365954,0.00447221312199806,-0.321971017851251,0.085674895674403,-0.118148061088424,-0.423311259418858,0.207273892399532,-0.108018683509663,-0.364379296048199,-0.168488066501257,-0.266433681274728,-0.092655521164183,0.527600710898481,0.217472594867149,-0.376028482352997,0.134523747831122,-0.120752367260938,-0.0214181011698213,0.514676050498885,0.246628974664532,400.29974925641
275,-0.894119739142233,3.01719666221916,1.06153846153846,-0.22136356109044,0.265055001743561,0.0218457203265605,-0.312088693813444,0.0622822556880365,-0.124903219062704,-0.377354272742892,0.352240894921689,-0.0125566889106015,-0.315903837773928,-0.119488131814094,-0.217695984794011,-0.110063118667514,0.510310314571349,0.200123597951918,-0.408730220833777,0.0455518490359851,-0.181589185898896,-0.0485168822678207,0.454033712931386,0.202758415331783,400.399741487179
276,-0.893476065346541,3.02680939867987,1.06666666666667,-0.20165360613322,0.33524528650702,0.0667958401868997,-0.239561320188136,0.146145254448522,-0.0467080328698071,-0.362971368462424,0.248017953060147,-0.0574767077011385,-0.307806994825734,-0.0823226790304479,-0.195064836928091,-0.105954797525593,0.467878998230576,0.180962100352492,-0.465619621800819,-0.0505036531882702,-0.258061637494545,-0.0880671070929113,0.396282274576248,0.154107583741669,400.515643230769
277,-0.89847799617123,3.06258056027379,1.08205128205128,-0.1734113834989,0.325358974716249,0.0759737956086746,-0.193836461805169,0.235579374602241,0.0208714563985359,-0.256381067192553,0.345540515747307,0.0445797242773771,-0.318527341507467,-0.0487010305078167,-0.183614186007642,-0.118316720670306,0.413469000196424,0.147576139763059,-0.479396380021968,-0.0812027050175588,-0.280299542519763,-0.165116298506553,0.344038494976043,0.089461098234745,400.615389282051
278,-0.903562804099549,3.07792177845852,1.08717948717949,-0.142491859108759,0.371987712644406,0.114747926767823,-0.221442214199029,0.245107931305042,0.0118328585530064,-0.171055952800762,0.493723346674624,0.161333696936931,-0.336076466956585,-0.0377262603660936,-0.186901363661339,-0.129491284008582,0.420754299648218,0.145631507819818,-0.437942421155983,-0.0472959806730719,-0.242619200914527,-0.166505972115818,0.374907999335475,0.104201013609828,400.71589525641
279,-0.870799695059122,3.07079969505912,1.1,-0.146077462752886,0.33147727761656,0.0926999074318373,-0.236033429282383,0.241066727755763,0.00251664923669,-0.125185938091691,0.593119516141417,0.233966789024863,-0.332551632540257,-0.00875309225477603,-0.170652362397516,-0.177813406885825,0.393014003896915,0.107600298505545,-0.402267827817017,-0.0307147951636088,-0.216491311490313,-0.154705138805407,0.387941909926163,0.116618385560378,400.800004923077
280,-0.886035656626154,3.11680488739538,1.11538461538462,-0.118511339067817,0.417535986529686,0.149512323730935,-0.270525481390668,0.17562170358774,-0.0474518889014638,-0.136896160613423,0.599744203278913,0.231424021332745,-0.311504263762511,0.0402567867191482,-0.135623738521681,-0.275938141224874,0.318513978537303,0.0212879186562145,-0.39372849275392,-0.0244571310883853,-0.209092811921153,-0.151751187472118,0.387895323851165,0.118072068189524,400.899998025641
281,-0.87873415556263,3.12488800171648,1.12307692307692,-0.180305363156711,0.367839856894832,0.0937672468690606,-0.232310908585858,0.263221066015485,0.0154550787148133,-0.188873581962333,0.554470105621014,0.18279826182934,-0.269192012953001,0.113847247370172,-0.0776723827914146,-0.302285439037009,0.274516373525404,-0.0138845327558023,-0.419670559310786,-0.0240987610008956,-0.221884660155841,-0.209458615248572,0.34299097391707,0.0667661793342489,401.016153846154
282,-0.893455091810908,3.10883970719552,1.10769230769231,-0.179328346460931,0.317054126526075,0.0688628900325721,-0.22542384879565,0.413191625712214,0.093883888458282,-0.179572350161255,0.56787846568465,0.194153057761697,-0.287173386380096,0.096643379615267,-0.0952650033824143,-0.27166350682289,0.265913446425912,-0.00287503019848866,-0.426708928611173,-0.0261798215994871,-0.22644437510533,-0.202167569859826,0.367454929958098,0.0826436800491362,401.115644717949
283,-0.888495695085291,3.11413672072632,1.11282051282051,-0.176844516773208,0.405242743302854,0.114199113264823,-0.238772773701723,0.416151550322214,0.0886893883102453,-0.12330910802744,0.565600800007248,0.221145845989904,-0.307923585309855,0.0786007623998713,-0.114661411454992,-0.233686467861202,0.256318188622122,0.0113158603804601,-0.408373324444391,-0.00336706028255122,-0.205870192363471,-0.166843003212677,0.3864230191529,0.109790007970112,401.215639384615
284,-0.9164213802978,3.08565214952857,1.08461538461538,-0.152250514471476,0.478174188630372,0.162961837079448,-0.246214924104008,0.386321067710512,0.0700530718032521,-0.101491204907099,0.544451422679054,0.221480108885978,-0.347740190525461,0.132861467226121,-0.10743936164967,-0.227771085520315,0.229538531705485,0.000883723092584978,-0.380061999037425,0.0349446058214559,-0.172558696607984,-0.182169107168716,0.359218301979068,0.0885245974051755,401.299748794872
285,-0.897351969951688,3.13581350841323,1.11923076923077,-0.119384061157508,0.444374513830933,0.162495226336712,-0.184085309118363,0.387788672560231,0.101851681720934,-0.148990562917729,0.436756883846725,0.143883160464498,-0.30988772672346,0.179794199992744,-0.0650467633653584,-0.20645377551606,0.246714641093086,0.0201304327885132,-0.37603194896163,0.0426910478301177,-0.166670450565756,-0.251563461699407,0.273328121690442,0.0108823299955174,401.399741064103
286,-0.902950821020175,3.15936107743043,1.12820512820513,-0.105291569124949,0.393318127466996,0.144013279171024,-0.159291772995846,0.438101576120404,0.139404901562279,-0.235545467774581,0.287924066826159,0.026189299525789,-0.281497161060876,0.211266785915113,-0.0351151875728815,-0.188454394785788,0.299519739506482,0.0555326723603472,-0.383547868697185,0.0174909320484174,-0.183028468324384,-0.323804659680733,0.190827491010971,-0.0664885843348811,401.515386769231
287,-0.907967603887818,3.15412145004166,1.12307692307692,-0.0938189053584779,0.505469289069003,0.205825191855262,-0.152750269446004,0.404821301994888,0.126035516274442,-0.27509923540247,0.147677134126248,-0.0637110506381109,-0.369364768517741,0.19515817297724,-0.0871032977702503,-0.1899897433537,0.328688587877409,0.0693494222618545,-0.402396926423269,0.00403608862254825,-0.199180418900361,-0.345928950385188,0.17170923294513,-0.0871098587200294,401.61487551282
288,-0.923349316352299,3.15924675224973,1.11794871794872,-0.179039651186286,0.500184503000101,0.160572425906908,-0.2206632861664,0.289612140732028,0.0344744272828139,-0.251469445595875,0.113847976871634,-0.0688107343621202,-0.448865056439164,0.0854206244744563,-0.181722215982354,-0.244156858983767,0.272593872985068,0.0142185070006507,-0.398315649013244,0.0188460421101513,-0.189734803451546,-0.323501218931796,0.177822676335632,-0.0728392712980822,401.715382
289,-0.930539463534217,3.22284715584191,1.14615384615385,-0.188178383043529,0.568874633480003,0.190348125218237,-0.250971579121622,0.208922915603505,-0.0210243317590584,-0.238427177213439,0.118258498049097,-0.0600843395821714,-0.438665248454138,-0.0727095041958003,-0.255687376324969,-0.295083747420426,0.21245743782207,-0.0413131547991782,-0.402171014412593,0.00315767398833354,-0.19950667021213,-0.298609635686745,0.200115284852852,-0.0492471754169466,401.799749923077
290,-0.949319088797278,3.23393447341266,1.14230769230769,-0.170878775183243,0.520750127256374,0.174935676036565,-0.241843348000138,0.210664835172321,-0.0155892564139088,-0.226174587372698,0.153467078584957,-0.0363537543938706,-0.412871023324385,-0.215510034172348,-0.314190528748366,-0.356463695612098,0.182402285394172,-0.0870307051089632,-0.398875921594851,-0.00973434075259799,-0.204305131173724,-0.231084292068116,0.249850156325189,0.00938293212853671,401.89999848718
291,-0.95305233736246,3.22997541428554,1.13846153846154,-0.0978942628431509,0.548958359487878,0.225532048322364,-0.178532537938978,0.296245072889697,0.0588562674753593,-0.312753984965733,0.0958308861151389,-0.108461549425297,-0.381307963188705,-0.190589789489443,-0.285948876339074,-0.378217564268138,0.220778761094748,-0.0787194015866948,-0.430829349175444,0.0303397489933318,-0.200244800091056,-0.198618122293982,0.268993322173957,0.0351875999399872,402.014872615385
292,-0.964421429550572,3.21826758339673,1.12692307692308,-0.115714205891657,0.402782249046488,0.143534021577415,-0.13755218319871,0.343000938756371,0.102724377778831,-0.391656911809128,0.0353398041336718,-0.178158553837728,-0.357561101423642,-0.1594624524579,-0.258511776940771,-0.361085380282537,0.258167839665021,-0.0514587703087583,-0.427429935088964,0.0935632815438616,-0.166933326772551,-0.178430846142503,0.303760302169894,0.0626647280136951,402.114363538462
293,-0.97336282174631,3.27079871918221,1.14871794871795,-0.105856209230224,0.322582640897276,0.108363215833526,-0.121622971371278,0.331338744309001,0.104857886468862,-0.403884665352226,-0.00576466956354086,-0.204824667457883,-0.342276411273825,-0.136161434760326,-0.239218923017075,-0.341283614192414,0.241161333547311,-0.0500611403225513,-0.395684967611881,0.10500249590242,-0.145341235854731,-0.184631734739111,0.3300190138451,0.0726936395529947,402.215382730769
294,-0.953557760203896,3.29201929866543,1.16923076923077,-0.165143997744819,0.192623949896245,0.0137399760757126,-0.123261341113843,0.31638920506888,0.0965639319775182,-0.382399677708603,0.0014360937352002,-0.190481791986701,-0.345852306348076,-0.0917686858429081,-0.218810496095492,-0.281276120452987,0.265157717202599,-0.0080592016251939,-0.35179161946258,0.0990808201467977,-0.126355399657891,-0.15032968910017,0.385485924058036,0.117578117478933,402.299492666667
295,-0.968421504848127,3.29149842792505,1.16153846153846,-0.19576122725239,0.123424410476229,-0.0361684083880801,-0.136642909271967,0.310997153117516,0.0871771219227744,-0.377036321186054,-0.0109574673927348,-0.193996894289394,-0.332975685702185,-0.0282265144288678,-0.180601100065527,-0.197788936684953,0.284659064551219,0.043435063933133,-0.352414083091875,0.103835849945259,-0.124289116573308,-0.117579330014064,0.409391764005864,0.1459062169959,402.399720461538
296,-1.00806905087859,3.29524853805807,1.14358974358974,-0.221179175085892,0.103580696834796,-0.0587992391255483,-0.124625811026457,0.393722458368364,0.134548323670954,-0.374552808374106,-0.0129471935437309,-0.193750000958919,-0.286245044873448,0.155282340456296,-0.0654813522085761,-0.174404398667089,0.325442732188527,0.0755191667607186,-0.392629591781191,0.108087795747199,-0.142270898016996,-0.0717882638691738,0.452979696347459,0.190595716239143,402.51436025641
297,-1.05356657009902,3.24843836497081,1.0974358974359,-0.235025788394754,0.16819498679889,-0.0334154007979317,-0.135338054755996,0.448730548132059,0.156696246688031,-0.310017190944444,0.087651575708052,-0.111182807618196,-0.307238862510614,0.274489629265245,-0.0163746166226844,-0.205571554019853,0.301154910634833,0.0477916783074901,-0.422632244274731,0.0802084324931319,-0.1712119058908,-0.0769983296987406,0.459409346662969,0.191205508482114,402.61333774359
298,-1.06906381885526,3.27419202398346,1.1025641025641,-0.233503276239543,0.166070348336322,-0.0337164639516103,-0.140587008228143,0.389220359386288,0.124316675579073,-0.277952843560649,0.142694420005487,-0.0676292117775808,-0.315683926677785,0.262925455545172,-0.026379235566307,-0.214185740573064,0.296423689461008,0.0411189744439718,-0.420121430648502,0.0631201779467662,-0.178500626350868,-0.0449880622895236,0.489607109515307,0.222309523612892,402.714357064103
299,-1.04418114946962,3.3211042263927,1.13846153846154,-0.247611853409049,0.14900285395772,-0.0493044997256645,-0.140378258930111,0.31480190969791,0.0872118253838995,-0.260007204255642,0.167243128693538,-0.0463820377810519,-0.287305557678423,0.224757985255985,-0.0312737862112191,-0.204556854249777,0.305698229835581,0.0505706877929018,-0.438205277860815,0.0174231975339633,-0.210391040163426,-0.0316516977379847,0.482942230456639,0.225645266359327,402.799237
300,-1.07118982654786,3.41734367270171,1.17307692307692,-0.216215580021583,0.190101755185788,-0.0130569124178977,-0.123634642456039,0.295995643149532,0.0861805003467465,-0.294736293011434,0.162924828263547,-0.0659057323739436,-0.244193054756775,0.233940471299956,-0.0051262917284095,-0.176397736451943,0.3502632040566,0.0869327338023285,-0.481624416870347,-0.0423710988414286,-0.261997757855888,-0.0481874222852534,0.463611121341565,0.207711849528156,402.899998679487
301,-1.12059760245401,3.53085401271042,1.20512820512821,-0.225932738173563,0.230537906215957,0.0023025840211973,-0.113030300434901,0.35312399570995,0.120046847637525,-0.29445236774889,0.219108055803962,-0.0376721559724641,-0.242418838447985,0.24088272178964,-0.000768058329172532,-0.182082877538013,0.333757915217436,0.0758375188397114,-0.51906485966784,-0.0600756880775119,-0.289570273872676,-0.110061987412412,0.409282193209376,0.149610102898482,403.015386102564
302,-1.12570783104982,3.54622065156264,1.21025641025641,-0.19394486813579,0.337530267546283,0.0717926997052469,-0.105855464657837,0.39860054989086,0.146372542616512,-0.273168668563734,0.3104943563683,0.0186628439022827,-0.219479751025732,0.340100890203063,0.0603105695886652,-0.174754565520891,0.32617450655805,0.0757099705185794,-0.535654667610295,-0.0544719617347699,-0.295063314672532,-0.175533142350585,0.342945632677184,0.0837062451632996,403.115132089744
303,-1.15091355515258,3.52014432438335,1.18461538461538,-0.182219094791608,0.247696268615945,0.0327385869121687,-0.118558417324669,0.377019481739774,0.129230532207552,-0.243073746000714,0.372267546852917,0.0645969004261015,-0.224668259513834,0.348537369649501,0.0619345550678337,-0.20846935435908,0.265889634898236,0.0287101402695782,-0.567620037856529,-0.116347833747002,-0.341983935801766,-0.24482879604783,0.261585112485217,0.00837815821869339,403.215382730769
304,-1.17425105469698,3.52809720854313,1.17692307692308,-0.146190726507417,0.271231290575749,0.0625202820341658,-0.121563204593078,0.385736412612077,0.1320866040095,-0.249728363985105,0.333942884029514,0.0421072600222041,-0.138864486732214,0.480366106133625,0.170750809700705,-0.240062056324644,0.224774058551232,-0.00764399888670614,-0.591702343222542,-0.165943502911327,-0.378822923066934,-0.278928623036558,0.199747353487286,-0.0395906347746357,403.299236230769
305,-1.22030011566549,3.66645396181933,1.22307692307692,-0.147607419384883,0.238558686228755,0.0454756334219359,-0.128177596280768,0.356440170392568,0.1141312870559,-0.259466142522976,0.237215701554841,-0.0111252204840675,-0.0308907127779812,0.628291798375534,0.298700542798776,-0.199453285945387,0.293040679325838,0.0467936966902254,-0.607684495531263,-0.2185328788867,-0.413108687208982,-0.333973146474191,0.113635421492622,-0.110168862490784,403.399998448718
306,-1.23294096718348,3.72524865949117,1.24615384615385,-0.172881219299425,0.247903557248183,0.0375111689743787,-0.120752722577534,0.378263326521871,0.128755301972169,-0.231971715542235,0.164897122899185,-0.033537296321525,0.0199800331544913,0.775888974973712,0.397934504064102,-0.183901317985552,0.329187727377048,0.0726432046957477,-0.593985473553055,-0.226446851932852,-0.410216162742954,-0.371748670242242,0.0868346853938891,-0.142456992424177,403.515641384615
307,-1.24844120847957,3.75100531104368,1.25128205128205,-0.151593864841516,0.230742862181177,0.0395744986698304,-0.129929419956185,0.390945854965372,0.130508217504594,-0.198058844432015,0.193645788954547,-0.00220652773873413,-0.0319748663055303,0.655358313747992,0.311691723721231,-0.23247073968069,0.252332175329944,0.00993071782462718,-0.542911714877897,-0.177386518591371,-0.360149116734634,-0.313979940307027,0.167412285629032,-0.0732838273389973,403.614619807692
308,-1.28392347755622,3.91982091345366,1.31794871794872,-0.102145121513387,0.350037612133798,0.123946245310205,-0.113281882027215,0.375695959106945,0.131207038539865,-0.186337144952394,0.205200338096229,0.00943159657191768,-0.136513980121265,0.62113645319799,0.242311236538362,-0.25758344437578,0.187428384909134,-0.0350775297333231,-0.533600307962903,-0.140219105399354,-0.336909706681128,-0.281054402314728,0.23810008033161,-0.0214771609915587,403.714870282051
309,-1.33520909114013,4.04290139883244,1.35384615384615,-0.105185402037724,0.347182332219372,0.120998465090824,-0.106292223411266,0.347818371024508,0.120763073806621,-0.210313744391531,0.185328102763901,-0.0124928208138152,-0.19631065012166,0.285203310813983,0.0444463303461614,-0.27379248077655,0.151765132822124,-0.061013673977213,-0.529368571381656,-0.0960903923770338,-0.312729481879345,-0.221476546701173,0.325006324184181,0.0517648887415041,403.79949274359
310,-1.38530925080264,4.16223232772572,1.38846153846154,-0.168312115242259,0.222228384432912,0.0269581345953267,-0.090356801275596,0.391756340768958,0.150699769746681,-0.20095608133748,0.244826881550104,0.0219354001063116,-0.222377428647756,0.16242612675581,-0.0299756509459731,-0.257337920228459,0.141725600965345,-0.0578061596315571,-0.530396849342148,-0.0735657493985649,-0.301981299370356,-0.177268782374331,0.374923615295422,0.0988274164605457,403.899997948718
311,-1.42240432769394,4.27368637897599,1.42564102564103,-0.197189758848835,0.188580088078512,-0.00430483538516155,-0.101782481682198,0.469965499924055,0.184091509120928,-0.193466293870792,0.285739255869156,0.0461364809991821,-0.228056535073231,0.124329924044596,-0.0518633055143175,-0.300086687671406,0.118404636413212,-0.0908410256290968,-0.54117767656672,-0.0307276714461184,-0.285952674006419,-0.18099842354534,0.383314827222704,0.101158201838682,404.015385923077
312,-1.44287057701328,4.33517826932097,1.44615384615385,-0.190879575956912,0.244221435302353,0.0266709296727209,-0.129160665293454,0.489810175445127,0.180324755075837,-0.197327326220447,0.313325989297278,0.0579993315384155,-0.237749577981608,0.115569287470416,-0.0610901452555962,-0.282010903739812,0.142456880886361,-0.0697770114267259,-0.52677177223379,0.0531160687515667,-0.236827851741112,-0.186883274104561,0.365002752591374,0.089059739243406,404.115131935897
313,-1.48380307565195,4.45816205001093,1.48717948717949,-0.150533039931668,0.28217349530608,0.0658202276872059,-0.122843048870687,0.426787871503848,0.151972411316581,-0.168037491529212,0.37521473038572,0.103588619428254,-0.230935201180376,0.145656708590242,-0.0426392462950671,-0.276312317532461,0.14895415434775,-0.0636790815923555,-0.498160401130847,0.136913504026598,-0.180623448552124,-0.215593031564407,0.302698021255277,0.043552494845435,404.215894871795
314,-1.50426932497129,4.51965394035591,1.50769230769231,-0.140211434725371,0.26555780151721,0.0626731833959196,-0.0532677053485038,0.446373333038333,0.196552813844914,-0.166250275129194,0.383345550741206,0.108547637806006,-0.197149505729054,0.201620786712226,0.00223564049158574,-0.263440586150083,0.189292140687865,-0.0370742227311086,-0.5011757633919,0.166357505696832,-0.167409128847534,-0.193997890877461,0.298090611192922,0.0520463601577303,404.299750410256
315,-1.53113127720292,4.60036204643369,1.53461538461538,-0.0870326906670882,0.348266356195489,0.1306168327642,0.0516011449278328,0.552557288885239,0.302079216906536,-0.184045211112238,0.31391225093588,0.0649335199118214,-0.141166882971346,0.185752563179987,0.0222928401043203,-0.275609605934464,0.223716418463576,-0.0259465937354442,-0.566140490196668,0.0949999269472003,-0.235570281624734,-0.194786475142745,0.309482101984007,0.0573478134206312,404.399998794872
316,-1.5349686989503,4.61189177587337,1.53846153846154,-0.0501342173353398,0.4551086361413,0.20248720940298,0.101673259662693,0.632942827087555,0.367308043375124,-0.255828303004348,0.228656029725218,-0.0135861366395649,-0.138676328102833,0.142239326101208,0.00178149899918773,-0.274852390193335,0.24638017257218,-0.0142361088105777,-0.621685120165052,-0.000140937649751306,-0.310913028907402,-0.159585349940987,0.415378771219169,0.127896710639091,404.516154076923
317,-1.5349686989503,4.61189177587337,1.53846153846154,-0.0462768540994945,0.450394820892711,0.202058983396608,0.0504733403142781,0.554253222020346,0.302363281167312,-0.270052810756678,0.201627121967177,-0.0342128443947505,-0.124094546411644,0.218210085402402,0.0470577694953786,-0.282490106385086,0.20290448435184,-0.039792811016623,-0.587402630021957,-0.00112444548881382,-0.294263537755385,-0.118266330029778,0.477620179622203,0.179676924796213,404.615388410256
318,-1.5349686989503,4.61189177587337,1.53846153846154,-0.0424295363020818,0.464755954249659,0.211163208973789,-0.000880281764894439,0.426675216240066,0.212897467237586,-0.278642839634031,0.214260294763976,-0.0321912724350279,-0.129330802765071,0.312100857156808,0.0913850271958684,-0.292945821068219,0.196679057990038,-0.0481333815390905,-0.549193852930791,0.0286965641572994,-0.260248644386746,-0.0937473302048054,0.494954675200183,0.200603672497689,404.715382717949
319,-1.5349686989503,4.61189177587337,1.53846153846154,-0.0745319753117501,0.47955858123546,0.202513302961855,-0.0216394112777389,0.368546599919449,0.173453594320855,-0.295674269671352,0.247076289539427,-0.0242989900659628,-0.123909530947217,0.308986596590075,0.092538532821429,-0.2901301825441,0.234448961638092,-0.0278406104530038,-0.518548648728263,0.0612440807565751,-0.228652283985844,-0.126588814817134,0.42730699487832,0.150359090030593,404.799749025641
320,-1.5349686989503,4.61189177587337,1.53846153846154,-0.0892664742131131,0.466843410897881,0.188788468342384,-0.0737634327083697,0.339441530320313,0.132839048805972,-0.286786069716152,0.152876063035397,-0.0669550033403773,-0.169340838672053,0.19455542433368,0.0126072928308135,-0.253629179287962,0.252853562767649,-0.000387808260156394,-0.478044189863248,0.0901350018127533,-0.193954594025247,-0.180659623478385,0.345998491972889,0.0826694342472521,404.899998179487
321,-1.5349686989503,4.61189177587337,1.53846153846154,-0.123800260173266,0.378462861054068,0.127331300440401,-0.160356350264706,0.334546135081204,0.0870948924082488,-0.211982579540369,0.227467538656489,0.00774247955805997,-0.161406511175744,0.17488272552093,0.00673810717259319,-0.306311834213934,0.188677649440037,-0.0588170923869484,-0.435592633011398,0.0895542468080011,-0.173019193101699,-0.25824809879565,0.242076592786288,-0.00808575300468123,405.016153846154
322,-1.5349686989503,4.61189177587337,1.53846153846154,-0.129908782957183,0.338193460380022,0.10414233871142,-0.194142556868063,0.307452334497183,0.0566548888145602,-0.183959959650065,0.243692663777381,0.029866352063658,-0.157198579139195,0.245879425574495,0.04434042321765,-0.334369665909123,0.139037149349549,-0.0976662582797867,-0.443454334808861,0.0374941566417448,-0.202980089083558,-0.291169787115269,0.188405119962339,-0.0513823335764652,405.115644641026
323,-1.5349686989503,4.61189177587337,1.53846153846154,-0.131192539403034,0.343891786134976,0.106349623365971,-0.179538434397962,0.302079088002512,0.061270326802275,-0.177456895060679,0.252488860832727,0.0375159828860239,-0.153777346894988,0.333411042283984,0.0898168476944981,-0.375430663833284,0.08704280027191,-0.144193931780687,-0.480726774828602,-0.0255439334961541,-0.253135354162378,-0.314652113495307,0.146713065270511,-0.0839695241123977,405.215381807692
324,-1.5349686989503,4.61189177587337,1.53846153846154,-0.113225523760381,0.349578024905636,0.118176250572628,-0.169544525762375,0.27485446422548,0.0526549692315524,-0.18135520948953,0.271972621391119,0.0453087059507948,-0.180284229648676,0.284806219682401,0.0522609950168626,-0.369890580567368,0.126797945073213,-0.121546317747078,-0.504128675897197,-0.0600294225676237,-0.28207904923241,-0.315920351494457,0.138979343015654,-0.0884705042394015,405.299493871795
325,-1.5349686989503,4.61189177587337,1.53846153846154,-0.156052644387342,0.348406012301553,0.0961766839571057,-0.179927554272407,0.236904164988853,0.0284883053582229,-0.194570872169821,0.245844035128382,0.0256365814792804,-0.147624851461784,0.372585881662158,0.112480515100187,-0.359415415577179,0.139300628049365,-0.110057393763907,-0.506256917096394,-0.074700961431904,-0.290478939264149,-0.270716921692263,0.183452929335369,-0.043631996178447,405.399997602564
326,-1.5349686989503,4.61189177587337,1.53846153846154,-0.159058464281522,0.351638537586,0.0962900366522388,-0.201154911336276,0.215750089689104,0.00729758917641379,-0.220060186043666,0.189352787442109,-0.0153536993007784,-0.152299599713945,0.502147391000435,0.174923895643245,-0.343306335682786,0.127771848800335,-0.107767243441225,-0.391319838264067,0.047074329945842,-0.172122754159112,-0.155065107581726,0.328066896148561,0.0865008942834176,405.51641025641
327,-1.5349686989503,4.61189177587337,1.53846153846154,-0.138771033200633,0.326335574592659,0.0937822706960128,-0.2221930552329,0.182147605245767,-0.0200227249935665,-0.178263469990009,0.223694305618946,0.0227154178144687,-0.170147514173847,0.514580056547173,0.172216271186663,-0.444713956555903,-0.00646129577324317,-0.225587626164573,-0.314418318466897,0.16593245842475,-0.0742429300210734,-0.163905115602391,0.350112413171204,0.0931036487844065,405.615900820513
328,-1.5349686989503,4.61189177587337,1.53846153846154,-0.142976396175488,0.281238216658541,0.0691309102415265,-0.204628922688791,0.22381678087803,0.00959392909461945,-0.145926138032815,0.242910188139351,0.0484920250532678,-0.213185511792086,0.442344589048767,0.114579538628341,-0.512080717331102,-0.104150432448785,-0.308115574889944,-0.274554260122681,0.217889718663301,-0.0283322707296901,-0.198567787822381,0.329027691727625,0.0652299519526224,405.715896602564
329,-1.5349686989503,4.61189177587337,1.53846153846154,-0.115604908410032,0.334001255249765,0.109198173419867,-0.118891749079695,0.372339874065611,0.126724062492958,-0.127144228045391,0.265465151343243,0.0691604616489257,-0.232007296220686,0.706213187118845,0.237102945449079,-0.521490922179243,-0.111066818075344,-0.316278870127293,-0.318718669521367,0.154022134230485,-0.0823482676454408,-0.244834167177779,0.257465286416425,0.00631555961932295,405.800005153846
330,-1.5349686989503,4.61189177587337,1.53846153846154,-0.079524711914665,0.400178486460977,0.160326887273156,-0.0999416540832823,0.400600930956746,0.150329638436732,-0.134729504579988,0.297593336844004,0.0814319161320077,-0.203892785769145,0.491365124438921,0.143736169334888,-0.500234257898598,-0.0554648907051863,-0.277849574301892,-0.365561464097245,0.0854969268233752,-0.140032268636935,-0.230255764648603,0.243332295637413,0.00653826549440539,405.899997641026
331,-1.5349686989503,4.61189177587337,1.53846153846154,-0.0794028287768474,0.528547683780144,0.224572427501648,-0.0754107199535202,0.401463404186556,0.163026342116518,-0.129529988068214,0.393771628217301,0.132120820074543,-0.238876262159918,0.526477545608379,0.14380064172423,-0.459724912720376,0.032894070268668,-0.213415421225854,-0.386784070078027,0.0884445710924724,-0.149169749492778,-0.16038884600817,0.308096415653957,0.0738537848228931,406.016154358974
332,-1.5349686989503,4.61189177587337,1.53846153846154,-0.111550965132791,0.559380548296339,0.223914791581774,-0.0465111697792093,0.471635854872642,0.212562342546716,-0.095191047461135,0.4663947398512,0.185601846195033,-0.245038165517796,0.471555817938512,0.113258826210358,-0.446127935860356,0.0350093117143745,-0.205559312072991,-0.374960393068111,0.108289379320026,-0.133335506874042,-0.124045874213837,0.343723980494784,0.109839053140473,406.11615724359
333,-1.5349686989503,4.61189177587337,1.53846153846154,-0.134740630489377,0.395525711533715,0.130392540522169,-0.00644780913692731,0.587134026719288,0.29034310879118,-0.0849621514543215,0.495770100885817,0.205403974715748,-0.208874764064492,0.349523961216037,0.0703245985757725,-0.422918209375549,0.0419074312347589,-0.190505389070395,-0.403066162410756,0.112335567976254,-0.145365297217251,-0.164886838883329,0.306095722341976,0.0706044417293233,406.216407282051
334,-1.5349686989503,4.61189177587337,1.53846153846154,-0.120385202026689,0.311862252638119,0.0957385253057149,-0.0276281853831291,0.603172416908782,0.287772115762827,-0.111990646821552,0.495925484032959,0.191967418605704,-0.235432776165061,0.187422225039387,-0.0240052755628366,-0.419216811983377,0.0449491475853928,-0.187133832198992,-0.447179583103538,0.112958758123306,-0.167110412490116,-0.182715693452099,0.30455903428174,0.0609216704148203,406.300004923077
335,-1.5349686989503,4.61189177587337,1.53846153846154,-0.0539662283117199,0.379379777680762,0.162706774684521,-0.0794968524905553,0.676783224320874,0.29864318591516,-0.0669515389550053,0.510054630149786,0.221551545597391,-0.201685010875628,0.342694809349389,0.0705048992368803,-0.369026313954453,0.0427994985781361,-0.163113407688159,-0.452418446306641,0.112996995539568,-0.169710725383536,-0.277232750048947,0.274357485803684,-0.00143763212263151,406.399826615385
336,-1.5349686989503,4.61189177587337,1.53846153846154,-0.00840984219436465,0.485577339663656,0.238583748734645,-0.139788572006514,0.405960691411504,0.133086059702495,-0.0120827843349017,0.505450872341257,0.246684044003178,-0.167076818219717,0.337377605027844,0.0851503934040638,-0.362941892914671,0.0096592501283943,-0.176641321393139,-0.479400396893325,0.014687720240361,-0.232356338326482,-0.283403741112332,0.255426336081877,-0.0139887025152279,406.515384923077
337,-1.5349686989503,4.61189177587337,1.53846153846154,-0.0163674113637746,0.484563535947113,0.234098062291669,-0.171661768628217,0.292976464940261,0.0606573481560218,0.0352097218138242,0.547869177199001,0.291539449506413,-0.0982710235003785,0.344940792954745,0.123334884727183,-0.403677351098132,-0.0281432701819891,-0.21591031064006,-0.468982675302178,-0.0356355430105245,-0.252309109156351,-0.286300512156703,0.237117497072591,-0.0245915075420559,406.615134179487
338,-1.5349686989503,4.61189177587337,1.53846153846154,-0.0228651239939472,0.53121342852178,0.254174152263916,-0.168901899627318,0.226045298395649,0.0285716993841654,0.0894266657331689,0.635728170632591,0.36257741818288,-0.108206039153986,0.284520351560041,0.0881571562030273,-0.420915407273539,-0.048175711835572,-0.234545559554556,-0.49254786433178,-0.0771729117752496,-0.284860388053515,-0.31078296889284,0.175117408496186,-0.0678327801983269,406.715638358974
339,-1.5349686989503,4.61189177587337,1.53846153846154,-0.0817781495636217,0.632982877133857,0.275602363785118,-0.141970018505425,0.250096517136299,0.0540632493154368,0.126059285026868,0.708483105972692,0.41727119549978,-0.144356910674849,0.243859475393134,0.0497512823591421,-0.450149079957459,-0.0679485752065679,-0.259048827582014,-0.492451578803357,-0.0840421005768406,-0.288246839690099,-0.36723081730643,0.113035484295169,-0.12709766650563,406.799748564103
340,-1.5349686989503,4.61189177587337,1.53846153846154,-0.0545021182224743,0.70137194118955,0.323434911483538,-0.12430133958156,0.309487661401084,0.092593160909762,0.126169207256664,0.741314148872634,0.433741678064649,-0.191224268845008,0.152496857275727,-0.0193637057846404,-0.479364738227894,-0.102517331578568,-0.290941034903231,-0.500597075355484,-0.120150057202279,-0.310373566278881,-0.384860789631825,0.103025908152483,-0.140917440739671,406.899485910256
341,-1.5349686989503,4.61189177587337,1.53846153846154,-0.040490779371869,0.609501675860346,0.284505448244239,-0.067392825911206,0.411271718373771,0.171939446231283,0.0552305044765188,0.67977939272066,0.36750494859859,-0.170504229598329,0.198129000545206,0.0138123854734389,-0.497663205229727,-0.104638359541808,-0.301150782385767,-0.53287270769372,-0.154908646970466,-0.343890677332093,-0.332382089778642,0.183323628222763,-0.0745292307779394,407.015386
342,-1.5349686989503,4.61189177587337,1.53846153846154,-0.0732239140878337,0.495801540259689,0.211288813085927,-0.045000374257195,0.441035456516263,0.198017541129534,-0.03128228346486,0.546041916487759,0.25737981651145,-0.173859630031845,0.191048848983425,0.00859460947579037,-0.35473788840622,0.0637024210530631,-0.145517733676578,-0.563043945444342,-0.161357564448586,-0.362200754946464,-0.294010519166764,0.232234786460634,-0.0308878663530652,407.115388217949
343,-1.5349686989503,4.61189177587337,1.53846153846154,-0.0789264015148568,0.425715690573353,0.173394644529248,-0.0433941002271986,0.418037618124356,0.187321758948579,-0.0969520320076568,0.458191540920253,0.180619754456298,-0.213734990043406,0.232368885846689,0.00931694790164164,-0.240071844830383,0.212476896532462,-0.0137974741489605,-0.580277222007932,-0.176484792344173,-0.378381007176052,-0.302281622807537,0.219646391825736,-0.0413176154909008,407.215381846154
344,-1.5349686989503,4.61189177587337,1.53846153846154,-0.0959095554213814,0.391508422418152,0.147799433498385,-0.0901853665954835,0.392181503179236,0.150998068291876,-0.150578460454713,0.400232546135413,0.12482704284035,-0.234717896406725,0.205771996947248,-0.0144729497297382,-0.212698692458709,0.262332134297529,0.0248167209194101,-0.554303865895456,-0.161267463713081,-0.357785664804268,-0.296766281665282,0.241914808469221,-0.0274257365980303,407.299749179487
345,-1.5349686989503,4.61189177587337,1.53846153846154,-0.151877650409733,0.349623889787171,0.098873119688719,-0.105818159725022,0.393634274213643,0.143908057244311,-0.218871665836764,0.293803671725582,0.0374660029444088,-0.2720092024653,0.144332487066313,-0.0638383576994934,-0.270285532743825,0.20418333267039,-0.0330511000367178,-0.528246838880178,-0.117066806155122,-0.32265682251765,-0.245916278835932,0.30666202718043,0.0303728741722488,407.399997628205
346,-1.5349686989503,4.61189177587337,1.53846153846154,-0.14429478918591,0.370480455375446,0.113092833094768,-0.136925318507675,0.310401030333348,0.0867378559128365,-0.182262540230007,0.451812186837004,0.134774823303498,-0.240967411379603,0.15872412981816,-0.0411216407807212,-0.418400757320047,0.00284075350510294,-0.207780001907472,-0.520685182283694,-0.0600778283870506,-0.290381505335372,-0.217185965896606,0.335937345056183,0.0593756895797886,407.515897948718
347,-1.5349686989503,4.61189177587337,1.53846153846154,-0.0266726428554691,0.512654488287699,0.242990922716115,-0.13270110823347,0.305976231998291,0.0866375618824103,-0.127282998755947,0.498860811101267,0.18578890617266,-0.192486509715707,0.283101254491472,0.0453073723878821,-0.470342217119491,-0.0516547489360945,-0.260998483027793,-0.508149514655201,-0.00882100228095547,-0.258485258468078,-0.222814758321418,0.36122727063674,0.069206256157661,407.615133589744
348,-1.51408875234333,4.63203747029205,1.55897435897436,0.120177806032729,0.75871811616851,0.439447961100619,-0.171894882041795,0.257077038636667,0.0425910782974358,-0.0795222339211534,0.530307993812179,0.225392879945513,-0.178049960829821,0.408563904898216,0.115256972034198,-0.489422551834778,-0.0351803485602441,-0.262301450197511,-0.487783395673579,0.0529840092467282,-0.217399693213425,-0.197083898530243,0.39866750835396,0.100791804911858,407.714869282051
349,-1.49626703937136,4.65011319321752,1.57692307692308,0.129458979966347,1.03813092535902,0.583794952662685,-0.18381305299066,0.248775236576507,0.0324810917929239,-0.126571747821745,0.467995479619316,0.170711865898786,-0.171976526054329,0.505967735588831,0.166995604767251,-0.459029762696327,0.0393720267071165,-0.209828867994605,-0.510087519243706,0.0230536314521685,-0.243516943895769,-0.151359996253241,0.427851606877335,0.138245805312047,407.799492615385
350,-1.53101209172024,4.61562747633563,1.54230769230769,0.0918828970094717,1.11162162343949,0.60175226022448,-0.165170784030308,0.258900316923191,0.0468647664464414,-0.150623427980339,0.372568883246059,0.11097272763286,-0.130625725277435,0.56330947598988,0.216341875356223,-0.368465286670635,0.135042194116397,-0.116711546277119,-0.514593270375,0.00848703307872031,-0.25305311864814,-0.135349546064303,0.436933446392677,0.150791950164187,407.899997935897
351,-1.51408875234333,4.63203747029205,1.55897435897436,0.0536883146338556,1.07608344592612,0.564885880279989,-0.107513770526556,0.415897317582665,0.154191773528055,-0.185729737946515,0.256400072998601,0.0353351675260432,-0.143700619626126,0.898314310628556,0.377306845501215,-0.252304730648696,0.273411427244561,0.0105533482979324,-0.542501988535555,-0.0059851137900625,-0.274243551162809,-0.139641753710525,0.438854849984989,0.149606548137232,408.015384615385
