slice,ci_lower_diskomfort,ci_upper_diskomfort,mean_diskomfort,ci_lower_anger_sm,ci_upper_anger_sm,mean_fl_anger_sm,ci_lower_disgust_sm,ci_upper_disgust_sm,mean_fl_disgust_sm,ci_lower_fear_sm,ci_upper_fear_sm,mean_fl_fear_sm,ci_lower_happiness_sm,ci_upper_happiness_sm,mean_fl_happiness_sm,ci_lower_sadness_sm,ci_upper_sadness_sm,mean_fl_sadness_sm,ci_lower_surprise_sm,ci_upper_surprise_sm,mean_fl_surprise_sm,ci_lower_neutral_sm,ci_upper_neutral_sm,mean_fl_neutral_sm,mean_rel_zeit_s
1,,,0,-0.253814627271396,0.24125056070203,-0.00628203328468333,-0.307544747998614,0.124826395890966,-0.091359176053824,-0.279754500214268,0.161435604717881,-0.0591594477481935,-0.294655957038957,0.187618091400901,-0.0535189328190279,-0.246214169155582,0.313360470111249,0.0335731504778331,0.0105920821456917,0.606296636080622,0.308444359113157,-0.331380624569422,0.265359932309576,-0.0330103461299231,261.999743589744
2,,,0,-0.226171556055549,0.217554521844052,-0.00430851710574821,-0.383525784095128,0.050532685499082,-0.166496549298023,-0.326620284618564,0.12731420841035,-0.0996530381041069,-0.300317751311796,0.170428422409813,-0.0649446644509915,-0.207773706285833,0.387179398587577,0.0897028461508719,0.00807973937808565,0.620598659296984,0.314339199337535,-0.2759509584535,0.282732093470927,0.0033905675087136,262.11615724359
3,,,0,-0.221032722948439,0.300505965336054,0.0397366211938079,-0.436248011287541,0.0342117252773047,-0.201018143005118,-0.378075986154775,0.0341053676739458,-0.171985309240415,-0.266632002856328,0.14509606901855,-0.0607679669188887,-0.172712305965738,0.42481753292221,0.126052613478236,0.0261229305922947,0.64378935787841,0.334956144235352,-0.210534404397903,0.319402696846379,0.0544341462242378,262.216406974359
4,,,0,-0.229817592399553,0.368341505421085,0.0692619565107662,-0.488732261743147,-0.0487431556676657,-0.268737708705407,-0.365721465001276,0.0543347389382284,-0.155693363031524,-0.242834895226813,0.21068959058216,-0.0160726523223267,-0.175077667335134,0.447562996312324,0.136242664488595,0.0578120292539219,0.692648704448234,0.375230366851078,-0.134653443777816,0.384055392743204,0.124700974482694,262.300004923077
5,,,0,-0.220349850365208,0.440868751680225,0.110259450657508,-0.493247438068914,-0.106777873077128,-0.300012655573021,-0.314259238065649,0.073382324967066,-0.120438456549292,-0.212908811059715,0.250716793786267,0.0189039913632762,-0.218742001511756,0.394293035637759,0.0877755170630015,0.0916021925647888,0.717101478769513,0.404351835667151,-0.0801734573018762,0.445188056647417,0.18250729967277,262.39999748718
6,,,0,-0.18994125979522,0.416181723333829,0.113120231769304,-0.498624777550057,-0.0774661049344168,-0.288045441242237,-0.200281335001951,0.302410129234067,0.0510643971160581,-0.195264127343473,0.286140591695254,0.0454382321758908,-0.217149061578457,0.406049993406197,0.0944504659138704,0.0590653371425924,0.660340679259994,0.359703008201293,-0.0736607993420666,0.48760436256893,0.206971781613432,262.516410461538
7,,,0,-0.19770604319527,0.430218820171265,0.116256388487998,-0.454494181241623,0.0191105057821001,-0.217691837729761,-0.130758769624992,0.426129950564648,0.147685590469828,-0.200908320346882,0.313780278207522,0.0564359789303197,-0.241746470800198,0.359552645847372,0.0589030875235867,0.0632490014758563,0.667061895919563,0.36515544869771,-0.154775386031924,0.39025810561646,0.117741359792268,262.616413589744
8,,,0,-0.176254961033109,0.417605511160758,0.120675275063825,-0.42656302558447,0.0807937766416438,-0.172884624471413,-0.0906928311365087,0.508151572703177,0.208729370783334,-0.185543605238267,0.309333116659016,0.0618947557103748,-0.277836855047893,0.321823580962049,0.0219933629570778,0.0525013765085349,0.663968123895008,0.358234750201771,-0.219244771597776,0.31959056879737,0.0501728985997971,262.716406974359
9,,,0,-0.179944545753172,0.411911733171101,0.115983593708965,-0.392090552390367,0.122865812652867,-0.13461236986875,-0.0900316489458318,0.530706128685455,0.220337239869812,-0.151324148672691,0.349054073646525,0.098864962486917,-0.294853050594021,0.287668511512343,-0.00359226954083877,0.0712585930080809,0.67973110395533,0.375494848481705,-0.254815215235612,0.254475132021711,-0.000170041606950635,262.800004923077
10,,,0,-0.109432695056989,0.407459097431959,0.149013201187485,-0.370862190434799,0.131022952793038,-0.11991961882088,-0.0553678392635526,0.55294644537016,0.248789303053304,-0.142831815936427,0.360887880240239,0.109028032151906,-0.286409559160601,0.311207467059431,0.0123989539494146,0.0174534435471447,0.596309433760497,0.306881438653821,-0.250929356539482,0.266063093264974,0.00756686836274585,262.899997487179
11,,,0,-0.106309670993031,0.457202244657385,0.175446286832177,-0.373726770527344,0.0941561055441279,-0.139785332491608,-0.0828301680891682,0.574429632134563,0.245799732022697,-0.142648114417909,0.697043705600891,0.277197795591491,-0.306570302966861,0.31311424776962,0.00327197240137972,0.0262360748395792,0.616130170090999,0.321183122465289,-0.246331320646523,0.242238373553195,-0.00204647354666415,263.016154051282
12,,,0,-0.101014360813165,0.497189420943973,0.198087530065404,-0.359037771637216,0.0952875624925084,-0.131875104572354,-0.101926419964001,0.574536586689107,0.236305083362553,-0.153229751727135,0.551892843836407,0.199331546054636,-0.361837017342418,0.216425866459635,-0.0727055754413913,0.0200363931446265,0.598889454929807,0.309462924037217,-0.223309121442021,0.320152750659398,0.0484218146086886,263.11615724359
13,,,0,-0.117700724320534,0.414888095718854,0.14859368569916,-0.299291379153792,0.175967545120682,-0.0616619170165551,-0.158905033066681,0.41977389590974,0.130434431421529,-0.173195726197112,0.416430798027207,0.121617535915048,-0.389491770120596,0.137239903842672,-0.126125933138962,-0.0286373260880916,0.521602762254708,0.246482718083308,-0.241913332035035,0.357270037104509,0.0576783525347371,263.216407128205
14,,,0,-0.106998567077858,0.308022184656355,0.100511808789249,-0.224993260918852,0.28173165638931,0.0283691977352292,-0.165402280887454,0.329827688822297,0.0822127039674212,-0.18077988722039,0.338712621716753,0.0789663672481813,-0.401653315329491,0.155445345268637,-0.123103985030427,-0.0946012962126884,0.4240681469066,0.164733425346956,-0.290311868069304,0.329908034731036,0.019798083330866,263.300004923077
15,,,0,-0.187790200824968,0.232649359548756,0.0224295793618941,-0.186261868231783,0.367261071783901,0.090499601776059,-0.19969300282697,0.29206426925537,0.0461856332142001,-0.153401368370974,0.290519703330504,0.0685591674797655,-0.422890171536123,0.196762110212538,-0.113064030661792,-0.11355739595495,0.353879092546508,0.120160848295779,-0.34725402879223,0.217787922520671,-0.0647330531357795,263.399997641026
16,,,0,-0.192479735267437,0.284417947721316,0.0459691062269396,-0.219181157818251,0.311374070369214,0.0460964562754813,-0.117401793796435,0.377346949155535,0.12997257767955,-0.126090211479861,0.2762912733394,0.0751005309297696,-0.387038829795271,0.248682829778458,-0.0691780000084069,-0.0820999770080649,0.378022488116282,0.147961255554109,-0.407207322007605,0.119807605426337,-0.143699858290634,263.51641025641
17,,,0,-0.163670245145557,0.304652979528076,0.0704913671912594,-0.259086459031599,0.162842035463744,-0.0481222117839274,-0.0634884702306759,0.440970897129825,0.188741213449575,-0.123762084857536,0.281669981112238,0.0789539481273508,-0.337128578020612,0.319323185173951,-0.00890269642333035,-0.000588508330203555,0.482226249836646,0.240818870753221,-0.399052312396187,0.0942552648951348,-0.152398523750526,263.616413589744
18,,,0,-0.160262195488466,0.302349391595984,0.0710435980537594,-0.358841350033136,0.0239781887120035,-0.167431580660566,-0.0778738782881565,0.376522864710833,0.149324493211338,-0.124790412034337,0.222248702577011,0.048729145271337,-0.3006713857676,0.335272228635817,0.0173004214341084,0.0757984899765502,0.704084171455111,0.389941330715831,-0.353301034491448,0.111167047030285,-0.121066993730582,263.716407128205
19,,,0,-0.153782909313448,0.330517613817333,0.0883673522519429,-0.382773410944067,0.0498770563360889,-0.166448177303989,-0.0739300945023777,0.3780385127148,0.152054209106211,-0.167447871609254,0.243336784244007,0.0379444563173768,-0.316120226185922,0.288897960250881,-0.0136111329675205,0.0937640859213141,0.810738236160143,0.452251161040729,-0.366069827877469,0.0947264237870786,-0.135671702045195,263.800004923077
20,,,0,-0.126494776680994,0.290436361402591,0.0819707923607987,-0.374895420124756,0.0944654557365237,-0.140214982194116,-0.0583586225133415,0.326707709902568,0.134174543694613,-0.172748356375854,0.417778337098488,0.122514990361317,-0.384216438100618,0.159708040426499,-0.11225419883706,0.10000625868503,0.764901088725148,0.432453673705089,-0.40484969589676,0.0495594950530542,-0.177645100421853,263.899997487179
21,,,0,-0.0935728203202397,0.259162745463895,0.0827949625718274,-0.355674936480388,0.153832372569509,-0.10092128195544,-0.0313238358948253,0.415943019050252,0.192309591577713,-0.186643945853466,0.51555650750587,0.164456280826202,-0.424730692396984,0.0532341637304394,-0.185748264333272,0.118937840746152,0.687244704986662,0.403091272866407,-0.431944883518216,0.00713870908135204,-0.212403087218432,264.01641025641
22,,,0,-0.1543877600897,0.412629004212744,0.129120622061522,-0.384001155816573,0.156777108211445,-0.113612023802564,-0.0275888854244254,0.509222702162315,0.240816908368945,-0.197803152814462,0.428122397581262,0.1151596223834,-0.388371695764135,0.0946888788521193,-0.146841408456008,0.13049773042145,0.741052999011497,0.435775364716474,-0.417291990954906,-0.00391602094266532,-0.210604005948786,264.116413589744
23,,,0,-0.173880751255558,0.429509235103387,0.127814241923914,-0.415196844475132,0.164759117165632,-0.12521886365475,-0.0611326609096489,0.472301784083143,0.205584561586747,-0.215910456792757,0.254740408940465,0.019414976073854,-0.405360675473827,0.1013047971789,-0.152027939147464,0.181988563876272,0.824967924631254,0.503478244253763,-0.368155933849643,0.0620506507269538,-0.153052641561344,264.216406974359
24,,,0,-0.184412790824289,0.440152194105573,0.127869701640642,-0.407903753298907,0.175196717662141,-0.116353517818383,-0.0608853838174986,0.412727232249799,0.17592092421615,-0.22235582078102,0.265971614686666,0.0218078969528232,-0.407519991272945,0.0890041891697631,-0.159257901051591,0.188452762079793,0.821388921025946,0.504920841552869,-0.390497694723184,0.0580344220093243,-0.16623163635693,264.300004923077
25,,,0,-0.184096329723721,0.328381751332243,0.072142710804261,-0.348331888982404,0.166529073120489,-0.0909014079309577,-0.100108993795594,0.320247049802716,0.110069028003561,-0.18959548465483,0.275549823019626,0.0429771691823981,-0.390976280587656,0.0734323325630019,-0.158771974012327,0.172330175124979,0.792146188252115,0.482238181688547,-0.351286391148359,0.0996641494751266,-0.125811120836616,264.39999748718
26,,,0,-0.134031894846832,0.405891966209865,0.135930035681516,-0.301854555347319,0.198655070375507,-0.0515997424859057,-0.13507213433491,0.320874788107814,0.0929013268864517,-0.199229207680198,0.202276869283534,0.00152383080166845,-0.375629340880344,0.073992735622084,-0.15081830262913,0.0973447109796977,0.687354006725441,0.392349358852569,-0.39047915875762,0.0482075629320395,-0.17113579791279,264.516153846154
27,,,0,-0.134896392037819,0.347336793212935,0.106220200587558,-0.277728700780891,0.241304993593119,-0.018211853593886,-0.193711299886042,0.288187418661385,0.0472380593876711,-0.198449008432214,0.168966307967299,-0.0147413502324578,-0.3768326994748,0.0649408164563741,-0.155945941509213,0.0472026227725602,0.57978730453176,0.31349496365216,-0.394443177535512,0.0565749469574248,-0.168934115289044,264.61615724359
28,,,0,-0.132576288890105,0.361174771207966,0.11429924115893,-0.260476619478788,0.232090403455257,-0.0141931080117658,-0.218275984447837,0.252658902538122,0.0171914590451424,-0.167712568975736,0.215477873812138,0.0238826524182009,-0.383896227187047,0.0471596807927038,-0.168368273197172,0.010949741634962,0.486709243378134,0.248829492506548,-0.426927152735182,0.0373583886167746,-0.194784382059204,264.716406974359
29,,,0,-0.177753500973618,0.433396231181287,0.127821365103835,-0.257101854854759,0.216479100308047,-0.0203113772733564,-0.196268259054322,0.281630666435895,0.0426812036907866,-0.115721211277152,0.310776499149061,0.0975276439359544,-0.384040461074361,0.0300499708518201,-0.17699524511127,-0.0225959803268784,0.455518194569607,0.216461107121364,-0.488992921131311,0.00407391970999135,-0.24245950071066,264.800004923077
30,,,0,-0.230779542306465,0.468218677238555,0.118719567466045,-0.211753414591318,0.194550214138771,-0.00860160022627347,-0.197380055937113,0.271069829154017,0.0368448866084522,-0.0955208278501234,0.354833411232848,0.129656291691362,-0.378368197378717,0.0624160170590687,-0.157976090159824,-0.0120696766876189,0.487494030703116,0.237712177007749,-0.507681503210083,-0.0397953274496725,-0.273738415329878,264.899997487179
31,,,0,-0.279258673082009,0.333229425119682,0.0269853760188362,-0.182548179493634,0.193959752773723,0.00570578664004408,-0.251569796800354,0.25616545022373,0.00229782671168773,-0.0557917655905249,0.461775985278162,0.202992109843819,-0.363706993128021,0.091577592098786,-0.136064700514618,-0.0158081954816464,0.525250553534969,0.254721179026661,-0.521027275916976,-0.0564665337604351,-0.288746904838705,265.01641025641
32,,,0,-0.293673230282489,0.190597027154183,-0.0515381015641534,-0.150817244302273,0.21711164790299,0.0331472018003585,-0.308691762657821,0.190251473384878,-0.0592201446364717,-0.0826572958792197,0.513745089129657,0.215543896625218,-0.32426784935101,0.130899892028294,-0.096683978661358,-0.0133345467511458,0.511553123629837,0.249109288439346,-0.52491022605867,-0.0590631254908085,-0.291986675774739,265.116413589744
33,,,0,-0.281867348055223,0.148396889369237,-0.0667352293429929,-0.197258584853696,0.167325821189458,-0.0149663818321186,-0.297128183304179,0.195335624489907,-0.0508962794071357,-0.0767494537381066,0.46968860091577,0.196469573588832,-0.286177923492598,0.184405054321048,-0.0508864345857749,-0.0062589167541632,0.448488165915934,0.221114624580885,-0.5612201105816,-0.0791524787772538,-0.320186294679427,265.216150538462
34,,,0,-0.307396920164017,0.0966192393467482,-0.105388840408634,-0.253650240391955,0.142085067518938,-0.0557825864365085,-0.270702312758744,0.256262783319696,-0.00721976471952432,-0.0859989140253365,0.420850585628613,0.167425835801638,-0.25482483235593,0.282299975805863,0.0137375717249661,0.0213121326142998,0.45028270552833,0.235797419071315,-0.562710575230358,-0.0572773914146328,-0.309993983322495,265.299748641026
35,,,0,-0.340531680513903,0.126741038885049,-0.106895320814427,-0.31339264497222,0.111622539288853,-0.100885052841684,-0.23247918738808,0.354665353958936,0.061093083285428,-0.120930655672698,0.394626459930745,0.136847902129024,-0.220032140224837,0.36568902155206,0.0728284406636116,0.0408292660929664,0.488069835265137,0.264449550679052,-0.555321463399082,-0.0530182480781522,-0.304169855738617,265.399997487179
36,,,0,-0.372860030563175,0.105633815048565,-0.133613107757305,-0.326786651588359,0.191713087374199,-0.0675367821070798,-0.215466528390338,0.441456474359141,0.112994972984401,-0.169128176309246,0.40689112054495,0.118881472117852,-0.218606938626665,0.394972344579842,0.0881827029765884,0.0552624487177506,0.518693019830369,0.28697773427406,-0.551404271615322,-0.0712988339934251,-0.311351552804373,265.51641025641
37,,,0,-0.315747076555975,0.184407476996426,-0.0656697997797744,-0.307584721577524,0.227161850867769,-0.0402114353548771,-0.182066448383074,0.427870022175058,0.122901786895992,-0.151919565574969,0.302889558561167,0.0754849964930987,-0.277839143061094,0.297128055392783,0.00964445616584445,0.0740113010746088,0.531323657154901,0.302667479114755,-0.559601295067458,-0.0886377179355694,-0.324119506501514,265.616413589744
38,-0.0102331246596686,0.0307459451724892,0.0102564102564103,-0.244283639694902,0.267795992359119,0.0117561763321084,-0.267484842453703,0.271615906556993,0.00206553205164511,-0.143298137569863,0.431835520664889,0.144268691547513,-0.140052492623427,0.249765439535577,0.0548564734560751,-0.348964696305768,0.182847126250101,-0.0830587850278335,0.0134823882568709,0.467462324822736,0.240472356539804,-0.603740053677811,-0.111975078242446,-0.357857565960128,265.716150692308
39,-0.0920981219370178,0.276713506552402,0.0923076923076923,-0.261703310877523,0.361389546055017,0.0498431175887471,-0.234897795141009,0.30354023799292,0.0343212214259554,-0.135409286813836,0.409852836222987,0.137221774704575,-0.0925762275148428,0.304344494694154,0.105884133589656,-0.368050744486705,0.11701986724144,-0.125515438622633,-0.0550195547749081,0.398429918789762,0.171705182007427,-0.631078908678731,-0.117620767315241,-0.374349837996986,265.799748641026
40,-0.122797495916024,0.36895134206987,0.123076923076923,-0.265595731258341,0.444317113745798,0.0893606912437284,-0.236006818805963,0.321808052604466,0.0429006168992516,-0.122487882424931,0.407568266660592,0.142540192117831,-0.0833074163842454,0.340410025820467,0.128551304718111,-0.340873914183568,0.192815143237257,-0.0740293854731557,-0.0405728182274223,0.387007071799702,0.17321712678614,-0.659644300516724,-0.17349956999046,-0.416571935253592,265.899997487179
41,-0.143263745235361,0.430443232414848,0.143589743589744,-0.282902293969967,0.332459728562092,0.0247787172960621,-0.259709158021663,0.340145761291459,0.0402183016348979,-0.15124735186587,0.326790098029689,0.0877713730819098,-0.117980637102399,0.361233675109493,0.121626519003547,-0.324871527387093,0.330604548803477,0.00286651070819204,-0.0111611114964451,0.426611128916167,0.207725008709861,-0.674364518585402,-0.220051414289246,-0.447207966437324,266.01641025641
42,-0.163729994554698,0.491935122759827,0.164102564102564,-0.226439246179931,0.312442613364921,0.0430016835924948,-0.24662433023487,0.320850026400713,0.0371128480829218,-0.172968014840405,0.274234398280636,0.0506331917201157,-0.182128330816491,0.308225176900993,0.063048423042251,-0.315430490919866,0.363370256508361,0.0239698827942472,-0.00298777903460246,0.443084629205153,0.220048425085275,-0.621378313535567,-0.1949771982425,-0.408177755889033,266.116413589744
43,-0.199545930863539,0.599545930863539,0.2,-0.250594146286268,0.292397182630663,0.0209015181721978,-0.227652743364279,0.335048851006081,0.053698053820901,-0.190827106286252,0.263246811880658,0.036209852797203,-0.174801727392167,0.283407644361613,0.0543029584847228,-0.28415082951517,0.29614808379902,0.00599862714192495,-0.0665305513121762,0.333331872168264,0.133400660428044,-0.584924762207249,-0.147260906708942,-0.366092834458096,266.216407128205
44,-0.199545930863539,0.599545930863539,0.2,-0.255108687180807,0.298570911860601,0.0217311123398968,-0.220079341744827,0.361174907024738,0.0705477826399556,-0.195054465630389,0.300414531821833,0.0526800330957223,-0.135677758606735,0.302970296991575,0.08364626919242,-0.284816139168593,0.240783062201666,-0.0220165384834631,-0.110632494742226,0.267988208290361,0.0786778567740675,-0.546254788483136,-0.107700705890647,-0.326977747186892,266.300004923077
45,-0.20722077435829,0.622605389742906,0.207692307692308,-0.30020415261393,0.364243167280044,0.032019507333057,-0.202075547916738,0.384731800929373,0.0913281265063173,-0.171121393762093,0.313298126815924,0.0710883665269153,-0.0898783401294192,0.336280819995411,0.123201239932996,-0.270287104824358,0.186171529433529,-0.0420577876954149,-0.107917458688408,0.261089156632206,0.076585848971899,-0.529688101975693,-0.10533621776059,-0.317512159868141,266.39999748718
46,-0.204662493193373,0.614918903449783,0.205128205128205,-0.284651246288763,0.348039751110392,0.0316942524108148,-0.18417119550602,0.361449567811689,0.0886391861528343,-0.157433757526346,0.271975566679024,0.0572709045763394,-0.0818334237590284,0.43114282739881,0.174654701819891,-0.278189043607542,0.146935766226535,-0.0656266386905038,-0.110768900921191,0.292640510424637,0.0909358047517229,-0.522202035625928,-0.0917998658306654,-0.307000950728297,266.51641025641
47,-0.199545930863539,0.599545930863539,0.2,-0.211227519332694,0.31763185029435,0.0532021654808278,-0.119735169027278,0.393630161376394,0.136947496174558,-0.219649889839333,0.190941105964794,-0.0143543919372695,-0.0980068761165732,0.535022238610941,0.218507681247184,-0.310549072453217,0.112433702870004,-0.0990576847916067,-0.141482506992001,0.304811285338918,0.0816643891734585,-0.543850303767986,-0.0861640288875957,-0.315007166327791,266.616413589744
48,-0.168846556884533,0.507308095346071,0.169230769230769,-0.167784166087441,0.315461944150025,0.0738388890312917,-0.133480315183783,0.344777371248775,0.105648528032496,-0.263774256003428,0.164544205541668,-0.0496150252308802,-0.135556041291865,0.500688839634318,0.182566399171227,-0.355660157616591,0.0569058031984474,-0.149377177209072,-0.131067409797211,0.345644272041327,0.107288431122058,-0.529891715654988,-0.0733337319911751,-0.301612723823082,266.716406974359
49,-0.0690735914527634,0.207535129914302,0.0692307692307692,-0.151313252612805,0.324246100352247,0.0864664238697212,-0.225504530605947,0.252097337007254,0.0132964032006537,-0.223280681285496,0.202769578496734,-0.0102555513943807,-0.17198035645692,0.442086608927037,0.135053126235058,-0.352745431656073,0.0748930677026663,-0.138926181976703,-0.130874968199937,0.346803178531778,0.107964105165921,-0.48520372778415,-0.0206774947244522,-0.252940611254301,266.800004923077
50,-0.00383742174737574,0.0115297294396834,0.00384615384615385,-0.194985400775263,0.257345177115604,0.0311798881701706,-0.269982753335661,0.231707567866317,-0.0191375927346719,-0.144778404934572,0.277358160177572,0.0662898776215002,-0.148678226017207,0.24078927142365,0.0460555227032217,-0.344591794886792,0.113586216839083,-0.115502789023855,-0.0835742468837266,0.375653179709483,0.146039466412878,-0.490568735897924,-0.0367886944235252,-0.263678715160725,266.899997641026
51,,,0,-0.265675382920041,0.20851050860977,-0.0285824371551356,-0.289134339796183,0.23891063353839,-0.0251118531288966,-0.0558112025059906,0.420195415510151,0.18219210650208,-0.17610064696847,0.169164766022938,-0.00346794047276589,-0.293030413047131,0.192506390672854,-0.0502620111871385,-0.0780351454791404,0.368083705134893,0.145024279827876,-0.503056937726415,-0.00925648591458792,-0.256156711820502,267.016410410256
52,,,0,-0.318167678582371,0.16242940065194,-0.0778691389652154,-0.277602119641404,0.253589385237548,-0.0120063672019282,-0.00584200682655713,0.492557106194189,0.243357549683816,-0.214730680476463,0.120833437302424,-0.0469486215870195,-0.232521467316556,0.25409911646639,0.010788824574917,-0.049106444462898,0.390499627873486,0.170696591705294,-0.517978358147186,-0.0337394953893563,-0.275858926768271,267.116413589744
53,,,0,-0.336253901716472,0.128144546294159,-0.104054677711157,-0.304213707389469,0.218892483767373,-0.042660611811048,0.0388195629853802,0.517035323362503,0.277927443173941,-0.258625659287408,0.112558479474876,-0.0730335899062662,-0.222119691181525,0.237166265298964,0.00752328705871978,-0.028063051629281,0.391321236029459,0.181629092200089,-0.528917592940268,-0.0593518998116964,-0.294134746375982,267.216406974359
54,,,0,-0.326335343763909,0.0697305885449427,-0.128302377609483,-0.265424496907788,0.251072376513082,-0.00717606019735258,-0.00255234694824007,0.441021570703085,0.219234611877422,-0.235929100353476,0.115270126820973,-0.0603294867662516,-0.22108093857816,0.235611334838904,0.00726519813037236,-0.0638539562594969,0.334021189332631,0.135083616536567,-0.551459731873439,-0.133555124810404,-0.342507428341921,267.300004923077
55,,,0,-0.316367714442388,0.0480956860487126,-0.134136014196838,-0.218897304798342,0.245609610630115,0.0133561529158862,-0.000381817397408025,0.409647749828516,0.204632966215554,-0.204422999121785,0.191856427628207,-0.00628328574678913,-0.266293989651419,0.211427256441253,-0.0274333666050834,-0.0747704018836515,0.296244115881582,0.110736856998965,-0.525088726248197,-0.127573205498752,-0.326330965873474,267.399997487179
56,-0.00511656232983432,0.0153729725862446,0.00512820512820513,-0.342614079854208,0.00229797191777601,-0.170158053968216,-0.0879242276604362,0.373332750147253,0.142704261243408,-0.0456032497510466,0.382696768541355,0.168546759395154,-0.141201382514542,0.307313762196402,0.0830561898409299,-0.293485024323644,0.198751114304457,-0.0473669550095935,-0.123939767639492,0.262513603212735,0.0692869177866212,-0.549340176388688,-0.148963150652868,-0.349151663520778,267.516410461538
57,-0.0767484349475149,0.230594588793669,0.0769230769230769,-0.356030634096794,-0.0461129904756871,-0.201071812286241,-0.067664947869589,0.405873657860567,0.169104354995489,-0.0246165676851311,0.416054044838576,0.195718738576722,-0.112193127419631,0.352216059979932,0.120011466280151,-0.266698503793278,0.277163050691528,0.00523227344912516,-0.144211972671885,0.249116888282581,0.0524524578053481,-0.575556936023937,-0.138930231677397,-0.357243583850667,267.616413589744
58,-0.148380307565195,0.445816205001093,0.148717948717949,-0.305508609555286,0.058800999491665,-0.12335380503181,-0.0979689006423822,0.354715490381229,0.128373294869424,0.0584664348292603,0.548033539663212,0.303249987246236,-0.160281323934159,0.268347968521323,0.0540333222935816,-0.247264797112771,0.33385494867579,0.0432950757815095,-0.135928153243659,0.258444421246421,0.0612581340013812,-0.545727523132119,-0.108509094184688,-0.327118308658403,267.716406974359
59,-0.168846556884533,0.507308095346071,0.169230769230769,-0.345005052614327,0.0465411064032664,-0.14923197310553,-0.155810021795798,0.273963192761895,0.0590765854830483,0.0965792962779616,0.582828460216243,0.339703878247102,-0.202813495115023,0.241667777466752,0.0194271411758647,-0.200384067050373,0.379542254586822,0.0895790937682246,-0.0949614569867415,0.307785557193657,0.106412050103458,-0.524135885472973,-0.116995667503914,-0.320565776488444,267.800004923077
60,-0.168846556884533,0.507308095346071,0.169230769230769,-0.317886817419853,0.108253143921163,-0.104816836749345,-0.149809377112633,0.289510182562092,0.0698504027247293,0.0786331623984668,0.577777043267326,0.328205102832896,-0.182577510303498,0.259194686569263,0.0383085881328828,-0.179170488361981,0.373392838477972,0.0971111750579959,-0.0424964875968266,0.385268123193795,0.171385817798484,-0.549132764210348,-0.16120793610378,-0.355170350157064,267.899997487179
61,-0.158613432224864,0.476562150173582,0.158974358974359,-0.341522630062254,0.0879606239755409,-0.126781003043357,-0.180821923912439,0.310392142213731,0.0647851091506461,0.00293863289657023,0.429261502959999,0.216100067928285,-0.188033938874502,0.239717987877843,0.0258420245016704,-0.174622144789228,0.370037760724465,0.0977078079676185,0.00658200287688739,0.451352244696955,0.228967123786921,-0.600612176951124,-0.17782117816226,-0.389216677556692,268.01641025641
62,-0.158613432224864,0.476562150173582,0.158974358974359,-0.346715734575171,0.0965163770292996,-0.125099678772936,-0.140670872383062,0.364982468556856,0.112155798086897,-0.0471908381473828,0.400468223568052,0.176638692710335,-0.151141541635533,0.257526311466553,0.0531923849155098,-0.20329657029879,0.32542798706801,0.0610657083846101,0.019730715260625,0.4415855923212,0.230658153790912,-0.650740396975686,-0.21080568503528,-0.430773041005483,268.116413589744
63,-0.173963119214367,0.522681067932316,0.174358974358974,-0.417392917799834,0.0311287729563808,-0.193132072421726,-0.11727298277482,0.384491165960675,0.133609091592927,-0.0676325438454092,0.432364536977503,0.182365996566047,-0.134752005110401,0.230921252602506,0.0480846237460523,-0.20620443265854,0.257032664796462,0.025414116068961,0.0441505077224551,0.490255996285595,0.267203252004025,-0.606191688155318,-0.185500398020398,-0.395846043087858,268.216407128205
64,-0.184196243874036,0.553427013104805,0.184615384615385,-0.425195469670186,0.0777026666910807,-0.173746401489553,-0.131293301731764,0.362140676987693,0.115423687627965,-0.0721886035317589,0.444596280704014,0.186203838586128,-0.144436598236367,0.230306014948136,0.0429347083558846,-0.209081013077566,0.234691838865304,0.0128054128938689,0.0467949876027414,0.531519575200746,0.289157281401744,-0.595674958832304,-0.165561659028035,-0.38061830893017,268.300004923077
65,-0.222570461347793,0.668724307501639,0.223076923076923,-0.417095203085191,0.0448840937548814,-0.186105554665155,-0.161968110712366,0.29071391429233,0.0643729017899821,-0.0746285457664616,0.747352338400714,0.336361896317126,-0.195350267478166,0.52087789761939,0.162763815070612,-0.212363490431382,0.236792633133838,0.0122145713512279,0.0384814885009978,0.526458708089959,0.282470098295479,-0.645392343880961,-0.222366988248311,-0.433879666064636,268.399997602564
66,-0.26094467882155,0.784021601898474,0.261538461538462,-0.419453235592411,-0.00690604763006915,-0.21317964161124,-0.234668654513639,0.178719815750207,-0.0279744193817159,-0.0310157291749564,0.433025063113031,0.201004666969037,-0.263174488488966,0.396874709858224,0.0668501106846289,-0.125859967584331,0.360219275151862,0.117179653783766,-0.0143298190396708,0.465406819239556,0.225538500099943,-0.647093183002478,-0.222168413119568,-0.434630798061023,268.51641025641
67,-0.26094467882155,0.784021601898474,0.261538461538462,-0.429207605102946,0.132495729506562,-0.148355937798192,-0.276294882116196,0.131027997693203,-0.0726334422114967,-0.0821964191416267,0.340376985834423,0.129090283346398,-0.252027631644769,0.016162685375531,-0.117932473134619,-0.0879051336316525,0.387645386383885,0.149870126376116,-0.000856087648371951,0.485813699130758,0.242478805741193,-0.615276506445314,-0.206626813301781,-0.410951659873547,268.616413589744
68,-0.266061241151385,0.799394574484718,0.266666666666667,-0.382988338478006,0.248599588117608,-0.0671943751801992,-0.259878249898692,0.163263059618665,-0.0483075951400133,-0.121842745624895,0.328180434804808,0.103168844589957,-0.221684689967266,0.0317482696265529,-0.0949682101703568,-0.082954634607812,0.423102609095664,0.170073987243926,0.0145803015800053,0.50223520137296,0.258407751476483,-0.565806037726793,-0.177247597248287,-0.37152681748754,268.716406974359
69,-0.276294365811054,0.830140519657207,0.276923076923077,-0.374982238834079,0.427181282733523,0.026099521949722,-0.247476139257379,0.18651124648925,-0.0304824463840647,-0.188802819917131,0.230955760959686,0.0210764705212772,-0.25195815812595,-0.012537496161724,-0.132247827143837,-0.0427030592049076,0.437355860476087,0.19732640063559,-0.0149051007161738,0.484844110984691,0.234969505134258,-0.570838350116664,-0.184441122687113,-0.377639736401889,268.800004923077
70,-0.276294365811054,0.830140519657207,0.276923076923077,-0.342392515014301,0.300184920462961,-0.0211037972756704,-0.166510104256716,0.299309715316748,0.0663998055300159,-0.172719234801641,0.237503608810221,0.03239218700429,-0.207083510778554,0.182712938172118,-0.0121852863032182,3.46978969884297e-06,0.480587814700873,0.240295642245286,-0.0520629610732176,0.387266834632805,0.167601936779794,-0.60974631281668,-0.218427979805253,-0.414087146310967,268.89999748718
71,-0.276294365811054,0.830140519657207,0.276923076923077,-0.34544089045584,0.326142351179627,-0.00964926963810652,-0.105510409555679,0.382284592960316,0.138387091702319,-0.196200562347076,0.214797860152256,0.0092986489025901,-0.181921547280144,0.24718386388298,0.032631158301418,-0.0227858735119389,0.459629689702602,0.218421908095331,-0.123210038046719,0.271533054856118,0.0741615084046997,-0.636768641044525,-0.223346178682006,-0.430057409863266,269.01641025641
72,-0.286527490470722,0.860886464829697,0.287179487179487,-0.341357515776796,0.208172022111288,-0.0665927468327542,-0.0763114114755718,0.41522854354778,0.169458566036104,-0.193986533974081,0.257592526733788,0.0318029963798536,-0.0960811983002503,0.331029189080675,0.117473995390212,-0.0944330186539727,0.374241882412184,0.139904431879106,-0.177680851691583,0.20825750193794,0.0152883251231788,-0.657483999819091,-0.233223993792602,-0.445353996805846,269.116413589744
73,-0.276294365811054,0.830140519657207,0.276923076923077,-0.271046126031575,0.173877610180037,-0.0485842579257688,-0.0501874984649033,0.465331355830134,0.207571928682615,-0.179355084987735,0.357165641590329,0.0889052783012968,-0.102254850425662,0.342875484187188,0.120310316880763,-0.216736258777447,0.233962641649159,0.00861319143585585,-0.216705391087003,0.226435562794751,0.00486508585387435,-0.644769159746995,-0.22194491401547,-0.433357036881232,269.216406974359
74,-0.276294365811054,0.830140519657207,0.276923076923077,-0.246970747825452,0.181916945721214,-0.0325269010521188,-0.0632414506354889,0.481740555364115,0.209249552364313,-0.131017810256408,0.463776454290566,0.166379322017079,-0.102553987397743,0.405948278391529,0.151697145496893,-0.271939754638623,0.205745810637098,-0.0330969720007624,-0.233263867208079,0.251260906328041,0.00899851955998076,-0.624556647427385,-0.204769194036345,-0.414662920731865,269.300004923077
75,-0.283969209305805,0.853199978536574,0.284615384615385,-0.237583866518364,0.189591674906396,-0.0239960958059837,-0.0950771811667637,0.435649787582867,0.170286303208052,-0.089951768356981,0.513015373215782,0.2115318024294,-0.126929588016319,0.377198411041301,0.125134411512491,-0.260772855615595,0.191738984385419,-0.0345169356150879,-0.187122938797835,0.294442028689285,0.0536595449457253,-0.632327159195024,-0.192771190652679,-0.412549174923852,269.399997641026
76,-0.276294365811054,0.830140519657207,0.276923076923077,-0.31784019335916,0.176982055829637,-0.0704290687647613,-0.0114150223671092,0.486643894833145,0.237614436233018,-0.162804739580673,0.30638863750205,0.0717919489606885,-0.110890426380636,0.333522487318003,0.111316030468683,-0.100392702102922,0.296799581920202,0.0982034399086399,-0.15978620210876,0.286938978616819,0.0635763882540295,-0.634729054071815,-0.19374911848693,-0.414239086279372,269.516154
77,-0.276215778793991,0.850574753152966,0.287179487179487,-0.2811418291424,0.202279516081782,-0.0394311565303092,0.106811473928347,0.655216523226464,0.381013998577406,-0.259297420454887,0.15790312142624,-0.0506971495143232,-0.0843469971126188,0.36392714146624,0.139790072176811,-0.00471705942192992,0.427291498308661,0.211287219443366,-0.223687162974413,0.20550339538179,-0.0090918837963115,-0.658517934749354,-0.201721503894153,-0.430119719321753,269.61615724359
78,-0.281410928140888,0.845513492243452,0.282051282051282,-0.23271507437409,0.273252404799378,0.0202686652126439,0.248638988934408,0.885018236231189,0.566828612582799,-0.373253154991368,0.0416183817044141,-0.165817386643477,-0.0548100427906959,0.481233816737457,0.213211886973381,-0.0357842237778438,0.478081924586715,0.221148850404436,-0.294981201939024,0.1432205812339,-0.0758803103525617,-0.74354852676462,-0.259034844115708,-0.501291685440164,269.716420564103
79,-0.276294365811054,0.830140519657207,0.276923076923077,-0.273988600863998,0.243071347968427,-0.0154586264477857,0.245998151766229,0.906175794088248,0.576086972927239,-0.420590983351411,0.0158384450159116,-0.20237626916775,-0.0478173473727282,0.491232488498285,0.221707570562779,-0.0787076229337725,0.457596434441623,0.189444405753925,-0.290717557573214,0.169960295910628,-0.0603786308312932,-0.745601509917568,-0.25723532528612,-0.501418417601844,269.800004923077
80,-0.239098777124525,0.877560315586063,0.319230769230769,-0.30170106602692,0.1491340145646,-0.0762835257311602,0.151827507955732,0.752185939200584,0.452006723578158,-0.364755654203079,0.0703640732535446,-0.147195790474767,-0.0565077221754382,0.383235780628771,0.163364029226667,-0.134750201065032,0.354575020102106,0.109912409518537,-0.265902829688427,0.214210123305098,-0.0258463531916648,-0.729656866518923,-0.224052545207597,-0.47685470586326,269.899997641026
81,-0.217999797857902,0.92569210555021,0.353846153846154,-0.361601417317966,0.065071792485714,-0.148264812416126,0.00311224721145138,0.492273037305933,0.247692642258692,-0.274675945727121,0.140145937797705,-0.0672650039647082,-0.0779717982641331,0.352495815137548,0.137262008436708,-0.153033441963398,0.327744241803447,0.0873553999200247,-0.217697291350593,0.255294510489176,0.0187986095692918,-0.638002624949042,-0.111295131819544,-0.374648878384293,270.016410461538
82,-0.21576653201854,0.964484480736489,0.374358974358974,-0.422569999653283,0.234688678989832,-0.0939406603317253,-0.0964537317240585,0.333298714432946,0.118422491354444,-0.212876077553069,0.192324181664651,-0.0102759479442094,-0.095304508413328,0.330121994446741,0.117408743016706,-0.172640910349636,0.336747853144778,0.0820534713975712,-0.13061362548414,0.302052824862015,0.0857195996889375,-0.589732113329171,-0.0899555509045075,-0.339843832116839,270.116413589744
83,-0.209227574380906,0.957945523098855,0.374358974358974,-0.37433567322412,0.298426273528618,-0.0379546998477509,-0.131932320271484,0.304087558510447,0.0860776191194817,-0.168177712587522,0.203583543502863,0.0177029154576702,-0.128749788343555,0.301292587572488,0.0862713996144664,-0.211691492890998,0.265311668279891,0.0268100876944464,-0.0383226472523797,0.405008825252025,0.183343088999823,-0.596697996146818,-0.148033836334058,-0.372365916240438,270.216406974359
84,-0.211171700820716,0.949633239282254,0.369230769230769,-0.278832683010227,0.438831236843024,0.0799992769163985,-0.160182680136116,0.27394096143174,0.0568791406478116,-0.127267075459537,0.266338245528863,0.0695355850346632,-0.140631318263003,0.259256761160124,0.0593127214485604,-0.295997146859759,0.148525735852945,-0.0737357055034072,0.00197695090242179,0.449114822435445,0.225545886668933,-0.630820556190558,-0.214386675117161,-0.422603615653859,270.300004923077
85,-0.218070513580423,0.971916667426576,0.376923076923077,-0.141240149959658,0.348082849288423,0.103421349664382,-0.151347815926475,0.251460770405762,0.0500564772396435,-0.162112737283657,0.244415106539799,0.0411511846280711,-0.156693189266049,0.241091392703321,0.0421991017186359,-0.346584026806695,0.0565812650243766,-0.145001380891159,-0.00260093481125728,0.438979402868752,0.218189234028747,-0.66637346027846,-0.270414148932262,-0.468393804605361,270.399997589744
86,-0.225007463471725,0.994238232702494,0.384615384615385,-0.0667391208868628,0.437418035087852,0.185339457100494,-0.139955173572084,0.250327218408097,0.0551860224180062,-0.174086218491341,0.310194779122794,0.0680542803157266,-0.128826272257736,0.245752340705111,0.0584630342236873,-0.303722199513249,0.0662853866564926,-0.118718406428378,-0.060885998911832,0.482157166594238,0.210635583841203,-0.684868906735369,-0.283487072217032,-0.4841779894762,270.51641025641
87,-0.220378730390444,0.979353089364803,0.37948717948718,-0.125929809364128,0.365942101921386,0.120006146278629,-0.0605138496871805,0.347329949680437,0.143408049996628,-0.242605992444929,0.151453618208036,-0.0455761871184462,-0.11328265731736,0.273220387649336,0.0799688651659882,-0.14589386983826,0.239684877623358,0.046895503892549,-0.143255794981039,0.389390963417151,0.123067584218056,-0.6519902093408,-0.261704853654076,-0.456847531497438,270.616413589744
88,-0.211171700820716,0.949633239282254,0.369230769230769,-0.233196185350718,0.239971993248283,0.0033879039487824,4.26642226556836e-05,0.474733425308046,0.237388044765351,-0.317219791508506,0.0175351257182506,-0.149842332895128,-0.101264769902322,0.361752562476499,0.130243896287089,-0.012526492771625,0.425280308276864,0.20637690775262,-0.18602016182818,0.294305092096479,0.0541424651341494,-0.639209577395706,-0.227684895056153,-0.43344723622593,270.716406974359
89,-0.211171700820716,0.949633239282254,0.369230769230769,-0.290747724827935,0.141990497841798,-0.0743786134930685,-0.00445817995544815,0.500897684270653,0.248219752157603,-0.373754509941782,-0.0354977271739316,-0.204626118557857,-0.149744240388286,0.350998961102157,0.100627360356935,-0.00422096423536962,0.408575069239412,0.202177052502021,-0.150681079253777,0.311922970352044,0.0806209455491337,-0.622481893398576,-0.215873356186366,-0.419177624792471,270.800004923077
90,-0.211171700820716,0.949633239282254,0.369230769230769,-0.325650674644923,0.164766198792249,-0.0804422379263368,-0.0219411229463302,0.467117165393418,0.222588021223544,-0.34915236093241,-0.00418094965202311,-0.176666655292216,-0.200244362779059,0.198336011805711,-0.000954175486674144,-0.0481022072096717,0.379250834608212,0.16557431369927,-0.123580840623638,0.333042244831046,0.104730702103704,-0.633192085266383,-0.212234016905619,-0.422713051086001,270.89999748718
91,-0.211171700820716,0.949633239282254,0.369230769230769,-0.275755740503716,0.242179915902966,-0.0167879123003747,-0.068648570806635,0.431130255770688,0.181240842482027,-0.272144619611572,0.106343308089179,-0.0829006557611966,-0.255254240284713,0.0860444654367159,-0.0846048874239986,-0.186051626464215,0.222967306452154,0.0184578399939697,-0.0723526150089169,0.432360258822177,0.18000382190663,-0.639554843500079,-0.216192906736999,-0.427873875118539,271.01641025641
92,-0.202037750282273,0.919986468230991,0.358974358974359,-0.213498352048472,0.368299203302474,0.077400425627001,-0.0722346063937799,0.419686615828958,0.173726004717589,-0.212051179631314,0.204624134299006,-0.00371352266615381,-0.225694918682532,0.108555424544643,-0.0585697470689445,-0.234120614391153,0.17480312495698,-0.0296587447170864,-0.0608449925972705,0.441581834449395,0.190368420926062,-0.620167093414576,-0.194790417356002,-0.407478755385289,271.116413589744
93,-0.188491316844361,0.875670804023848,0.343589743589744,-0.193288634035584,0.388159892248894,0.0974356291066549,-0.0182593683412555,0.455403253796746,0.218571942727745,-0.19615593848394,0.222860311131539,0.0133521863237999,-0.184227405184135,0.215187642660351,0.0154801187381083,-0.252023159904406,0.194424528643543,-0.0287993156304313,-0.0497721255478125,0.459520633060729,0.204874253756458,-0.644697879494633,-0.208614771857316,-0.426656325675974,271.216406974359
94,-0.169592202282513,0.84651527920559,0.338461538461539,-0.127562413766099,0.440733335443757,0.156585460838829,0.0468999856934533,0.585658106285271,0.316279045989362,-0.180876917948766,0.245011823691361,0.0320674528712973,-0.178537781842832,0.269015712762122,0.0452389654596448,-0.277649189391074,0.215405782493554,-0.0311217034487604,-0.0529910599870948,0.467365447259135,0.20718719363602,-0.632691639377868,-0.206743353583782,-0.419717496480825,271.300004923077
95,-0.103309640004848,1.12638656308177,0.511538461538462,-0.105805815517332,0.435228418507617,0.164711301495142,0.0358831376585824,0.580192758744667,0.308037948201624,-0.126763489994185,0.321313402284937,0.0972749561453757,-0.181741697072149,0.238750222060217,0.0285042624940341,-0.336025709499853,0.140770882676159,-0.0976274134118471,-0.0479293310884214,0.463133393635907,0.207602031273743,-0.579624613863596,-0.167967213416195,-0.373795913639896,271.399997487179
96,-0.356463060755316,2.15133485562711,0.897435897435897,-0.135580162342836,0.456205236867441,0.160312537262302,-0.0222506668417317,0.456101863503696,0.216925598330982,-0.0534484618316237,0.425134204705765,0.185842871437071,-0.245319442054822,0.0905788508757964,-0.0773702955895126,-0.408362266300108,0.0576777207291411,-0.175342272785483,-0.0236630764743572,0.486961741008713,0.231649332267178,-0.528120685390944,-0.0963308497298681,-0.312225767560406,271.516410666667
97,-0.411247269015685,2.27791393568235,0.933333333333333,-0.239360562059794,0.399576803957669,0.0801081209489372,-0.0830538936768319,0.385590540141604,0.151268323232386,-0.0104538422915758,0.46513750987432,0.227341833791372,-0.263975742774287,0.0647979562131179,-0.0995888932805845,-0.403641608014398,0.0640827971615108,-0.169779405426444,-0.0639179726895109,0.470698984409384,0.203390505859936,-0.524184243622705,-0.0229014910275847,-0.273542867325145,271.616413589744
98,-0.402144979184877,2.24829882533872,0.923076923076923,-0.285531851589594,0.314890705869122,0.0146794271397641,-0.0911938515977294,0.381177844023403,0.144991996212837,-0.0495955395584285,0.417937786251994,0.184171123346783,-0.290192295723775,-0.00461009287575149,-0.147401194299763,-0.390210041106088,0.101981457828271,-0.144114291638909,-0.0642186130664346,0.503846294435989,0.219813840684777,-0.485198459341861,0.0261877809055089,-0.229505339218176,271.716406974359
99,-0.395340823396004,2.22611005416523,0.915384615384615,-0.231867538236373,0.279547073040177,0.0238397674019021,-0.111658458259474,0.500670678342431,0.194506110041478,-0.0814845768585827,0.363985032735654,0.141250227938536,-0.316236154232824,-0.010704508792564,-0.163470331512694,-0.393243562126525,0.107131066583745,-0.14305624777139,-0.0116306023169705,0.543816250505658,0.266092824094343,-0.472757781375577,0.0308335110774132,-0.220962135149082,271.800004923077
100,-0.38855672708848,2.2039413424731,0.907692307692308,-0.206836786551223,0.330472549069145,0.0618178812589606,-0.0901025742859044,0.596248921562363,0.253073173638229,-0.141223151998739,0.276939213180628,0.0678580305909447,-0.288648070305428,0.179253563913424,-0.0546972531960018,-0.346617525246659,0.145969312028151,-0.100324106609254,-0.0497441302080807,0.427343286376893,0.188799578084406,-0.399627545315226,0.0468970187508729,-0.176365263282177,271.899997487179
101,-0.38855672708848,2.2039413424731,0.907692307692308,-0.242833399727484,0.861728789210304,0.30944769474141,0.000821218870686555,0.625310566785473,0.31306589282808,-0.193994890274385,0.208928825342321,0.00746696753396796,-0.222468218418975,0.597692258646114,0.18761202011357,-0.337936189590195,0.121684924592314,-0.10812563249894,-0.151506223247439,0.307091363892473,0.0777925703225172,-0.464881575531829,-0.0193196176984094,-0.242100596615119,272.01641025641
102,-0.38855672708848,2.2039413424731,0.907692307692308,-0.218481752533911,0.433548660706265,0.107533454086177,0.0536521043477548,0.583711169322878,0.318681636835316,-0.262747338423433,0.172985045822561,-0.044881146300436,-0.244568011985509,0.709097475388858,0.232264731701675,-0.254357854880087,0.230709264144929,-0.011824295367579,-0.213839845741151,0.297940662797529,0.0420504085281889,-0.460816178590696,0.0023169918903075,-0.229249593350194,272.116413589744
103,-0.38316281703933,2.20880384268036,0.912820512820513,-0.268291604248399,0.173053453450381,-0.0476190753990089,0.0592492653361202,0.660664247597961,0.359956756467041,-0.357746161733439,0.111875772178009,-0.122935194777715,-0.226450147160543,0.591082365386703,0.18231610911308,-0.241956582354249,0.298771689553077,0.0284075535994137,-0.287461577600429,0.28302562194013,-0.00221797783014939,-0.43200014712538,0.0257206407217753,-0.203139753201802,272.216407128205
104,-0.375268321669557,2.2214221678234,0.923076923076923,-0.23903602920514,0.189745576537237,-0.0246452263339515,0.0680922302859881,0.714775119667373,0.39143367497668,-0.409407781405868,0.0645559415046417,-0.172425919950613,-0.206578408598415,0.528952327030815,0.1611869592162,-0.220556483353702,0.361083707666513,0.0702636121564055,-0.28930719151456,0.308220746501262,0.00945677749335077,-0.407504195067397,0.049155727389049,-0.179174233839174,272.300004923077
105,-0.367085777936358,2.19785500870559,0.915384615384615,-0.229335945628512,0.181944114658427,-0.0236959154850424,0.0428640687757851,0.571480795384666,0.307172432080226,-0.367199836628579,0.0482139538303875,-0.159492941399096,-0.205138139265537,0.37114552089701,0.0830036908157366,-0.21781455692233,0.349574292633215,0.0658798678554424,-0.254083062783718,0.305136623426083,0.0255267803211821,-0.32505116694804,0.104489186521231,-0.110280990213404,272.399997487179
106,-0.232964530660173,2.62270812040376,1.19487179487179,-0.203626764561325,0.2148480238542,0.00561062964643719,-0.0599818817543871,0.365571526289526,0.152794822267569,-0.304423800154561,0.0725780201247282,-0.115922890014916,-0.276163527937255,0.192530156102042,-0.0418166859176063,-0.222942204445421,0.310755417215587,0.0439066063850826,-0.166463315443463,0.29870487611918,0.0661207803378583,-0.323414854741806,0.0981678135280311,-0.112623520606887,272.516410461538
107,-0.22551576964436,2.95372089784949,1.36410256410256,-0.158625680350616,0.30536708387536,0.0733707017623722,-0.147956125033744,0.27997528597387,0.0660095804700628,-0.240439840964349,0.128905948623665,-0.0557669461703422,-0.300977069610514,0.119444920805899,-0.0907660744023073,-0.285227777818526,0.206819417227862,-0.0392041802953317,-0.121623561275881,0.301012237872123,0.0896943382981209,-0.339653843242816,0.0695074880649751,-0.13507317758892,272.616413589744
108,-0.223575457225729,3.21844725209752,1.4974358974359,-0.131925515754845,0.336368764990836,0.102221624617995,-0.18731699713945,0.246417244533809,0.0295501236971796,-0.195380700743882,0.31108219176553,0.0578507455108237,-0.252786534660103,0.170011899518429,-0.041387317570837,-0.339060650983631,0.0936265304585268,-0.122717060262552,-0.0993626765459732,0.321742710399117,0.111190016926572,-0.368851838428254,0.0264709428330472,-0.171190447797603,272.716406974359
109,-0.217501724226206,3.27904018576467,1.53076923076923,-0.141389806487907,0.353381310932403,0.105995752222248,-0.183159045286038,0.253032434703578,0.03493669470877,-0.16806186331456,0.322799737699615,0.0773689371925276,-0.27345342266829,0.221533271257841,-0.0259600757052247,-0.323760117527481,0.0863353162708395,-0.118712400628321,-0.122326444890321,0.30734379434164,0.0925086747256596,-0.325484434000917,0.0887316244385507,-0.118376404781183,272.800027384615
110,-0.218130288313317,3.11043798062101,1.44615384615385,-0.185115412511926,0.347600403182401,0.0812424953352372,-0.159308561506583,0.285224282718402,0.0629578606059096,-0.111268886488137,0.346822479549688,0.117776796530775,-0.26422996351947,0.260459478774326,-0.00188524237257231,-0.32730634363127,0.0953179963073468,-0.115994173661962,-0.154977290282238,0.295609423911512,0.070316066814637,-0.242477169593256,0.229021978233013,-0.00672759568012163,272.89999748718
111,-0.220760605592313,2.82588881072052,1.3025641025641,-0.182772793329598,0.347163829983858,0.0821955183271295,-0.146885629511271,0.296356263407613,0.0747353169481713,-0.126974294328485,0.327557212198652,0.100291458935083,-0.239329394940627,0.27440008217954,0.0175353436194565,-0.369066876751636,0.0694671688662981,-0.149799853942669,-0.228133281808801,0.271655524004583,0.021761121097891,-0.183823176892138,0.317234531277214,0.0667056771925379,273.01641025641
112,-0.28579628689221,2.53195013304606,1.12307692307692,-0.183312955115743,0.261151479213808,0.0389192620490327,-0.147445919601584,0.277027016722327,0.0647905485603714,-0.193423002344123,0.238451411418019,0.0225142045369482,-0.242861355456097,0.308578038742196,0.0328583416430498,-0.380755905585762,0.0771004767103947,-0.151827714437684,-0.252168453052522,0.264342490648765,0.00608701879812186,-0.176004652557598,0.342265086223427,0.0831302168329145,273.116413512821
113,-0.410449555345308,2.34891109380685,0.969230769230769,-0.248886431662058,0.172231613083065,-0.0383274092894966,-0.117108947317091,0.332221193292931,0.10755612298792,-0.270621867228075,0.102061924719733,-0.0842799712541709,-0.292311368655844,0.0678144230851953,-0.112248472785324,-0.350970284895061,0.145534333986017,-0.102717975454522,-0.291746529853326,0.197639694464434,-0.0470534176944459,-0.180501175751208,0.349991188800971,0.0847450065248812,273.216150615385
114,-0.4390638323172,2.30060229385566,0.930769230769231,-0.264861856851375,0.303084745452822,0.0191114443007235,-0.0827151598703758,0.406453901485602,0.161869370807613,-0.320799360557448,0.0281727362675407,-0.146313312144954,-0.308321142901854,0.0165635630097297,-0.145878789946062,-0.332574302896204,0.179340954402494,-0.0766166742468547,-0.31474609387068,0.152266810308792,-0.0812396417809442,-0.144116165064269,0.37784121836876,0.116862526652246,273.300004846154
115,-0.457056507508114,2.27244112289273,0.907692307692308,-0.249988572372721,0.310974084155796,0.0304927558915377,-0.0427316194551422,0.501723152422203,0.22949576648353,-0.343789771767857,0.0236889697314388,-0.160050401018209,-0.320021088951832,0.0916141032065701,-0.114203492872631,-0.318404013317054,0.13779278241733,-0.0903056154498619,-0.342871253846453,0.0897315735100936,-0.12656984016818,-0.144050768426862,0.363287027550578,0.109618129561858,273.399997628205
116,-0.457056507508114,2.27244112289273,0.907692307692308,-0.264493431868001,0.294586298593517,0.0150464333627582,-0.0297535204078738,0.546480358193762,0.258363418892944,-0.392082904002786,0.0157990790076129,-0.188141912497587,-0.301658688656618,0.479167392244007,0.0887543517936943,-0.361830458131955,0.0714041842587572,-0.145213136936599,-0.360088131433155,0.0351712104106729,-0.162458460511241,-0.128239477293371,0.352208146907713,0.111984334807171,273.516153846154
117,-0.457056507508114,2.27244112289273,0.907692307692308,-0.293097094857726,0.122578157176029,-0.0852594688408486,-0.0566604783619732,0.506875983900931,0.225107752769479,-0.423985101381767,-0.00730446211004994,-0.215644781745909,-0.267863579492833,0.510354278268844,0.121245349388006,-0.33355815652975,0.142901752104702,-0.0953282022125243,-0.334828270768602,0.106785360214034,-0.114021455277284,-0.070473256409869,0.383791770284726,0.156659256937428,273.616157179487
118,-0.457056507508114,2.27244112289273,0.907692307692308,-0.31531521916639,0.0808329393245325,-0.117241139920929,-0.0933303080504996,0.397143117474476,0.151906404711988,-0.392487672698889,0.000612872957055735,-0.195937399870917,-0.247174328156628,0.386147350146668,0.0694865109950203,-0.28914710335731,0.230100107964064,-0.0295234976966233,-0.327233484509467,0.207100053210281,-0.060066715649593,-0.00177479637521471,0.400700595822559,0.199462899723672,273.716150769231
119,-0.457056507508114,2.27244112289273,0.907692307692308,-0.289955716445072,0.105161057476964,-0.0923973294840539,-0.124327484711198,0.326786808496253,0.101229661892528,-0.337308217842796,0.047933928138435,-0.14468714485218,-0.274030532534115,0.237885708196713,-0.0180724121687011,-0.262484950855998,0.276245896969312,0.00688047305665715,-0.347663122832902,0.217006897458087,-0.0653281126874076,0.0170863732158505,0.398451830972589,0.20776910209422,273.800005076923
120,-0.457056507508114,2.27244112289273,0.907692307692308,-0.21918632928848,0.177885098539184,-0.0206506153746481,-0.173755231113191,0.262473429138931,0.0443590990128704,-0.317300871544248,0.0474753341783846,-0.134912768682932,-0.320812249689685,0.0764990661114062,-0.12215659178914,-0.304834805648229,0.185313349693112,-0.0597607279775582,-0.362386726600885,0.212131448357069,-0.0751276391219079,0.073332744209883,0.489728975186038,0.28153085969796,273.899997474359
121,-0.452925292830813,2.27856631847184,0.912820512820513,-0.215765521904042,0.174845073822117,-0.0204602240409624,-0.225071519503076,0.224594917999182,-0.000238300751946832,-0.331963892168739,0.00751947165203299,-0.162222210258353,-0.378164418425746,-0.0205239963854626,-0.199344207405604,-0.391837404745873,0.0350198107755297,-0.178408796985172,-0.321698491701379,0.17608684699361,-0.0728058223538846,0.126994134293363,0.552500762810333,0.339747448551848,274.015897435897
122,-0.452925292830813,2.27856631847184,0.912820512820513,-0.256087874350601,0.0709947870534856,-0.0925465436485576,-0.218279441598253,0.266587899021258,0.0241542287115029,-0.317960735491952,0.025286103468868,-0.146337316011542,-0.360747107843522,-0.00788642509447675,-0.184316766468999,-0.431545707104638,-0.0490964888456871,-0.240321097975162,-0.298038399605029,0.147042802863058,-0.0754977983709852,0.160715411519257,0.568185388196699,0.364450399857978,274.115900833333
123,-0.457056507508114,2.27244112289273,0.907692307692308,-0.253902027653391,0.0851967449383961,-0.0843526413574975,-0.242867222673378,0.288087248824543,0.0226100130755826,-0.269964201967664,0.0820960804905949,-0.0939340607385347,-0.330321185585008,0.0334721885992271,-0.148424498492891,-0.463881636927085,-0.0748987769133461,-0.269390206920215,-0.256949004022398,0.19479616943549,-0.0310764172934539,0.134644925728932,0.532855311193229,0.33375011846108,274.216150615385
124,-0.457056507508114,2.27244112289273,0.907692307692308,-0.241098455459182,0.157706185051045,-0.0416961352040683,-0.260519063614932,0.298600263570149,0.0190405999776086,-0.215103837181724,0.159274749100993,-0.0279145440403656,-0.334555352314713,0.015036862845034,-0.15975924473484,-0.500891847355478,-0.114765936906831,-0.307828892131155,-0.232590347028208,0.223381769102037,-0.00460428896308566,0.0989223348124554,0.499518325752217,0.299220330282336,274.300004846154
125,-0.391956106460034,2.34580226030619,0.976923076923077,-0.266388746109478,0.242476880625402,-0.0119559327420379,-0.254348892193327,0.30810476623312,0.0268779370198964,-0.204119837847893,0.217641171911233,0.00676066703166991,-0.347527052264608,0.0808085432955862,-0.133359254484511,-0.499789503274354,-0.126522149057888,-0.313155826166121,-0.241805920936426,0.223623550837506,-0.00909118504945959,0.0736832046189869,0.471431404610101,0.272557304614544,274.399997474359
126,-0.295913849792577,2.56258051645924,1.13333333333333,-0.363145959819994,0.188745268703949,-0.087200345558023,-0.240229758551685,0.311664382817887,0.0357173121331013,-0.220432480752024,0.172032415582695,-0.0242000325846647,-0.353911505945384,0.0340834992833113,-0.159914003331036,-0.458406466820829,-0.0791745728513868,-0.268790519836108,-0.279224204584604,0.194269829832596,-0.0424771873760037,0.0300386516189149,0.427468688881436,0.228753670250175,274.516153846154
127,-0.262329804316876,2.7854067273938,1.26153846153846,-0.409438188899733,0.0860977584774307,-0.161670215211151,-0.221780350341239,0.34701193018835,0.0626157899235551,-0.254297981544428,0.116893983592534,-0.0687019989759471,-0.373346332377782,0.186152343796099,-0.0935969942908415,-0.434408403931859,-0.0787183476229709,-0.256563375777415,-0.311182157843732,0.152377581664292,-0.0794022880897201,-0.0119674501951783,0.398317547817961,0.193175048811391,274.616157179487
128,-0.234110299346126,2.98282824806408,1.37435897435897,-0.395043694393423,-0.00664170964861588,-0.20084270202102,-0.222188640247962,0.359331552603212,0.0685714561776254,-0.295250261351309,0.0908877946844373,-0.102181233333436,-0.418375544170892,0.11799129350255,-0.150192125334171,-0.432195983075595,-0.114890379592864,-0.273543181334229,-0.331980054848788,0.120382921803454,-0.105798566522667,-0.0277384147241505,0.373599488669829,0.172930536972839,274.716150615385
129,-0.114074636711793,3.26792079055795,1.57692307692308,-0.303116787245174,0.0509796148996902,-0.126068586172742,-0.204594784874978,0.378757833168319,0.0870815241466705,-0.339382245690799,0.0542227996501384,-0.14257972302033,-0.420219706237517,0.0937768363480329,-0.163221434944742,-0.419080646438183,-0.10001210302014,-0.259546374729162,-0.355469044382171,0.0729835883949245,-0.141242727993623,-0.0356396326768674,0.390290466636294,0.177325416979714,274.800004846154
130,0.223447871919193,3.63809058961927,1.93076923076923,-0.26711911224675,0.133730101486647,-0.0666945053800516,-0.209597961379168,0.314967893183232,0.0526849659020316,-0.347735300921751,0.00516517772747511,-0.171285061597138,-0.369156522274327,-0.116848474329162,-0.243002498301745,-0.417832998368431,-0.0927321357056411,-0.255282567037036,-0.355872337641845,0.0341766898061605,-0.160847823917842,-0.0349399425551587,0.426421404704892,0.195740731074867,274.899997474359
131,0.394086800448985,3.88283627647409,2.13846153846154,-0.218149753874576,0.249896885681055,0.0158735659032393,-0.239448133728693,0.21710501863958,-0.0111715575445562,-0.337435725340472,-0.0532218710820002,-0.195328798211236,-0.385065379049534,-0.191876603466592,-0.288470991258063,-0.40530217171691,-0.0749511824830514,-0.240126677099981,-0.340537216102525,0.0209634523332543,-0.159786881884635,-0.0456178837047889,0.445546780671475,0.199964448483343,275.016152230769
132,0.449211249934533,4.24822464750136,2.34871794871795,-0.240682918735396,0.250261723044155,0.00478940215437989,-0.276375332255445,0.17746454323538,-0.0494553945100328,-0.289606251901657,-0.0240051001114405,-0.156805676006549,-0.403814215034324,-0.218360085908985,-0.311087150471654,-0.407825234625014,-0.0704223470047559,-0.239123790814885,-0.28882487098308,0.0689618756056706,-0.109931497688705,-0.0318060128124053,0.441142437030159,0.204668212108877,275.100003333333
133,0.503917704145837,4.64480024457211,2.57435897435897,-0.235157804672842,0.30377820901833,0.0343102021727441,-0.282109713902597,0.164840128485312,-0.0586347927086425,-0.269752285956686,-0.00581730188226616,-0.137784793919476,-0.398066708636523,-0.210242216961106,-0.304154462798815,-0.444452283852141,-0.0928049457826788,-0.26862861481741,-0.274962126530431,0.12053500832539,-0.0772135591025204,-0.0646305543022979,0.386885285690722,0.161127365694212,275.2
134,0.556900138058966,5.00207422091539,2.77948717948718,-0.269408938989053,0.378391182763476,0.0544911218872114,-0.248873272119347,0.177609988901921,-0.0356316416087128,-0.233716456360364,0.0659531743067329,-0.0838816410268153,-0.394131768291407,-0.182102350331167,-0.288117059311287,-0.422393776425714,-0.0343879084999685,-0.228390842462841,-0.330272717612212,0.100605376180354,-0.114833670715929,-0.118527016479741,0.318902500709685,0.100187742114972,275.300000205128
135,0.697969126426489,5.75331292485556,3.22564102564103,-0.239050321314787,0.370299644931163,0.0656246618081878,-0.268271800512421,0.100483689364335,-0.083894055574043,-0.237233306849455,0.0945895169415675,-0.0713218949539436,-0.379184299867877,-0.119520343555959,-0.249352321711918,-0.372416646448894,0.0366029885029951,-0.167906828972949,-0.382637492117402,0.0513905154709487,-0.165623488323227,-0.117050317059271,0.329096637798081,0.106023160369405,275.400022461539
136,0.838390515519858,6.41289153576219,3.62564102564103,-0.288887544261713,0.194068785458608,-0.0474093794015527,-0.29345837255817,0.0733960281111074,-0.110031172223531,-0.244921023733766,0.107650710243217,-0.0686351567452746,-0.354500240684887,-0.0175908887224025,-0.186045564703645,-0.332185403554557,0.0935386290481159,-0.119323387253221,-0.423614880317714,0.00668719722259646,-0.208463841547559,-0.0752601972724053,0.344130425265955,0.134435113996775,275.5
137,1.05781769855935,7.01397717323552,4.03589743589744,-0.308571122847734,0.0476821357345672,-0.130444493556583,-0.308740390793217,0.0657532627084172,-0.1214935640424,-0.301394648928802,0.0331216948299283,-0.134136477049437,-0.297181527598626,0.115961502073276,-0.0906100127626751,-0.310948677078017,0.0875955274907983,-0.11167657479361,-0.415861124835232,0.0184472145116871,-0.198706955161772,-0.0459817093254123,0.358580096633118,0.156299193653853,275.600003333333
138,1.13819635493876,7.30282928608688,4.22051282051282,-0.360284969185032,0.000512697247194668,-0.179886135968919,-0.29672726418681,0.0920791340489484,-0.102324065068931,-0.367258832272535,-0.0420987581206863,-0.204678795196611,-0.279653034524717,0.187994187129649,-0.0458294236975342,-0.317249700613879,0.0653498592091466,-0.125949920702366,-0.409985484883463,0.0545151203419,-0.177735182270781,-0.0474474306239005,0.35939344717588,0.15597300827599,275.700000205128
139,1.23649311231857,7.76863509280964,4.5025641025641,-0.347527736958029,0.010467373261767,-0.168530181848131,-0.294169325549524,0.0680121002795451,-0.113078612634989,-0.414378494123301,-0.0956624320290429,-0.255020463076172,-0.30363153852693,0.12307290645736,-0.090279316034785,-0.322492264179669,0.0538647939329101,-0.13431373512338,-0.396208957119974,0.0804194109577528,-0.157894773081111,-0.0517159889929035,0.357047164572886,0.152665587789991,275.8
140,1.24723002157775,8.51687254252482,4.88205128205128,-0.350722924757349,0.0250937378414236,-0.162814593457962,-0.30082062703223,0.0876354381060544,-0.106592594463088,-0.40866999480491,-0.0622260786622156,-0.235448036733563,-0.339751139300922,-0.00113837493286935,-0.170444757116896,-0.369459282498999,0.00541444296631697,-0.182022419766341,-0.374175752053427,0.104467076553401,-0.134854337750013,-0.0322522894896983,0.385347018143777,0.17654736432704,275.90016774359
141,1.38649719034944,9.10581050195825,5.24615384615385,-0.365291476437719,-0.0489848471843738,-0.207138161811047,-0.336374088895887,0.107025439101766,-0.114674324897061,-0.397787803631121,-0.0233800086826609,-0.210583906156891,-0.345752894307256,-0.00597689980501476,-0.175864897056136,-0.388841977366949,-0.0210813133382645,-0.204961645352607,-0.328128669464989,0.111309466145952,-0.108409601659519,-0.0085956291203711,0.42309157191924,0.207247971399434,276.000256410256
142,1.90170841255754,9.79059927975015,5.84615384615385,-0.386755257327769,-0.0874135847772437,-0.237084421052506,-0.34859783841768,0.0837809830165078,-0.132408427700586,-0.413155581625883,-0.00305472426013404,-0.208105152943009,-0.352366077207413,0.0588837066596515,-0.146741185273881,-0.338647869632919,0.0554791705535682,-0.141584349539675,-0.307035767127181,0.116454593203715,-0.0952905869617333,0.039454491640901,0.512791818331484,0.276123154986193,276.10025974359
143,2.57706102909725,10.8588364068002,6.71794871794872,-0.397157263393419,-0.138896405075864,-0.268026834234641,-0.322471013186104,0.0752188546224414,-0.123626079281831,-0.431896679815384,-0.00193676400358278,-0.216916721909483,-0.32641328360971,0.143800121528262,-0.091306581040724,-0.267781841397869,0.147240808907083,-0.0602705162453928,-0.293128362096913,0.123167770543027,-0.084980295776943,0.0182901613324905,0.503236341174632,0.260763251253561,276.200256358974
144,3.02835675363757,11.5460022207214,7.28717948717949,-0.419686206914689,-0.141770397986638,-0.280728302450664,-0.284168665234118,0.137363671522086,-0.0734024968560158,-0.450516691702116,-0.0284252676458974,-0.239470979674006,-0.31503440166925,0.112866380437632,-0.101084010615809,-0.2144075019691,0.227339703171243,0.00646610060107163,-0.299443739996586,0.123858526379084,-0.0877926068087511,-0.0036588778455129,0.468171017974985,0.232256070064736,276.30000048718
145,3.3666109966008,11.9564659264761,7.66153846153846,-0.442171142200759,-0.154419534463187,-0.298295338331973,-0.263500872753046,0.207666864108698,-0.0279170043221741,-0.442652500446301,-0.0619763281331996,-0.252314414289751,-0.325551860173684,0.137097982759781,-0.0942269387069515,-0.213254807513006,0.230420964927627,0.00858307870731067,-0.315106436570173,0.114018770912867,-0.100543832828653,-0.0275721769947953,0.414890691221542,0.193659257113374,276.399996833333
146,3.64415002394999,12.3353371555372,7.98974358974359,-0.42635018596345,-0.111064567956263,-0.268707376959857,-0.257429935641071,0.188995192547278,-0.0342173715468962,-0.477295593339412,-0.129813989294864,-0.303554791317138,-0.346050549709495,0.10845443447924,-0.118798057615127,-0.188504485389173,0.21386299910434,0.0126792568575833,-0.335916301558307,0.09605032332651,-0.119932989115899,-0.00573924751531857,0.417421385482278,0.20584106898348,276.500256564103
147,4.10813315383201,12.8969950512962,8.5025641025641,-0.398523076072181,-0.045689995821393,-0.222106535946787,-0.282447290669237,0.118246065017972,-0.0821006128256324,-0.498763316188217,-0.176673201390391,-0.337718258789304,-0.366798626941861,0.083721683099363,-0.141538471921249,-0.203211508999781,0.193116449985516,-0.00504752950713225,-0.356621806043431,0.0838560302565899,-0.136382887893421,0.0244279817461381,0.466891803078248,0.245659892412193,276.60025974359
148,4.45727114865363,13.3683698769874,8.91282051282051,-0.368722841720724,0.0269037918584298,-0.170909524931147,-0.300146351019089,0.0712777407554094,-0.11443430513184,-0.479547853554479,-0.154713544650293,-0.317130699102386,-0.346658091220869,-0.0113863879733603,-0.179022239597115,-0.247882836685932,0.196401412205291,-0.0257407122403206,-0.346358850811589,0.0931858190712158,-0.126586515870186,0.00563413313361174,0.473846531927601,0.239740332530606,276.700256358974
149,4.83165000488011,13.8657858925558,9.34871794871795,-0.347218791630906,0.0369880234980034,-0.155115384066451,-0.304298748836171,0.0674987720849407,-0.118399988375615,-0.444425993839687,-0.11167929691969,-0.278052645379689,-0.361607021574831,-0.0629494948947759,-0.212278258234804,-0.270844210842029,0.223286288032822,-0.0237789614046031,-0.320612327335633,0.13172511374637,-0.0944436067946314,-0.0151422873001055,0.47401820328716,0.229437957993527,276.800000179487
150,5.44120955869094,14.5998160823347,10.0205128205128,-0.319921547666147,0.0413385423467255,-0.139291502659711,-0.29724180636927,0.0653657537369491,-0.11593802631616,-0.397502762535906,-0.0556127822537841,-0.226557772394845,-0.365086304860527,-0.0811798161677992,-0.223133060514163,-0.268902913410082,0.228835574228261,-0.0200336695909106,-0.315095145067168,0.137938633710747,-0.0885782556782108,-0.0542827910485554,0.40011661640713,0.172916912679287,276.89999698718
151,6.11069980423623,15.4277617342253,10.7692307692308,-0.297218495081329,0.062616597515868,-0.11730094878273,-0.310337257835753,0.0304536484447553,-0.139941804695499,-0.360153779099732,-0.000219602171202918,-0.180186690635468,-0.347352282198982,-0.0824834737821389,-0.21491787799056,-0.263552591615122,0.22052254453688,-0.0215150235391212,-0.292971904987521,0.162681917251882,-0.0651449938678193,-0.0599540890526736,0.352900037130261,0.146472974038793,277.000256410256
152,6.52970140452033,15.9728626980438,11.2512820512821,-0.327737002093228,0.00627803438677518,-0.160729483853226,-0.341279135154864,-0.0180018208544808,-0.179640478004673,-0.289885135374548,0.0859663704096881,-0.10195938248243,-0.35164223579555,-0.0740065523210157,-0.212824394058283,-0.271846190361191,0.199011935913139,-0.0364171272240259,-0.287502206093082,0.174155428378486,-0.0566733888572983,-0.0780343352013727,0.29976319766044,0.110864431229533,277.10025974359
153,7.00889912500317,16.5808444647404,11.7948717948718,-0.325065700434373,0.0306884198648119,-0.147188640284781,-0.346177068065608,-0.0117451364899701,-0.178961102277789,-0.239882622377768,0.130238404598591,-0.0548221088895884,-0.370375609925182,-0.0733384820623422,-0.221857045993762,-0.285722910088784,0.196541832408631,-0.0445905388400763,-0.286263429613875,0.171753824529825,-0.057254802542025,-0.0934179934675806,0.307158411585457,0.106870209058938,277.200256358974
154,7.20887456930755,17.0475356871027,12.1282051282051,-0.354449540629948,-0.00433522873377382,-0.179392384681861,-0.359963433060069,0.0111340653850026,-0.174414683837533,-0.267577055681483,0.084722286389412,-0.0914273846460354,-0.372519658404237,-0.112604986112325,-0.242562322258281,-0.282974879081953,0.193934436865378,-0.0445202211082874,-0.297907459589018,0.14927429530614,-0.0743165821414389,-0.102502106580972,0.336452512486076,0.116975202952552,277.300000076923
155,7.45214576662009,17.6042644897902,12.5282051282051,-0.36128541523803,-0.0589186998129291,-0.21010205752548,-0.353483543456352,0.033012667910431,-0.16023543777296,-0.358078163929599,0.00768553186426659,-0.175196316032666,-0.346614846959703,-0.0589339533564807,-0.202774400158092,-0.261761702164858,0.164632264887501,-0.0485647186386784,-0.319979473419379,0.118374178605225,-0.100802647407077,-0.0591898127080211,0.391899481161609,0.166354834226794,277.399996679487
156,7.63050478687276,18.2566747003067,12.9435897435897,-0.367013373188823,-0.0388917055265526,-0.202952539357688,-0.369044971569667,-0.00330732368839986,-0.186176147629033,-0.432590771591915,-0.0521309809323251,-0.24236087626212,-0.350488581336728,-0.0367933471869951,-0.193640964261861,-0.252459679956533,0.17982400777246,-0.0363178360920363,-0.344836210599148,0.0849935875812098,-0.129921311508969,0.00194669582926271,0.45625179172776,0.229099243778511,277.500256410256
157,7.99529179843274,19.1124005092596,13.5538461538462,-0.369243587121651,-0.00296356670373792,-0.186103576912694,-0.402478037531342,-0.0296794908789803,-0.216078764205161,-0.452356906202011,-0.0450479010780794,-0.248702403640045,-0.352063032698781,-0.0354152486460583,-0.193739140672419,-0.259096102578469,0.196016250862343,-0.031539925858063,-0.377610569503381,0.0455866983114642,-0.166011935595959,0.0154675589528139,0.460647589756047,0.23805757435443,277.60025974359
158,8.33187943977329,19.7809410730472,14.0564102564103,-0.355620718508851,0.0490982382402898,-0.153261240134281,-0.447676848808824,-0.0377164109582238,-0.242696629883524,-0.444724456523717,-0.0584401416832334,-0.251582299103475,-0.37199880438414,-0.0969694251730306,-0.234484114778585,-0.235561984297005,0.243889763164662,0.0041638894338287,-0.372393722179833,0.0362533758731332,-0.16807017315335,-0.00227051691303922,0.443673237491096,0.220701360289029,277.70026174359
159,9.28444033933235,20.9206878657959,15.1025641025641,-0.358329009176374,0.0477573556402003,-0.155285826768087,-0.462691074059838,-0.0762771282255848,-0.269484101142711,-0.413987995099016,-0.0544575642487305,-0.234222779673873,-0.380856631265564,-0.0822240567272921,-0.231540343996428,-0.187601464150767,0.267019246812684,0.0397088913309586,-0.323346175636786,0.0828328814321813,-0.120256647102302,-0.0612961682307454,0.381556259403274,0.160130045586264,277.800000076923
160,10.4397182679119,22.9961791679855,16.7179487179487,-0.297523130815512,0.10880576549307,-0.0943586826612211,-0.473800817286691,-0.135209340735915,-0.304505079011303,-0.424696747633675,-0.0789782149966638,-0.251837481315169,-0.395331176273013,-0.0642374189125488,-0.229784297592781,-0.189355148384928,0.269029669279008,0.0398372604470398,-0.277713253473446,0.142603062130889,-0.0675550956712787,-0.10886831275874,0.340985971752484,0.116058829496872,277.899996679487
161,11.4267287317535,24.2860917810671,17.8564102564103,-0.226831504626634,0.212837629065764,-0.0069969377804353,-0.46235715937185,-0.149267342267573,-0.305812250819711,-0.410846407230707,-0.0771073908190972,-0.243976899024902,-0.390440909394698,-0.0292032756563449,-0.209822092525522,-0.268820505933713,0.166739084686865,-0.0510407106234241,-0.256333703753845,0.197937700249279,-0.0291980017522832,-0.152000962804462,0.291542379911736,0.0697707085536368,278.000256410256
162,12.026163005655,25.0712728917809,18.548717948718,-0.174160755757429,0.298941625094638,0.0623904346686045,-0.445625489994208,-0.131668515017387,-0.288647002505798,-0.398660844235654,-0.0749369227857625,-0.236798883510708,-0.379077856994397,-0.0928251472264706,-0.235951502110434,-0.337897317968037,0.109080570588763,-0.114408373689637,-0.295843781254529,0.170353746659346,-0.0627450172975914,-0.196385820758,0.250193160498686,0.0269036698703431,278.10025974359
163,12.4637330180094,25.6388310845547,19.0512820512821,-0.226186985625176,0.26760292329201,0.0207079688334169,-0.400171330812048,-0.0826370471825214,-0.241404188997285,-0.392244350423881,-0.0528000951694846,-0.222522222796683,-0.354426996476728,-0.102185622779371,-0.228306309628049,-0.378450016951237,0.0987664270726281,-0.139841794939304,-0.290954174888808,0.170369891131037,-0.0602921418788858,-0.25570871352072,0.188063239079346,-0.0338227372206872,278.200256358974
164,12.7742754070555,26.138545105765,19.4564102564103,-0.235545262177167,0.233380945884553,-0.0010821581463071,-0.401433703069065,-0.0756560858610212,-0.238544894465043,-0.377181876975217,-0.0311368686243139,-0.204159372799765,-0.404873956356493,-0.166919206891119,-0.285896581623806,-0.337901568077818,0.167033266257613,-0.0854341509101023,-0.311663669067765,0.147011658301548,-0.0823260053831084,-0.257837275406839,0.224360128961763,-0.016738573222538,278.30000048718
165,13.100296815251,26.6227801078259,19.8615384615385,-0.292448792898211,0.174931953258614,-0.0587584198197983,-0.416348219602215,-0.0638324786169406,-0.240090349109578,-0.380508641462761,-0.0439842162048087,-0.212246428833785,-0.397331826206596,-0.106578404230109,-0.251955115218353,-0.299587492133807,0.210842266796571,-0.0443726126686181,-0.268666689869699,0.198067337449613,-0.0352996762100428,-0.227714411085656,0.265933490416249,0.019109539665297,278.399996679487
166,13.3562204472826,26.6950616039995,20.025641025641,-0.301235794711956,0.153182895660341,-0.0740264495258077,-0.420486298428408,-0.0210669825565622,-0.220776640492485,-0.372363078335084,-0.029297403224995,-0.200830240780039,-0.368102400233049,-0.0657345470337708,-0.21691847363341,-0.30088923228386,0.270834441095134,-0.0150273955943634,-0.22818738543265,0.23147319481389,0.00164290469062022,-0.203198652591074,0.32103716568899,0.0589192565489576,278.500256410256
167,13.4474617838796,26.3474100109922,19.8974358974359,-0.250210956516517,0.205258118772054,-0.0224764188722313,-0.446925800798065,-0.0504519283161104,-0.248688864557088,-0.339524534218449,0.0205675750156722,-0.159478479601388,-0.356324056096277,-0.01053372744381,-0.183428891770043,-0.330154085934447,0.323192628769124,-0.00348072858266138,-0.204533056422916,0.238013278255159,0.0167401109161214,-0.187121878011567,0.371067381309154,0.0919727516487932,278.60025974359
168,12.5738702883621,25.3953604808687,18.9846153846154,-0.259767800722338,0.149364289040422,-0.0552017558409576,-0.45020956100685,-0.0613891311765446,-0.255799346091697,-0.297857440373092,0.0816917394096096,-0.108082850481741,-0.368853048852212,-0.0676723698548454,-0.218262709353529,-0.321110053357453,0.360408970628364,0.0196494586354556,-0.217219819210288,0.248653746577605,0.0157169636836587,-0.185039185908581,0.367159234930553,0.091060024510986,278.700256512821
169,12.4932012123432,25.2914141722722,18.8923076923077,-0.269411320137765,0.133287158542806,-0.0680620807974793,-0.459847556978953,-0.0454593325696785,-0.252653444774316,-0.290289594333869,0.124721759298515,-0.0827839175176768,-0.342491184568006,-0.0801367372272812,-0.211313960897644,-0.249276997851886,0.410029304076515,0.0803761531123145,-0.217554587856635,0.289778971973876,0.0361121920586206,-0.193328541317033,0.336548294038957,0.0716098763609618,278.800000076923
170,12.6431182922551,25.1927791436423,18.9179487179487,-0.317722170229034,0.0622841201880577,-0.127719025020488,-0.436788696313643,0.0180485102136846,-0.209370093049979,-0.240881559008244,0.19305232897169,-0.0239146150182766,-0.310716031682831,-0.0392941610587018,-0.175005096370766,-0.224176769896857,0.393052416185023,0.0844378231440828,-0.249640238415134,0.249945837132007,0.000152799358436726,-0.245057688664904,0.26539766285429,0.0101699870946933,278.899997141026
171,12.6566588242727,25.3433411757273,19,-0.285572252715581,0.0742502441020773,-0.105661004306752,-0.422369941559228,0.099846238254638,-0.161261851652295,-0.18533787082885,0.25758965232088,0.0361258907460149,-0.242419017360572,0.096885401958562,-0.072766807701005,-0.223423021647541,0.355777337950752,0.0661771581516054,-0.290074504402283,0.201369635647847,-0.0443524343772179,-0.270955090428178,0.241939960140653,-0.0145075651437626,279.000256410256
172,12.7690073414269,26.0617618893423,19.4153846153846,-0.268927363767704,0.11287348686091,-0.0780269384533971,-0.411861443932073,0.131084555662368,-0.140388444134852,-0.111658872699654,0.355552962499635,0.12194704489999,-0.208989275710945,0.152996551683499,-0.0279963620137227,-0.294139392517762,0.2420683038848,-0.0260355443164811,-0.324775809025967,0.168070842043923,-0.0783524834910222,-0.278575559576578,0.239394318209102,-0.019590620683738,279.10025974359
173,12.2277688718349,25.5773593332933,18.9025641025641,-0.266369580167389,0.139977168764037,-0.0631962057016759,-0.39161421511869,0.152209600442752,-0.119702307337969,-0.0851580432319448,0.405758611811366,0.160300284289711,-0.224475036159329,0.13848541394664,-0.0429948111063445,-0.327062596699248,0.145190721998784,-0.090935937350232,-0.346355577775137,0.150751975419697,-0.0978018011777199,-0.248531030072279,0.274498893809384,0.0129839318685521,279.200256358974
174,12.0535795697161,25.3720614559249,18.7128205128205,-0.259852072807149,0.288000849919028,0.0140743885559394,-0.377856910246671,0.13023648222818,-0.123810214009245,-0.0413643576979317,0.454482739171948,0.206559190737008,-0.268518806593949,0.153750571417227,-0.0573841175883611,-0.38641573555471,0.039832168312089,-0.173291783621311,-0.340279670176412,0.168985126786056,-0.0856472716951777,-0.197448016521657,0.32871033189888,0.0656311576886113,279.300000282051
175,11.8257482856459,25.1075850476875,18.4666666666667,-0.233234567497219,0.381518283464882,0.0741418579838315,-0.40002371740658,0.05374449350257,-0.173139611952005,0.00846518512693904,0.523750405597405,0.266107795362172,-0.330923414388232,0.310937373806756,-0.00999302029073801,-0.453200334583669,-0.0710440293974707,-0.26212218199057,-0.30116812237536,0.20236548979361,-0.0494013162908751,-0.192094752244913,0.352702060344428,0.0803036540497575,279.39999724359
176,11.8677195022604,25.2809984464576,18.574358974359,-0.241924733372128,0.375943569594646,0.0670094181112587,-0.40992386319101,-0.0197170361355902,-0.2148204496633,0.0526547333368937,0.622907243046757,0.337780988191826,-0.317027959166118,0.392064797488881,0.0375184191613814,-0.50767245890283,-0.0948491531015313,-0.301260806002181,-0.238073331672274,0.275178987424664,0.018552827876195,-0.219986262865226,0.29482481875976,0.0374192779472673,279.500256564103
177,12.2734133157993,25.8188943765084,19.0461538461538,-0.245434089069441,0.23969563173226,-0.00286922866859031,-0.43244730988702,-0.0650861251673993,-0.24876671752721,0.0919188418365921,0.683878335100923,0.387898588468757,-0.270620056725042,0.312177616358419,0.0207787798166882,-0.538042111637729,-0.0232393618644516,-0.28064073675109,-0.194760838717355,0.334965899999365,0.0701025306410048,-0.254466403080836,0.245665601908145,-0.00440040058634539,279.60025974359
178,12.7972766281424,26.5565695257037,19.6769230769231,-0.251186350103515,0.234628616602938,-0.00827886675028858,-0.437559730442291,-0.037260265081869,-0.23740999776208,0.110314927966275,0.707991760930975,0.409153344448625,-0.269585678097159,0.125860950144108,-0.0718623639765255,-0.558323300360074,0.00595703866705113,-0.276183130846512,-0.147173112130166,0.45041511749152,0.151621002680677,-0.24223936262323,0.257635533907512,0.00769808564214119,279.700256358974
179,13.1283588660688,27.3947180570081,20.2615384615385,-0.284683453599833,0.157234750900801,-0.0637243513495159,-0.461507989441934,-0.0256364616203015,-0.243572225531118,0.103040633371952,0.665085693760298,0.384063163566125,-0.263364535929019,0.123555928044269,-0.069904303942375,-0.518334529067659,0.0650379897721683,-0.226648269647745,-0.0789615916395236,0.542751645100898,0.231895026730687,-0.193968873670982,0.307142135008492,0.0565866306687553,279.800000076923
180,13.8669562448941,28.2253514474136,21.0461538461538,-0.316444994972718,0.0588838808182336,-0.128780557077242,-0.480196984284401,-0.0536282536739529,-0.266912618979177,0.0530306435438983,0.611929698513308,0.332480171028603,-0.250744516791558,0.288738463607594,0.0189969734080183,-0.532735011080835,0.047647406915709,-0.242543802082563,-0.0315365038605284,0.596149007521402,0.282306251830437,-0.135555120552615,0.353343185457562,0.108894032452473,279.899996833333
181,14.6991608844386,29.2598134745358,21.9794871794872,-0.361394549031823,-0.00170011866529652,-0.18154733384856,-0.459199391059707,-0.0561846117208411,-0.257692001390274,0.0568486646783512,0.601914932425254,0.329381798551802,-0.204049803550087,0.411936970235196,0.103943583342554,-0.531334622096756,0.0140786404065426,-0.258627990845107,-0.0596114415712657,0.599929016362616,0.270158787395675,-0.0885689395537792,0.398493667975483,0.154962364210852,280.000256410256
182,15.7022403158779,30.8926314789939,23.2974358974359,-0.364107931851528,0.0893447307402763,-0.137381600555626,-0.428922961924367,-0.021529552995025,-0.225226257459696,0.0389282356536373,0.603523445708945,0.321225840681291,-0.170657835485184,0.494663560853782,0.162002862684299,-0.535583327260456,-0.0694698702821459,-0.302526598771301,-0.105676159323943,0.552498412990765,0.223411126833411,-0.0654991983378049,0.426049200532855,0.180275001097525,280.10025974359
183,16.3179983916754,32.3999503262733,24.3589743589744,-0.324866293479358,0.203493358801184,-0.0606864673390873,-0.366458758378644,0.106221776252571,-0.130118491063036,0.0195245631346313,0.600901749588818,0.310213156361725,-0.202962097539006,0.428407385784061,0.112722644122527,-0.522820537310532,-0.0971182709549186,-0.309969404132725,-0.140492042635178,0.426011637289017,0.142759797326919,-0.104517805406306,0.393297339553338,0.144389767073516,280.200256358974
184,16.4076007946783,32.5770145899371,24.4923076923077,-0.289596821338575,0.259481038971969,-0.015057891183303,-0.292403538362556,0.219563216536273,-0.0364201609131415,0.0187705975772276,0.591113544098587,0.304942070837907,-0.226595492055826,0.406922175834856,0.090163341889515,-0.522895880666437,-0.117146256753223,-0.32002106870983,-0.198134919781659,0.305317355329947,0.0535912177741439,-0.175283762035048,0.330101940508089,0.0774090892365206,280.300000076923
185,16.6006738810905,32.7531722727557,24.6769230769231,-0.259322319292944,0.28030087047192,0.0104892755894879,-0.248128400980318,0.273630833624435,0.0127512163220588,0.0141581038085782,0.60581548527752,0.309986794543049,-0.244381193220084,0.204134831115494,-0.0201231810522954,-0.548374174831794,-0.175397107802203,-0.361885641316999,-0.261594499885708,0.25979024703453,-0.000902126425588901,-0.223166188531839,0.279360852553491,0.0280973320108261,280.399996987179
186,17.1844567318374,33.2360560886754,25.2102564102564,-0.294765341969411,0.199349480292273,-0.0477079308385688,-0.288865248420286,0.21641838484657,-0.0362234317868579,0.0197006187103317,0.624310724852773,0.322005671781552,-0.233127958444106,0.189535130006639,-0.0217964142187332,-0.556485376134264,-0.173298706501175,-0.36489204131772,-0.23411045761873,0.332925854505892,0.0494076984435805,-0.262860774404432,0.233010773088298,-0.0149250006580671,280.500256410256
187,17.4593119769453,33.2381239204906,25.348717948718,-0.284042640130212,0.144411011523491,-0.0698158143033603,-0.347416646578645,0.140351719779686,-0.103532463399479,0.0305409169748656,0.592567848104624,0.311554382539745,-0.229414433215978,0.231579532403523,0.0010825495937722,-0.476420627681221,-0.0657266529563329,-0.271073640318777,-0.146258717036927,0.443275383011672,0.148508332987372,-0.272604931945156,0.208617524563289,-0.0319937036909334,280.60025974359
188,17.6557459821638,33.2365617101439,25.4461538461538,-0.227919524725155,0.195699224911486,-0.0161101499068345,-0.389050285406566,0.109180241864582,-0.139935021770992,0.0530593483737259,0.607338182477043,0.330198765425384,-0.214829715025187,0.333626435760502,0.0593983603676577,-0.419247539501662,0.0323059284950677,-0.193470805503297,-0.0954966953168046,0.498621916947629,0.201562610815412,-0.27880215053619,0.187403330894064,-0.0456994098210634,280.700256564103
189,17.2950892665601,32.5920902206194,24.9435897435897,-0.13971524774493,0.381282482458305,0.120783617356688,-0.389942452762828,0.145534393386046,-0.122204029688391,0.0755153742311458,0.692616760189673,0.38406606721041,-0.198651377432938,0.372902990127714,0.0871258063473881,-0.388348024084893,0.102980266439999,-0.142683878822447,-0.120564529508925,0.478122037226016,0.178778753858545,-0.267929777255255,0.196784311162356,-0.0355727330464496,280.800000076923
190,16.534158654151,31.9478926279003,24.2410256410256,-0.15192940825509,0.457401167102733,0.152735879423821,-0.357031718951826,0.211300665024176,-0.072865526963825,0.057921376518957,0.695808993807277,0.376865185163117,-0.165638347757788,0.534705120286289,0.18453338626425,-0.438459059826429,0.060579704899805,-0.188939677463312,-0.170155930314647,0.409294965856602,0.119569517770977,-0.215827025093371,0.253008029777861,0.0185905023422449,280.89999698718
191,15.8025533153007,30.289754377007,23.0461538461538,-0.228118331985779,0.322991869284321,0.0474367686492713,-0.326258199436471,0.337563910314034,0.00565285543878141,0.015274594886935,0.612046406349189,0.313660500618062,-0.164053200664474,0.517705646439973,0.176826222887749,-0.487380980756146,0.0159195998499638,-0.235730690453091,-0.241290847490365,0.29359020789615,0.0261496802028927,-0.182172908284683,0.332356885421885,0.0750919885686009,281.000256410256
192,14.3973209212722,27.7257560018048,21.0615384615385,-0.306320654774069,0.152076275453644,-0.0771221896602125,-0.31707656873169,0.364419309231867,0.0236713702500888,-0.0405550850752835,0.557140606693889,0.258292760809303,-0.213545149312175,0.343541376565348,0.0649981136265862,-0.543126924962615,-0.151565315090639,-0.347346120026627,-0.284216653969982,0.218787473901661,-0.0327145900341607,-0.150041649450832,0.367614208088329,0.108786279318749,281.10025974359
193,13.0199475459013,26.1903088643551,19.6051282051282,-0.35467195262035,0.0364348244859416,-0.159118564067204,-0.264902374827393,0.423251858851964,0.0791747420122856,-0.11277025080638,0.522415741123443,0.204822745158532,-0.224227193255854,0.420099286061017,0.0979360464025819,-0.542860413465138,-0.15970947466193,-0.351284944063534,-0.31019069526761,0.19344915247542,-0.0583707713960951,-0.230653611381022,0.280084169418651,0.0247152790188146,281.200256358974
194,12.5761936373053,25.6084217473101,19.0923076923077,-0.347418158048921,0.0859711557047539,-0.130723501172083,-0.307803254513018,0.304475809473795,-0.00166372251961164,-0.0989522375559115,0.552281246164482,0.226664504304285,-0.233096445165697,0.0757079878870568,-0.0786942286393202,-0.533789635639532,-0.135211710401113,-0.334500673020322,-0.33313459443584,0.183871591045955,-0.0746315016949425,-0.221392979006898,0.272345445138582,0.0254762330658416,281.300000076923
195,11.3751815079965,24.3581518253369,17.8666666666667,-0.350133090745475,0.0390248773799207,-0.155554106682777,-0.242122843541011,0.336253802735393,0.0470654795971914,-0.173173436201605,0.452712275420523,0.139769419609459,-0.222196914109313,0.368156335993599,0.0729797109421428,-0.535177624247344,-0.0913017642312998,-0.313239694239322,-0.351548090579502,0.176475552260002,-0.0875362691597501,-0.230283329934785,0.239812295590705,0.00476448282795969,281.399996935897
196,10.534713397805,23.7114404483488,17.1230769230769,-0.297280754641245,0.155551730101066,-0.0708645122700894,-0.223643864987097,0.354566979229436,0.0654615571211697,-0.191949996836162,0.368462715809058,0.0882563594864484,-0.18378150977663,0.54016448267429,0.17819148644883,-0.594174562618348,-0.127467692003626,-0.360821127310987,-0.303971074101563,0.240895247779743,-0.0315379131609103,-0.213512208416211,0.249502338872541,0.0179950652281649,281.500256410256
197,10.2966777984077,23.7340914323615,17.0153846153846,-0.343402487807192,0.221773838800899,-0.0608143245031464,-0.284867334659752,0.305970244018143,0.0105514546791955,-0.22949187661093,0.30010099422217,0.0353045588056201,-0.166037586049119,0.595690184293978,0.21482629912243,-0.576349117265636,-0.110741178984949,-0.343545148125292,-0.262587814520727,0.340618680574059,0.039015433026666,-0.221214069866634,0.256905336050896,0.0178456330921311,281.60025974359
198,10.1500007597527,23.4294864197344,16.7897435897436,-0.34742950733154,0.201444599460274,-0.072992453935633,-0.364247780120792,0.244436118773608,-0.0599058306735919,-0.166349667276556,0.400140497183846,0.116895414953645,-0.165191725982807,0.448673800642018,0.141741037329606,-0.545323590653983,-0.110679745253745,-0.328001667953864,-0.225147658718515,0.410142790742399,0.0924975660119421,-0.175457789522481,0.299737651785465,0.0621399311314918,281.700256358974
199,9.55849667182887,22.3902212768891,15.974358974359,-0.392490818673645,0.152048097966471,-0.120221360353587,-0.351519310612736,0.150933409216176,-0.10029295069828,-0.133575102951528,0.492689405632711,0.179557151340591,-0.16606905833751,0.285239883396324,0.0595854125294072,-0.500878032879928,-0.0749316969511816,-0.287904864915555,-0.25363930004781,0.388040717274581,0.0672007086133854,-0.153298615360665,0.318897258779916,0.0827993217096252,281.800000076923
200,8.05478206813909,20.5708589575019,14.3128205128205,-0.433592360911348,0.121827225545735,-0.155882567682806,-0.329805342132959,0.14400474711675,-0.0929002975081046,-0.122389154130711,0.563532197640083,0.220571521754686,-0.163017156711978,0.218297075016906,0.0276399591524644,-0.47528411970237,-0.0433156446253914,-0.259299882163881,-0.27545559413794,0.395410165292034,0.0599772855770467,-0.130877397569822,0.35406221045683,0.111592406443504,281.899996833333
201,7.16881823845131,19.6209253512923,13.3948717948718,-0.341074520297969,0.204978789605691,-0.0680478653461392,-0.292155181132678,0.129717079064728,-0.0812190510339752,-0.114296777630506,0.510472009265408,0.198087615817451,-0.155292044373118,0.216153041557972,0.0304304985924268,-0.443911009790047,-0.00716328659077079,-0.225537148190409,-0.28655044859777,0.34297976272289,0.0282146570625597,-0.176245458835215,0.336219404641316,0.0799869729030506,282.000256410256
202,6.44986076444058,18.7603956458158,12.6051282051282,-0.277480356602506,0.18678059892696,-0.0453498788377734,-0.23441686754415,0.18229956336254,-0.0260586520908049,-0.103194529390751,0.450812670251331,0.17380907043029,-0.207642155470695,0.645084530010322,0.218721187269814,-0.385909966196487,0.118515492758939,-0.133697236718774,-0.277107989340023,0.297959519194355,0.0104257649271661,-0.302395602544727,0.252018905938092,-0.0251883483033177,282.10025974359
203,5.84273380560736,18.0034200405465,11.9230769230769,-0.225388019089673,0.302405349504152,0.0385086652072398,-0.166187352113048,0.297472288847357,0.0656424683671545,-0.105238793489492,0.401667919909036,0.148214563209772,-0.269022241514235,0.491078350223402,0.111028054354584,-0.374618599579433,0.156194006155021,-0.109212296712206,-0.314359887532892,0.24800258228817,-0.0331786526223608,-0.341904825854869,0.218487826271702,-0.0617084997915835,282.200256358974
204,5.39904556157759,17.339415976884,11.3692307692308,-0.302636392098897,0.145525598912577,-0.0785553965931597,-0.0880670250429083,0.512536566791925,0.212234770874508,-0.0589566362281018,0.44541784251271,0.193230603142304,-0.276032766843941,0.455488451612205,0.0897278423841323,-0.363245974217254,0.143150901835956,-0.110047536190649,-0.398457237405027,0.174178143203639,-0.112139547100694,-0.326448154433729,0.228581536715892,-0.0489333088589185,282.300000076923
205,4.70735077292897,16.2464953809172,10.4769230769231,-0.314229989601506,0.0222078190161338,-0.146011085292686,-0.0698014590132359,0.628190373770912,0.279194457378838,-0.0417481575722518,0.465003485482469,0.211627663955108,-0.270205537948805,0.204861945973195,-0.0326717959878051,-0.360164246940552,0.119873790266027,-0.120145228337262,-0.454149145618044,0.108562108604912,-0.172793518506566,-0.241008221573742,0.316721289435138,0.0378565339306979,282.399996679487
206,3.91305612730323,15.0305336162865,9.47179487179487,-0.3682881134064,0.043902622373723,-0.162192745516338,-0.0659464366200685,0.725039930720113,0.329546747050022,-0.0450953213625627,0.511802788735534,0.233353733686486,-0.251535088745176,0.121106884019011,-0.0652141023630821,-0.320585134532917,0.137539345315836,-0.0915228946085403,-0.500888274113131,0.0359309088777855,-0.232478682617673,-0.304608255933045,0.232618337583308,-0.0359949591748684,282.500256410256
207,3.12216211521725,13.1752737822187,8.14871794871795,-0.320690582969434,0.113737631378138,-0.103476475795648,-0.0905583826979617,0.60770739272705,0.258574505014544,-0.0599653165292087,0.522422806615101,0.231228745042946,-0.207400974035249,0.103628170959025,-0.0518864015381124,-0.340896989537877,0.112236108491486,-0.114330440523196,-0.494284662952313,0.0471415802736406,-0.223571541339336,-0.295980029255228,0.231659093649499,-0.0321604678028642,282.60025974359
208,2.38417727386415,11.6158227261359,7,-0.275921796474385,0.14298903057148,-0.0664663829514526,-0.167339973309437,0.358240943623632,0.0954504851570974,-0.0608614108899121,0.489255813995657,0.214197201552872,-0.199732780203054,0.234615012104137,0.0174411159505417,-0.304860887068195,0.176405195978568,-0.0642278455448133,-0.447016093668707,0.0793867423511028,-0.183814675658802,-0.247576971157493,0.268609716110509,0.010516372476508,282.700256358974
209,1.47969675088752,10.2536365824458,5.86666666666667,-0.254532521846246,0.0963528984681707,-0.0790898116890379,-0.221490798314444,0.213998822388101,-0.00374598796317174,-0.0607712288041062,0.46254619194826,0.200887481572077,-0.248131569966994,0.0413472076459313,-0.103392181160531,-0.303789514539803,0.183624475062466,-0.0600825197386687,-0.415552361511968,0.0669225068968182,-0.174314927307575,-0.219464059986313,0.295970460115678,0.0382532000646825,282.800000076923
210,1.0337759356781,9.70468560278344,5.36923076923077,-0.245290800709789,0.138556247847356,-0.0533672764312165,-0.165186699134257,0.245738646455785,0.0402759736607644,-0.0706190126960383,0.453599519986198,0.19149025364508,-0.32505904814851,-0.0669033962336516,-0.195981222191081,-0.316021325250419,0.193043377005389,-0.061488974122515,-0.437581994204043,0.00889280845163256,-0.214344592876205,-0.215019889123289,0.305740717485186,0.0453604141809484,282.899996987179
211,0.625887214855566,9.08693329796495,4.85641025641026,-0.207424296629733,0.192677093428597,-0.00737360160056789,-0.114689063267758,0.342515583625094,0.113913260178668,-0.113976710944082,0.418390668056491,0.152206978556205,-0.365536346397414,-0.0867932942722536,-0.226164820334834,-0.259359986627819,0.236965388008247,-0.0111972993097862,-0.488474547388601,-0.0505200659757123,-0.269497306682156,-0.193693576239262,0.27994614367296,0.0431262837168492,283.000256564103
212,0.442806514385166,8.79821912664048,4.62051282051282,-0.220024209304753,0.0991259927765113,-0.0604491082641209,-0.122722008499097,0.368484602080333,0.122881296790618,-0.135226157888524,0.391143246656354,0.127958544383915,-0.40740703304936,0.00883842695767479,-0.199284303045842,-0.189594129053129,0.337183054262859,0.0737944626048649,-0.505263736854341,-0.0782747945246562,-0.291769265689499,-0.156204228877024,0.300813468487196,0.0723046198050859,283.10025974359
213,0.399926533769802,8.70776577392251,4.55384615384615,-0.244123673579818,0.0771686144556605,-0.0834775295620788,-0.181262843880884,0.282179829681481,0.0504584929002984,-0.137213790260638,0.37371067481448,0.118248442276921,-0.403078408713178,0.0801971225389746,-0.161440643087102,-0.115083765585705,0.442158765077076,0.163537499745686,-0.507368890668015,-0.0939144375451489,-0.300641664106582,-0.064839444853788,0.388114249812692,0.161637402479452,283.200256564103
214,0.336293900160558,8.58678302291636,4.46153846153846,-0.289590239233749,0.19420560941451,-0.0476923149096193,-0.188197614825373,0.314891303350415,0.0633468442625208,-0.144502027619286,0.425854844508402,0.140676408444558,-0.324224697969378,0.281494943567156,-0.0213648772011106,-0.157683794884076,0.429995140639118,0.136155672877521,-0.50061567423589,-0.0122974470467265,-0.256456560641308,-0.0885922099243879,0.38896894893203,0.150188369503821,283.300000076923
215,0.229031563439255,8.30430176989408,4.26666666666667,-0.289730365812076,0.206351441873135,-0.0416894619694703,-0.202039831277615,0.346781424266366,0.0723707964943759,-0.228993518837368,0.263388046525397,0.0171972638440146,-0.325847662028842,0.428293584169904,0.0512229610705312,-0.163524798481908,0.438170084573398,0.137322643045745,-0.533202117245723,0.140370733885978,-0.196415691679872,-0.131875624871368,0.384562187629859,0.126343281379245,283.399996782051
216,0.147310173687445,8.03730521092794,4.09230769230769,-0.277950669444055,0.0759094277134069,-0.101020620865324,-0.215270576031003,0.34476138216717,0.0647454030680835,-0.312866025731063,0.136880292804879,-0.0879928664630923,-0.378608356778355,0.391819742602215,0.00660569291193,-0.0892934845499119,0.510502813628231,0.210604664539159,-0.546895680246921,0.230848236948691,-0.158023721649115,-0.190412598371521,0.318760029652691,0.0641737156405847,283.500256410256
217,0.131707040957252,7.45803654878634,3.79487179487179,-0.212610120901485,0.132976477266507,-0.0398168218174888,-0.250747460917091,0.303311108282644,0.0262818236827768,-0.314708106900766,0.133664852572232,-0.0905216271642672,-0.402965844880939,0.199440212955147,-0.101762815962896,-0.0449282192409127,0.556476187123497,0.255773983941292,-0.495148326578681,0.176511200837904,-0.159318562870389,-0.155408407628226,0.33631312360676,0.0904523579892669,283.60025974359
218,0.135227436246602,6.85964435862519,3.4974358974359,-0.193751068773692,0.20546970934946,0.00585932028788391,-0.28408605551702,0.270668769037898,-0.00670864323956098,-0.272149030921832,0.512266933303205,0.120058951190686,-0.378029425545707,-0.107945054767788,-0.242987240156748,-0.0928359846132797,0.489869614644857,0.198516815015789,-0.399650415068467,0.28854909636572,-0.0555506593513737,-0.0220234862003277,0.522125199223433,0.250050856511553,283.700256358974
219,0.117107959126445,6.51878947677099,3.31794871794872,-0.178527248230846,0.257273783328688,0.0393732675489211,-0.319497500959653,0.227160874299971,-0.0461683133298414,-0.237126699408098,0.468631005675286,0.115752153133594,-0.422632495771731,-0.129021634798121,-0.275827065284926,-0.103915915305248,0.416468686895818,0.156276385795285,-0.42109783799927,0.166997842458837,-0.127049997770216,0.140119767343728,0.734889734894381,0.437504751119054,283.800000076923
220,0.0983303542871044,6.44525938930264,3.27179487179487,-0.142027257814929,0.29736530739696,0.0776690247910152,-0.29169481318861,0.26279497359013,-0.0144499197992399,-0.216012034373876,0.383372701988395,0.0836803338072591,-0.446485837457117,-0.105051388608682,-0.275768613032899,-0.161186753923731,0.30755747122381,0.0731853586500395,-0.446275721005469,0.103644847711124,-0.171315436647173,0.208372091450461,0.835807146205926,0.522089618828194,283.899996833333
221,0.0967175730176169,6.13917986287982,3.11794871794872,-0.11172949012641,0.364468679486224,0.126369594679907,-0.284286011101024,0.24955642228789,-0.0173647944065673,-0.294611857157126,0.351668699479908,0.0285284211613909,-0.455170529420918,-0.0939785541599101,-0.274574541790414,-0.164147799680615,0.291505118367013,0.0636786593431989,-0.527568022147087,-0.0016356303115935,-0.26460182622934,0.18601921877885,0.732852059186826,0.459435638982838,284.000256564103
222,0.079322519631455,5.56170312139419,2.82051282051282,-0.126517942068499,0.375701222329759,0.12459164013063,-0.291541233438658,0.192105542361828,-0.049717845538415,-0.367878483825168,0.326122511742207,-0.0208779860414806,-0.38058997500905,-0.0650628130062919,-0.222826394007671,-0.185966263728595,0.311230426638882,0.0626320814551431,-0.529724623919377,0.0413989195646073,-0.244162852177385,0.0453775054410119,0.569032484780726,0.307204995110869,284.10025974359
223,-0.0283369491796578,4.69500361584633,2.33333333333333,-0.254381336975858,0.274937601242049,0.0102781321330955,-0.300437563218231,0.122844556704301,-0.088796503256965,-0.42327422391066,0.226182847131076,-0.0985456883897922,-0.369491792469095,-0.0357998248750257,-0.20264580867206,-0.155150855890192,0.415732819915307,0.130290982012558,-0.514567589356499,0.1012431684158,-0.20666221047035,-0.0759592466309193,0.444841466679563,0.184441110024322,284.200256871795
224,-0.274301957042975,3.76148144422246,1.74358974358974,-0.280067659430648,0.188811469704154,-0.0456280948632471,-0.282838375571726,0.216466676251657,-0.0331858496600342,-0.490990293001541,0.0895277690042738,-0.200731261998634,-0.328108947474718,0.0558792692203729,-0.136114839127173,-0.144734830350776,0.5659500665584,0.210607618103812,-0.520685641381125,0.0856580564900057,-0.21751379244556,-0.150482789206958,0.388117365348141,0.118817288070591,284.300000794872
225,-0.339612271797364,3.23191996410506,1.44615384615385,-0.271590715032749,0.182883521984589,-0.0443535965240796,-0.272086754354581,0.442439306320141,0.0851762759827801,-0.5126991994574,0.0603333928234622,-0.226182903316969,-0.321955720647595,0.076765464942223,-0.122595127852686,-0.176274120070035,0.407803437583766,0.115764658756865,-0.545568899523381,-0.000180784681392128,-0.272874842102386,-0.184309162507133,0.366281019374474,0.0909859284336706,284.399996679487
226,-0.300874669134741,2.96754133580141,1.33333333333333,-0.215382620090576,0.217075751301738,0.000846565605581279,-0.186791546679244,0.485086960778629,0.149147707049693,-0.550087820288788,-0.0280409256110372,-0.289064372949913,-0.335731415100007,0.187569203059211,-0.0740811060203982,-0.200885048302337,0.333000776952977,0.0660578643253199,-0.552334251396491,-0.0331860345561052,-0.292760142976298,-0.170356949124953,0.355539337184609,0.092591194029828,284.500256410256
227,-0.274953982298938,2.70572321306817,1.21538461538462,-0.188847650101035,0.172134734487824,-0.00835645780660527,-0.0588661574708757,0.497506035737972,0.219319939133548,-0.581726611763796,-0.167878057439892,-0.374802334601844,-0.334127974517557,0.195084225701905,-0.0695218744078257,-0.208345438244516,0.283418692700105,0.0375366272277943,-0.603210734531927,-0.0729824312811728,-0.33809658290655,-0.148289195398599,0.343567908578054,0.0976393565897277,284.60025974359
228,-0.25991112904099,2.41375728288714,1.07692307692308,-0.134345123975342,0.26909570174712,0.0673752888858891,-0.0282755388395302,0.495860210459287,0.233792335809878,-0.57426634035803,-0.128207051927824,-0.351236696142927,-0.254882032542439,0.29177482175288,0.0184463946052206,-0.191526246973341,0.368848951613534,0.0886613523200965,-0.655412603700436,-0.113208791930665,-0.38431069781555,-0.179540105966419,0.328401125914727,0.0744305099741541,284.700256564103
229,-0.241695300285014,2.08784914643886,0.923076923076923,-0.162635804832774,0.288465753882008,0.0629149745246171,-0.017150670050736,0.520079927782779,0.251464628866022,-0.567847001631067,-0.138954329592206,-0.353400665611637,-0.212637840536953,0.227064991715456,0.0072135755892516,-0.182925374321691,0.3453901674794,0.0812323965788547,-0.689083483907364,-0.144316216838494,-0.416699850372929,-0.205519878430279,0.298213243402535,0.0463466824861277,284.800000179487
230,-0.33107453018373,1.64389504300424,0.656410256410256,-0.157272263547289,0.310758353239729,0.0767430448462201,-0.075412131376851,0.450093754689961,0.187340811656555,-0.507764785346186,-0.0291094563044533,-0.26843712082532,-0.205576166238405,0.171411843439078,-0.0170821613996633,-0.120910003776598,0.355003944843458,0.11704697053343,-0.67500177214007,-0.12784203403748,-0.401421903088775,-0.205152961952771,0.25404619549554,0.0244466167713847,284.899996987179
231,-0.311167525174995,1.44962906363653,0.569230769230769,-0.155041663218832,0.229062020292895,0.0370101785370314,-0.0353424282239154,0.50124260028382,0.232950086029952,-0.484409930145483,0.0464698381111303,-0.218970046017176,-0.242237525598923,0.105733033952388,-0.0682522458232672,-0.0632726669796093,0.414959814401691,0.175843573711041,-0.653556628564623,-0.158956043421839,-0.406256335993231,-0.213019344966875,0.235552963953959,0.0112668094935421,285.000256410256
232,-0.246035548499928,1.23065093311531,0.492307692307692,-0.150645300500145,0.26715371640485,0.0582542079523526,-0.0108128111968558,0.569971538412069,0.279579363607607,-0.490493610789481,0.1520334515128,-0.169230079638341,-0.240200807546954,0.170622353600739,-0.0347892269731076,0.0475160403545881,0.581968365432252,0.31474220289342,-0.587299505612143,-0.156220436088697,-0.37175997085042,-0.240748515507889,0.249481107447364,0.00436629596973748,285.10025974359
233,-0.179368101002425,0.989624511258836,0.405128205128205,-0.186991744744031,0.263055008454444,0.0380316318552065,-0.00481959996313564,0.558366414661127,0.276773407348996,-0.473189831863325,0.125320447599394,-0.173934692131966,-0.241929063196482,0.336457865669718,0.0472644012366184,0.0216351614681696,0.600979267232525,0.311307214350347,-0.509138579661161,-0.0692733757830965,-0.289205977722129,-0.221555155756384,0.251729374538571,0.0150871093910934,285.200256564103
234,-0.132709794739015,0.789120051149271,0.328205128205128,-0.17541910125503,0.314484012388272,0.0695324555666212,-0.0474437013708806,0.446997879730947,0.199777089180033,-0.439411831772758,0.0742988723141672,-0.182556479729296,-0.244443941899746,0.308751021427336,0.0321535397637949,0.0111631510727112,0.592247646644297,0.301705398858504,-0.476578430707187,-0.0428144290439509,-0.259696429875569,-0.227707226528338,0.234600612979281,0.0034466932254717,285.300000076923
235,-0.128905741604845,0.549418562117666,0.21025641025641,-0.16117719505499,0.395333230247478,0.117078017596244,-0.083558459554871,0.346557649187195,0.131499594816162,-0.479274751054897,-0.0513296188657384,-0.265302184960318,-0.273874895949605,0.286990162579161,0.00655763331477826,-0.0220113540513934,0.506150434882189,0.242069540415398,-0.509116993039711,-0.0960325489685002,-0.302574771004105,-0.217898107504133,0.245283997193106,0.0136929448444866,285.399996782051
236,-0.158613432224864,0.476562150173582,0.158974358974359,-0.158753337679411,0.434768406912051,0.13800753461632,-0.0512111427881891,0.340185653738795,0.144487255475303,-0.548773038707644,-0.133464833735723,-0.341118936221683,-0.28754181571891,0.151367921442268,-0.0680869471383207,0.00229126943002264,0.481042010322725,0.241666639876374,-0.591907286486307,-0.180658040204184,-0.386282663345246,-0.206949101185932,0.237189309758832,0.0151201042864504,285.500256564103
237,-0.15349686989503,0.461189177587337,0.153846153846154,-0.213771488390626,0.277316488976969,0.0317725002931715,-0.0369590642805792,0.426763332550687,0.194902134135054,-0.615499640030527,-0.237380517721934,-0.426440078876231,-0.263104398389262,0.149570007678099,-0.0567671953555816,0.0313541135557896,0.491924748486902,0.261639431021346,-0.666694926945268,-0.227401530931764,-0.447048228938516,-0.129940547079572,0.293125470669075,0.0815924617947514,285.60025974359
238,-0.15349686989503,0.461189177587337,0.153846153846154,-0.240704339353865,0.131217385940533,-0.0547434767066658,-0.0812554155783369,0.487561904585492,0.203153244503577,-0.612082400671854,-0.221302047808476,-0.416692224240165,-0.263711594997568,0.114326982211363,-0.0746923063931026,0.0655624070228802,0.511895453037297,0.288728930030088,-0.694349944154826,-0.243165562395933,-0.468757753275379,-0.0472894859083306,0.385048552321324,0.168879533206497,285.700256564103
239,-0.15349686989503,0.461189177587337,0.153846153846154,-0.240556942258363,0.0747967982253198,-0.0828800720165219,-0.146428788476972,0.397191999627211,0.125381605575119,-0.558087851862597,-0.195139979915149,-0.376613915888873,-0.263962940949699,0.161643756253018,-0.0511595923483405,0.0933442513309157,0.524591599699896,0.308967925515406,-0.680546441158032,-0.242840302418734,-0.461693371788383,0.0110289998728853,0.493723140533965,0.252376070203425,285.800000076923
240,-0.15349686989503,0.461189177587337,0.153846153846154,-0.211757321798601,0.201018180632466,-0.00536957058306756,-0.178008755747917,0.323647623785486,0.0728194340187843,-0.508732894245251,-0.112898836549087,-0.310815865397169,-0.253922128146587,0.118626852609457,-0.0676476377685647,0.0522099590066834,0.511059572211607,0.281634765609145,-0.624975750817802,-0.218792999773699,-0.421884375295751,-0.0289444669597394,0.48077220014954,0.2259138665949,285.899996833333
241,-0.15349686989503,0.461189177587337,0.153846153846154,-0.243207294208301,0.207164740571703,-0.018021276818299,-0.165314662558689,0.439792277051936,0.137238807246624,-0.516422942206448,-0.155744715653961,-0.336083828930204,-0.220624932622567,0.193552596909271,-0.0135361678566482,0.0520930533274985,0.549664402389481,0.30087872785849,-0.611569221759395,-0.219134205319873,-0.415351713539634,-0.112565758780634,0.356346451635246,0.121890346427306,286.000256564103
242,-0.15349686989503,0.461189177587337,0.153846153846154,-0.248565889584564,0.260622727311804,0.00602841886361997,-0.143451256543539,0.631927005720369,0.244237874588415,-0.482532770281957,0.0524692796087807,-0.215031745336588,-0.140049146149561,0.397099860972042,0.128525357411241,-0.027706271747817,0.535950966734309,0.254122347493246,-0.621461954082909,-0.187125112391444,-0.404293533237177,-0.187398369234029,0.248768452843376,0.0306850418046736,286.10025974359
243,-0.15349686989503,0.461189177587337,0.153846153846154,-0.21538166846941,0.151325040559326,-0.032028313955042,-0.115953090598022,0.655644172112934,0.269845540757456,-0.422903424642447,0.304049211669028,-0.0594271064867096,-0.0837089542212423,0.52232504153135,0.219308043655054,-0.0689033573267433,0.493918678219853,0.212507660446555,-0.611107025857481,-0.124464790720353,-0.367785908288917,-0.198688581613755,0.202793072085938,0.00205224523609109,286.200256358974
244,-0.15349686989503,0.461189177587337,0.153846153846154,-0.207105077988987,0.132351124627106,-0.0373769766809403,-0.0796567888814522,0.608690131920098,0.264516671519323,-0.396773824249233,0.278252899460306,-0.0592604623944637,-0.117194247121075,0.483738610916685,0.183272181897805,-0.121636945881682,0.411012746572896,0.144687900345607,-0.562754662925495,-0.0662073903835991,-0.314481026654547,-0.180151022670565,0.233749218541118,0.0267990979352764,286.300000282051
245,-0.15349686989503,0.461189177587337,0.153846153846154,-0.220363765124959,0.179632083558863,-0.0203658407830477,-0.136826611446935,0.515566333020449,0.189369860786757,-0.335695137311706,0.356559931799538,0.0104323972439156,-0.165401127965957,0.538515929171818,0.18655740060293,-0.176501483017898,0.352689234517988,0.0880938757500453,-0.463588855005177,0.0173395577932372,-0.22312464860597,-0.206825113869817,0.253433833919153,0.0233043600246679,286.399996782051
246,-0.15349686989503,0.461189177587337,0.153846153846154,-0.256300626937533,0.147623305238467,-0.054338660849533,-0.147716580995548,0.479334485224536,0.165808952114494,-0.335234524973535,0.421162844826717,0.0429641599265909,-0.162723351857932,0.659878484923975,0.248577566533021,-0.203932583225907,0.334827584207877,0.0654475004909848,-0.364143026596619,0.15432930817823,-0.104906859209195,-0.17735452911361,0.34377521310666,0.083210341996525,286.500256615385
247,-0.15349686989503,0.461189177587337,0.153846153846154,-0.240063786318728,0.209412987490956,-0.0153253994138864,-0.19134824015099,0.425611789992555,0.117131774920783,-0.282036414737725,0.475558574668238,0.0967610799652566,-0.0230337498556482,0.870437805599103,0.423702027871727,-0.21411671713988,0.334257728430291,0.0600705056452055,-0.338494216727713,0.187109980396955,-0.0756921181653792,-0.167929199954912,0.393567745962574,0.112819273003831,286.60025974359
248,-0.15349686989503,0.461189177587337,0.153846153846154,-0.266910102683962,0.195366837871831,-0.0357716324060655,-0.145829965320333,0.496870217706858,0.175520126193262,-0.302124777837211,0.289594015720657,-0.00626538105827714,0.0382226586302573,1.1039685832768,0.571095620953527,-0.127545986841815,0.375034944014119,0.123744478586152,-0.342611308235789,0.164183656524762,-0.0892138258555135,-0.173899932832338,0.398016580316189,0.112058323741926,286.700256564103
249,-0.15349686989503,0.461189177587337,0.153846153846154,-0.254293187830302,0.248392408953805,-0.00295038943824816,-0.14751154355104,0.481689454579542,0.167088955514251,-0.386776668544027,0.17843578665027,-0.104170440946878,0.0586601495036784,1.22712005553809,0.642890102520886,-0.0911387231509691,0.417191520214443,0.163026398531737,-0.447860318353367,0.0279972632075664,-0.2099315275729,-0.153693609077021,0.410391947455347,0.128349169189163,286.800000179487
250,-0.15349686989503,0.461189177587337,0.153846153846154,-0.191454223437472,0.359004282634363,0.0837750295984452,-0.143377724775421,0.435530420054053,0.146076347639316,-0.423840677875597,0.150408460848288,-0.136716108513655,0.0167008524391617,0.958835646414682,0.487768249426922,-0.156398322032623,0.338045204259591,0.0908234411134843,-0.471746975226789,0.0483617127732045,-0.211692631226792,-0.165312319306633,0.395243638544032,0.1149656596187,286.899996833333
251,-0.15349686989503,0.461189177587337,0.153846153846154,-0.133769743384294,0.441412673500508,0.153821465058107,-0.193418351944396,0.371409452932316,0.0889955504939602,-0.358643099258362,0.206485356163893,-0.0760788715472348,-0.0229692547718698,0.631748763359606,0.304389754293868,-0.233696202380429,0.243089407212423,0.00469660241599676,-0.445500894914025,0.0764863753543309,-0.184507259779847,-0.187017613953017,0.379593513075453,0.0962879495612177,287.000256410256
252,-0.15349686989503,0.461189177587337,0.153846153846154,-0.110669367107363,0.508803904691504,0.19906726879207,-0.191279756095326,0.403527623473601,0.106123933689137,-0.341784341179094,0.313898612051309,-0.0139428645638924,-0.0490166437630858,0.415009929928043,0.182996643082479,-0.296714996763898,0.228153379453153,-0.0342808086553723,-0.482587881591367,0.00248127346788033,-0.240053304061743,-0.14966342107757,0.42177984300794,0.136058210965185,287.10025974359
253,-0.15349686989503,0.461189177587337,0.153846153846154,-0.119446630556059,0.416217614805066,0.148385492124504,-0.169574098819478,0.468312705402772,0.149369303291647,-0.28525629000658,0.43356183222407,0.0741527711087449,-0.0647011113726581,0.729479535069112,0.332389211848227,-0.286682134322513,0.299129578623086,0.00622372215028675,-0.53406884744632,-0.0305529193402801,-0.2823108833933,-0.168929439111907,0.420781967290375,0.125926264089234,287.200256358974
254,-0.15349686989503,0.461189177587337,0.153846153846154,-0.131434595452085,0.342290935638739,0.105428170093327,-0.220499542147135,0.318253191175356,0.0488768245141106,-0.26326845217974,0.436296606380173,0.0865140771002168,-0.141811361784055,0.698704814420338,0.278446726318142,-0.256288801511506,0.318359800067445,0.0310354992779693,-0.552709494769022,-0.0386481114089059,-0.295678803088964,-0.124416243707529,0.470448010038836,0.173015883165653,287.300000282051
255,-0.15349686989503,0.461189177587337,0.153846153846154,-0.116237138767665,0.384854941631793,0.134308901432064,-0.262997888976929,0.316987512095518,0.0269948115592942,-0.278413802871595,0.423253651776203,0.0724199244523038,-0.0992492505481603,0.645880568109046,0.273315658780443,-0.269270762315959,0.288901321860726,0.00981527977238308,-0.528643454910099,-0.00209105850191559,-0.265367256706007,-0.0642016382159153,0.545341981580262,0.240570171682173,287.399996833333
256,-0.15349686989503,0.461189177587337,0.153846153846154,-0.0870501724940885,0.423803421869264,0.168376624687588,-0.253062783840151,0.405031243652522,0.0759842299061853,-0.316642566768869,0.365473998209334,0.0244157157202323,-0.103587500769822,0.385202195981865,0.140807347606021,-0.307466224850318,0.194721941071993,-0.0563721418891627,-0.528120251356101,-0.00774097047746102,-0.267930610916781,-0.0421637347110905,0.598468480821126,0.278152373055018,287.500256564103
257,-0.15349686989503,0.461189177587337,0.153846153846154,-0.0658076446153967,0.439213686794482,0.186703021089543,-0.225925992071157,0.402040787748691,0.0880573978387671,-0.304465099941577,0.374392278606373,0.0349635893323981,-0.0962537476797031,0.495952448859363,0.19984935058983,-0.300789748390308,0.163257184010487,-0.0687662821899105,-0.474011338509056,0.0386703804073809,-0.217670479050838,-0.0806191407435235,0.576734816849931,0.248057838053204,287.60025974359
258,-0.15349686989503,0.461189177587337,0.153846153846154,-0.0959342683511321,0.383714493933182,0.143890112791025,-0.181921657140688,0.432434420348288,0.1252563816038,-0.364730659513935,0.285831125117367,-0.0394497671982837,-0.0942917270069902,0.552437559348973,0.229072916170991,-0.255303160331597,0.232652775986708,-0.0113251921724442,-0.456014905079822,0.0689527906264416,-0.19353105722669,-0.124356440483747,0.545746868338424,0.210695213927338,287.700256358974
259,-0.15349686989503,0.461189177587337,0.153846153846154,-0.0132975558906628,0.413598225541558,0.200150334825448,-0.173558374233197,0.445393054932129,0.135917340349466,-0.401285901128506,0.260350502683283,-0.0704676992226113,-0.147290214088603,0.474290997511033,0.163500391711215,-0.214670230797941,0.316464853956028,0.0508973115790431,-0.460198151840226,0.0988068169593507,-0.180695667440438,-0.138528828766281,0.54705122873932,0.204261199986519,287.800000076923
260,-0.15349686989503,0.461189177587337,0.153846153846154,0.0402138216814515,0.502278493588567,0.271246157635009,-0.154810306344131,0.516804208046757,0.180996950851313,-0.403504780487659,0.276431035652029,-0.0635368724178147,-0.191065775746254,0.292154416146162,0.0505443201999544,-0.180805216365968,0.360998561755861,0.0900966726949465,-0.459874719911481,0.101728879352193,-0.179072920279644,-0.111297878880482,0.557387917866003,0.22304501949276,287.899996833333
261,-0.15349686989503,0.461189177587337,0.153846153846154,0.0940329200730767,0.689504989033146,0.391768954553111,-0.109661547782259,0.538249506167774,0.214293979192757,-0.406374994055407,0.192636216280972,-0.106869388887218,-0.177997679479325,0.306320932633419,0.064161626577047,-0.154159068629894,0.368376923539993,0.107108927455049,-0.472432937639547,0.0444470212035588,-0.213992958217994,-0.131822326449802,0.481597187298256,0.174887430424227,288.000256410256
262,-0.15349686989503,0.461189177587337,0.153846153846154,0.00403209415636798,0.766792021207909,0.385412057682138,-0.130196227176483,0.459444446490994,0.164624109657255,-0.420379758650909,0.0536986642248347,-0.183340547213037,-0.136185660165346,0.453389862888043,0.158602101361348,-0.154910504116139,0.350423246753658,0.0977563713187594,-0.420204989776133,0.0759151686450543,-0.172144910565539,-0.152612294894939,0.418294722884066,0.132841213994564,288.10025974359
263,-0.148379336214328,0.466328054163046,0.158974358974359,-0.062037148559641,0.577075380085548,0.257519115762953,-0.16847319008433,0.380572821912602,0.106049815914136,-0.435036051797875,-0.0641312815273883,-0.249583666662632,-0.165124273872397,0.451279454520524,0.143077590324063,-0.169292594407407,0.360436946624193,0.095572176108393,-0.354811128781602,0.137778950389326,-0.108516089196138,-0.215134277871893,0.356732321821232,0.0707990219746691,288.200256358974
264,-0.127871015525572,0.497101784756341,0.184615384615385,-0.153140646007212,0.473691013945545,0.160275183969167,-0.231037466393492,0.277542000212029,0.0232522669092683,-0.412136884866644,-0.0765162645146653,-0.244326574690654,-0.209959285179313,0.442944842737928,0.116492778779307,-0.131217738661558,0.379172652135403,0.123977456736922,-0.274263517543782,0.190816145142341,-0.0417236862007208,-0.231326501470238,0.341312512780912,0.0549930056553371,288.300000076923
265,-0.15349686989503,0.461189177587337,0.153846153846154,-0.29737128095983,0.322260770553068,0.0124447447966189,-0.22912547381608,0.311114281386686,0.0409944037853027,-0.344523387947772,0.0340496487326973,-0.155236869607537,-0.272992636972074,0.14913254602573,-0.0619300454731723,-0.0878679347377079,0.405984379709507,0.1590582224859,-0.217701390472211,0.253435206879891,0.01786690820384,-0.142948511329165,0.395214007235432,0.126132747953134,288.399996679487
266,-0.15349686989503,0.461189177587337,0.153846153846154,-0.319973256396133,0.253756762100804,-0.0331082471476645,-0.232470775710076,0.332840752539024,0.0501849884144739,-0.261560861408338,0.165707793857814,-0.0479265337752619,-0.339894974769953,0.0571096624594621,-0.141392656155245,-0.0923340174074418,0.370031784078953,0.138848883335756,-0.167542723495491,0.356090256384291,0.0942737664443998,-0.0587666788669918,0.487535830827436,0.214384575980222,288.500256410256
267,-0.15349686989503,0.461189177587337,0.153846153846154,-0.34336845971638,0.173172202435331,-0.0850981286405247,-0.20391573324279,0.341783190949667,0.0689337288534386,-0.195920254951032,0.283140842441165,0.0436102937450665,-0.381657590763019,0.057741632988751,-0.161957978887134,-0.122683922734614,0.326913247322527,0.102114662293956,-0.168958068707789,0.441377661364245,0.136209796328228,-0.112098899733994,0.453996101800294,0.17094860103315,288.60025974359
268,-0.15349686989503,0.461189177587337,0.153846153846154,-0.321181273095659,0.12495751426751,-0.0981118794140744,-0.226137415142276,0.286036734840379,0.0299496598490513,-0.163215842684158,0.396333383026136,0.116558770170989,-0.37941088900027,0.0627173001382745,-0.158346794430998,-0.13275728514487,0.358213629943781,0.112728172399455,-0.193769387257958,0.481482653490919,0.143856633116481,-0.162234636722082,0.393701414691178,0.115733388984548,288.700256358974
269,-0.15349686989503,0.461189177587337,0.153846153846154,-0.323662883633653,0.0621562409892671,-0.130753321322193,-0.267527954779669,0.195575336275214,-0.0359763092522276,-0.10561369337419,0.54823066992887,0.22130848827734,-0.400868565810525,0.136684077098992,-0.132092244355766,-0.143546969723758,0.347621580696488,0.102037305486365,-0.187220714362902,0.439752066185881,0.12626567591149,-0.232831980979429,0.322983944418812,0.0450759817196913,288.800000076923
270,-0.15349686989503,0.461189177587337,0.153846153846154,-0.344312943788422,0.0698846482584921,-0.137214147764965,-0.291279282010815,0.12578675687893,-0.0827462625659424,-0.0656248454937732,0.682364728819879,0.308369941663053,-0.395947931051965,0.228483122916913,-0.0837324040675257,-0.10700532239722,0.340122519395857,0.116558598499319,-0.144491384525838,0.473327574736909,0.164418095105536,-0.25609129308809,0.271195779134722,0.00755224302331641,288.899996833333
271,-0.15349686989503,0.461189177587337,0.153846153846154,-0.296436492451399,0.162442070795261,-0.0669972108280693,-0.285777331730222,0.209781194214126,-0.0379980687580482,-0.0850775007701506,0.674949702746777,0.294936100988313,-0.285885844231107,0.233460739682881,-0.0262125522741128,-0.0709180877253016,0.333920728585095,0.131501320429897,-0.133067996729778,0.546182564192295,0.206557283731259,-0.311665831663109,0.196807091814857,-0.0574293699241261,289.000256410256
272,-0.15349686989503,0.461189177587337,0.153846153846154,-0.264300852978325,0.245895807833227,-0.00920252257254866,-0.287854267152325,0.28679090078366,-0.00053168318433267,-0.0644827800629193,0.6080968862546,0.271807053095841,-0.248202947682732,0.174911022035608,-0.0366459628235618,0.00818671423889338,0.499006116957448,0.253596415598171,-0.12075087423288,0.582390675612453,0.230819900689786,-0.313349568034814,0.160900015020424,-0.0762247765071951,289.10025974359
273,-0.15349686989503,0.461189177587337,0.153846153846154,-0.263359881657922,0.236741090699806,-0.0133093954790579,-0.28110037604979,0.259033407669729,-0.0110334841900303,-0.132931971884117,0.487757804068622,0.177412916092252,-0.239384233155915,0.155210242385699,-0.0420869953851082,0.0323769996522756,0.5844075411713,0.308392270411788,-0.133617326138661,0.495814346949119,0.181098510405229,-0.261696751298137,0.240305276971133,-0.0106957371635022,289.200256358974
274,-0.15349686989503,0.461189177587337,0.153846153846154,-0.263623694141439,0.32975617356135,0.0330662397099558,-0.308854363673261,0.131374673293525,-0.0887398451898679,-0.195687029672195,0.37835221592968,0.0913325931287426,-0.270250985919853,0.116990952003471,-0.0766300169581912,0.0232429097964882,0.560106622784851,0.291674766290669,-0.167068322198094,0.360674353596642,0.096803015699274,-0.183316327264745,0.347205101598886,0.0819443871670704,289.300000179487
275,-0.15349686989503,0.461189177587337,0.153846153846154,-0.326479779582619,0.437328244129699,0.0554242322735402,-0.348086301888691,0.0477001101904844,-0.150193095849103,-0.282892744341221,0.234954383440358,-0.0239691804504315,-0.272050021897931,0.119019855825338,-0.0765150830362966,-0.0261746970034625,0.425720895795407,0.199773099395972,-0.16951926917921,0.330665437368789,0.0805730840947894,-0.162211711086195,0.377806370582014,0.107797329747909,289.399996679487
276,-0.15349686989503,0.461189177587337,0.153846153846154,-0.288146420348732,0.490018811754217,0.100936195702742,-0.347712063615712,0.0602933712266569,-0.143709346194527,-0.320815466170638,0.155959888130688,-0.0824277890199752,-0.284178779960821,0.11178274114739,-0.0861980194067157,-0.0364431672208753,0.423356497488996,0.19345666513406,-0.186486103292646,0.352779258327566,0.0831465775174603,-0.144281235664169,0.384733218502421,0.120225991419126,289.500256410256
277,-0.15349686989503,0.461189177587337,0.153846153846154,-0.230171541452709,0.32620688591637,0.0480176722318307,-0.300605368849725,0.166392662851866,-0.0671063529989293,-0.407490487153317,0.0466733332614659,-0.180408576945926,-0.214090681562432,0.263273808368317,0.0245915634029423,-0.0239913208501787,0.467873367057833,0.221941023103827,-0.24295661835561,0.336780860711024,0.0469121211777071,-0.159787422362417,0.36286892629125,0.101540751964417,289.60025974359
278,-0.15349686989503,0.461189177587337,0.153846153846154,-0.234582714161137,0.19476265615403,-0.0199100290035535,-0.221526098765432,0.351219629178245,0.0648467652064063,-0.474005303109269,-0.0356057939372675,-0.254805548523268,-0.169703860850208,0.410556564663359,0.120426351906576,-0.0280606971086319,0.462743298262487,0.217341300576928,-0.31623197456406,0.284911143868497,-0.0156604153477817,-0.155015097128264,0.4174028342045,0.131193868538118,289.700341794872
279,-0.15349686989503,0.461189177587337,0.153846153846154,-0.221138380956797,0.184330354275821,-0.0184040133404879,-0.166576724216072,0.507947704360804,0.170685490072366,-0.49700015449392,-0.0659394542606307,-0.281469804377275,-0.155948733985966,0.421572229955361,0.132811747984697,-0.0672159854636606,0.405612106045562,0.169198060290951,-0.318954394975484,0.280193052033692,-0.0193806714708961,-0.160636759269319,0.45985339468842,0.14960831770955,289.80000025641
280,-0.15349686989503,0.461189177587337,0.153846153846154,-0.186899349271862,0.216347451441541,0.0147240510848398,-0.162509708427131,0.491597488300636,0.164543889936752,-0.412403352188393,0.00559576290371602,-0.203403794642339,-0.183298387398452,0.279751683424935,0.0482266480132413,-0.117458121431182,0.356363629772944,0.119452754170881,-0.297045907338072,0.241425058545246,-0.0278104243964131,-0.136332085895135,0.495405385148904,0.179536649626884,289.899997102564
281,-0.138147182905527,0.415070259828604,0.138461538461538,-0.113617399684064,0.333723678876594,0.110053139596265,-0.20479534759053,0.380187489762238,0.0876960710858539,-0.372732548719763,0.023359300070504,-0.17468662432463,-0.217466673696776,0.314899122998879,0.0487162246510515,-0.152961103029751,0.317608723498314,0.0823238102342816,-0.254820174156603,0.200446791466772,-0.0271866913449154,-0.0926413124820068,0.539806647575855,0.223582667546924,290.000512820513
282,-0.148380307565195,0.445816205001093,0.148717948717949,-0.0666089323549956,0.417242300073962,0.175316683859483,-0.247826325045453,0.269600815851376,0.0108872454029616,-0.331780682500342,0.0804138619784106,-0.125683410260966,-0.182400653167579,0.396260198639864,0.106929772736143,-0.159233228495612,0.337468427850724,0.089117599677556,-0.247795624311936,0.188246495109279,-0.0297745646013282,-0.123092468901964,0.518607793491602,0.197757662294819,290.100516153846
283,-0.15349686989503,0.461189177587337,0.153846153846154,-0.127893653194163,0.641349043987892,0.256727695396864,-0.294401278718836,0.208693096397273,-0.0428540911607817,-0.364695675536631,0.045095995349736,-0.159799840093448,-0.1523024876086,0.422737083374313,0.135217297882857,-0.173029918848883,0.319535370138984,0.0732527256450508,-0.201522376071436,0.240449926107302,0.0194637750179329,-0.148898219097388,0.497348628867368,0.17422520488499,290.200512923077
284,-0.15349686989503,0.461189177587337,0.153846153846154,-0.148365661431356,0.64040338326725,0.246018860917947,-0.280025449666004,0.19485902115129,-0.0425832142573571,-0.441334787611501,-0.00748540177038524,-0.224410094690943,-0.0973873269022366,0.51953204498324,0.211072359040502,-0.173929660748314,0.35889576080517,0.0924830500284277,-0.187079246933439,0.250346109433367,0.031633431249964,-0.171721284518924,0.411103617493905,0.11969116648749,290.300000153846
285,-0.15349686989503,0.461189177587337,0.153846153846154,-0.20610023047332,0.499417256806584,0.146658513166632,-0.254984419902553,0.199873901087924,-0.0275552594073142,-0.464581413438014,0.00192428520118272,-0.231328564118416,-0.16480074606042,0.538313770920002,0.186756512429791,-0.185286207726578,0.3578801952365,0.0862969937549612,-0.225038294397151,0.196952608666662,-0.0140428428652446,-0.169585433435169,0.360862996686241,0.0956387816255362,290.399997
286,-0.15349686989503,0.461189177587337,0.153846153846154,-0.271387941028314,0.269213191548865,-0.00108737473972421,-0.267601287126783,0.174592487167715,-0.0465043999795342,-0.452488804244135,0.0681581484038825,-0.192165327920126,-0.187128309965695,0.462115975593817,0.137493832814061,-0.198457955818761,0.359130162578587,0.0803361033799131,-0.276904901587218,0.156735402278911,-0.0600847496541538,-0.13536115161652,0.376071307606551,0.120355077995015,290.500512820513
287,-0.15349686989503,0.461189177587337,0.153846153846154,-0.336215709231686,0.108725168093654,-0.113745270569016,-0.322513225461,0.0985824567184965,-0.111965384371252,-0.403759088207743,0.146016311184028,-0.128871388511857,-0.241051315015661,0.2717958810428,0.0153722830135697,-0.233097355737091,0.287449957296476,0.0271763007796923,-0.27313408714375,0.152592074626436,-0.0602710062586566,-0.0361451115020176,0.469307435410857,0.21658116195442,290.600516307692
288,-0.143263745235361,0.430443232414848,0.143589743589744,-0.36639515245023,-0.0353105264789662,-0.200852839464598,-0.370039431642512,0.0362681699873425,-0.166885630827585,-0.345102951163936,0.266876138931135,-0.0391134061164002,-0.255572158289735,0.182724309484877,-0.0364239244024285,-0.260984950782843,0.237290652888847,-0.0118471489469979,-0.288762045479886,0.126441795731982,-0.0811601248739521,0.056591820549694,0.556079293688552,0.306335557119123,290.700512871795
289,-0.15349686989503,0.461189177587337,0.153846153846154,-0.417148029714014,-0.110278904565572,-0.263713467139793,-0.377438729777145,0.0220302857585682,-0.177704222009289,-0.291437911789524,0.388069272370353,0.0483156802904145,-0.247256646816304,0.137848855412573,-0.0547038957018653,-0.272904815872882,0.229715842409277,-0.0215944867318025,-0.318887488705719,0.0893798228163733,-0.114753832944673,0.104187684037139,0.580314034710671,0.342250859373905,290.800000461538
290,-0.15349686989503,0.461189177587337,0.153846153846154,-0.368712517771765,-0.00999062007211621,-0.189351568921941,-0.381756151327932,-0.0101820815496702,-0.195969116438801,-0.237748502526982,0.448277958117671,0.105264727795345,-0.21880825110031,0.188241534988199,-0.0152833580560554,-0.310548014621166,0.22898436107079,-0.0407818267751883,-0.329029572487064,0.0706861240039465,-0.129171724241559,0.113616718477759,0.602624849737521,0.35812078410764,290.899997102564
291,-0.15349686989503,0.461189177587337,0.153846153846154,-0.30630595141804,0.0906079036208905,-0.107849023898575,-0.375577029001775,0.00492728246257799,-0.185324873269598,-0.182142919466122,0.368589099442761,0.0932230899883195,-0.363447985977471,0.877533764612704,0.257042889317616,-0.30813368623209,0.262381146790763,-0.0228762697206635,-0.29960313555427,0.11755643083744,-0.0910233523584152,0.146204832311114,0.629564576650164,0.387884704480639,291.000512820513
292,-0.138147182905527,0.415070259828604,0.138461538461538,-0.266769376201392,0.310272682449062,0.021751653123835,-0.365771231398711,0.0331160376927217,-0.166327596852995,-0.183210929524369,0.226131378799425,0.0214602246375279,-0.265576916585475,0.304211703242691,0.0193173933286079,-0.28823749083726,0.264378491228123,-0.0119294998045687,-0.239974984089578,0.194039576595978,-0.0229677037468001,0.183146234850447,0.671482272627292,0.42731425373887,291.100516153846
293,-0.148380307565195,0.445816205001093,0.148717948717949,-0.281796793460343,0.354276771887357,0.036239989213507,-0.389080030434243,0.0339607634129034,-0.17755963351067,-0.25379932197289,0.124751947108289,-0.0645236874323005,-0.295059760159483,0.0325349424847946,-0.131262408837344,-0.256581978054404,0.274968672818282,0.00919334738193898,-0.19111114895266,0.222499156201153,0.0156940036242466,0.152209825992822,0.710729677675368,0.431469751834095,291.200512717949
294,-0.138147182905527,0.415070259828604,0.138461538461538,-0.195961463993866,0.428901531336155,0.116470033671144,-0.38733659356531,0.0516333498831413,-0.167851621841085,-0.313077635415384,0.0874480720098126,-0.112814781702786,-0.293609547809587,0.00679523406173606,-0.143407156873926,-0.243901531311295,0.243085666014879,-0.000407932648208157,-0.22265204154789,0.171460728985869,-0.0255956562810109,0.110289702132544,0.702977480223364,0.406633591177954,291.300000153846
295,-0.138147182905527,0.415070259828604,0.138461538461538,-0.159584103368732,0.356183730152139,0.0982998133917035,-0.343891853663275,0.0523366789515033,-0.145777587355886,-0.349753330932996,0.0444285299542211,-0.152662400489387,-0.311330519650005,-0.00950348949643413,-0.16041700457322,-0.164566957820329,0.329165596091365,0.082299319135518,-0.287579047697603,0.135014668968078,-0.0762821893647623,0.0817973480699127,0.647624770994883,0.364711059532398,291.399996692308
296,-0.138147182905527,0.415070259828604,0.138461538461538,-0.151543138378339,0.330867273599506,0.0896620676105835,-0.365100295581809,0.0622093743541196,-0.151445460613845,-0.350748679204019,0.0537927390092601,-0.148477970097379,-0.315484945832622,0.00629765611442667,-0.154593644859098,-0.148688301145062,0.368743850000888,0.110027774427913,-0.328980114193256,0.148652883653959,-0.0901636152696487,0.0620296754167858,0.626321946706952,0.344175811061869,291.500512974359
297,-0.138147182905527,0.415070259828604,0.138461538461538,-0.21737656076692,0.244557505032143,0.0135904721326115,-0.411451911325567,0.0350846784243702,-0.188183616450598,-0.313228291803872,0.150056727679751,-0.0815857820620606,-0.323207380767919,0.0134889926462051,-0.154859194060857,-0.0971210790648368,0.405735003886165,0.154306962410664,-0.351179612318499,0.151759946097715,-0.0997098331103915,-0.0290607335081735,0.561183703396147,0.266061484943987,291.605901846154
298,-0.127914058245858,0.384324314656115,0.128205128205128,-0.202965327714323,0.358824816955538,0.0779297446206073,-0.470604645372379,-0.0728698176398037,-0.271737231506091,-0.284057436628962,0.253845798413286,-0.015105819107838,-0.292113482383587,0.0631638301042275,-0.11447482613968,-0.099167667943473,0.372583155763244,0.136707743909885,-0.352115542567886,0.111534843561867,-0.12029034950301,-0.0611042580452857,0.505326690103167,0.222111216028941,291.716663333333
299,-0.122797495916024,0.36895134206987,0.123076923076923,-0.161858503186142,0.425806627456502,0.13197406213518,-0.450346627505909,-0.0774202902169154,-0.263883458861412,-0.247785773503992,0.274522455826915,0.0133683411614616,-0.300056725096804,0.0613859377692842,-0.11933539366376,-0.0994896565413959,0.367161881146497,0.133836112302551,-0.379526290436133,0.0494776117957978,-0.165024339320168,-0.0976346901922748,0.427280372818624,0.164822841313175,291.800005
300,-0.138147182905527,0.415070259828604,0.138461538461538,-0.132570765591485,0.422632751471986,0.145030992940251,-0.400981086775959,-0.0329827539981108,-0.216981920387035,-0.234515752977302,0.138958452782572,-0.0477786500973649,-0.31942191706348,0.0187407934054133,-0.150340561829033,-0.144599899244397,0.319472426009777,0.08743626338269,-0.361736068043865,0.0367339800291188,-0.162501044007373,-0.0305226857790083,0.398761241795661,0.184119278008327,291.8999975
301,-0.138147182905527,0.415070259828604,0.138461538461538,-0.0598753289476294,0.525893214596494,0.233008942824432,-0.358221187681737,0.0588124769293211,-0.149704355376208,-0.247978959103529,0.210607519971894,-0.0186857195658175,-0.302302927523022,0.214556083587215,-0.0438734219679033,-0.137425268546177,0.378713751940309,0.120644241697066,-0.428201334529931,-0.00798964160916158,-0.218095488069546,-0.014858496506184,0.381932724104896,0.183537113799356,292.01641025641
302,-0.138147182905527,0.415070259828604,0.138461538461538,-0.0880015980564519,0.413007259632256,0.162502830787902,-0.357564550958945,0.103321400375389,-0.127121575291778,-0.218073951732889,0.299580092108469,0.04075307018779,-0.306342577719881,0.399575497538431,0.046616459909275,-0.15859644741627,0.422927789699566,0.132165671141648,-0.447093974821381,-0.0141071060508921,-0.230600540436136,-0.038698381992307,0.384265518850133,0.172783568428913,292.116413653846
303,-0.122797495916024,0.36895134206987,0.123076923076923,-0.115760467298007,0.423096994410216,0.153668263556105,-0.381239899561882,0.0746425945582645,-0.153298652501809,-0.178752745450298,0.377142047209314,0.099194650879508,-0.268622687597357,0.394975613490647,0.0631764629466448,-0.14481534775292,0.418091702588321,0.136638177417701,-0.433659336027417,0.0184435509364883,-0.207607892545464,-0.0867721474047403,0.381204481562123,0.147216167078691,292.216663487179
304,-0.122797495916024,0.36895134206987,0.123076923076923,-0.178257739310165,0.445043251099942,0.133392755894888,-0.425849840989084,-0.00119279727119316,-0.213521319130139,-0.233368818968346,0.341171133251383,0.0539011571415188,-0.2330393622632,0.31992970255614,0.0434451701464699,-0.133384857441454,0.386555797380584,0.126585469969565,-0.371119437117535,0.0682720523788398,-0.151423692369348,-0.0833391013201185,0.423419107576716,0.170040003128299,292.300005
305,-0.103610387179145,0.311302694871453,0.103846153846154,-0.14865676452458,0.53044582534765,0.190894530411535,-0.47322696184639,-0.0744084311684654,-0.273817696507428,-0.328062138343755,0.239295696411479,-0.0443832209661382,-0.19785068430177,0.353002948834647,0.0775761322664382,-0.0599517896605056,0.440758392882229,0.190403301610862,-0.292671335966453,0.134562375733277,-0.0790544801165881,-0.0806953391115805,0.464364274748203,0.191834467818311,292.3999975
306,-0.0767484349475149,0.230594588793669,0.0769230769230769,-0.105826827497603,0.486119190751194,0.190146181626796,-0.47421279877892,-0.0506001358481842,-0.262406467313552,-0.41436404753467,0.0974128525063022,-0.158475597514184,-0.196090111349435,0.459043300223197,0.131476594436881,-0.0146649702827685,0.533510016524847,0.259422523121039,-0.275513034604408,0.112442518107524,-0.0815352582484424,-0.085139328867035,0.486568746462239,0.200714708797602,292.516666666667
307,-0.0767484349475149,0.230594588793669,0.0769230769230769,-0.0387292567889944,0.464700170454793,0.212985456832899,-0.406148445498149,0.0234100468273918,-0.191369199335378,-0.438669042210498,0.0316739447198328,-0.203497548745333,-0.164090131474173,0.550613322926793,0.19326159572631,0.0528187274132091,0.634927930958002,0.343873329185606,-0.327215890224137,0.0578445452982789,-0.134685672462929,-0.119685178233462,0.451807986169648,0.166061403968093,292.616413538462
308,-0.0767484349475149,0.230594588793669,0.0769230769230769,-0.0636315019518187,0.380944248123857,0.158656373086019,-0.368288070401449,0.0787658731163884,-0.14476109864253,-0.448227075002274,0.0168721728605579,-0.215677451070858,-0.179690181918595,0.485496271971755,0.15290304502658,0.0787648660652463,0.656981245937227,0.367873056001237,-0.362186504836668,0.0625502713923693,-0.149818116722149,-0.123189600367225,0.435136242739727,0.155973321186251,292.716150653846
309,-0.0767484349475149,0.230594588793669,0.0769230769230769,-0.0793401780291363,0.424620759395646,0.172640290683255,-0.379381992339961,0.0793024173182663,-0.150039787510847,-0.436539469130966,0.0176949814738011,-0.209422243828582,-0.196698189795304,0.384101205257014,0.0937015077308553,0.0867155796396058,0.668858777854843,0.377787178747224,-0.362282051919539,0.101369015303312,-0.130456518308113,-0.117100010696112,0.416474753536857,0.149687371420373,292.800004923077
310,-0.0767484349475149,0.230594588793669,0.0769230769230769,-0.122122996772362,0.346875267390671,0.112376135309155,-0.397616941476699,0.0459563281932908,-0.175830306641704,-0.401258259801021,0.0397198080015783,-0.180769225899722,-0.222671690713833,0.198548165311354,-0.0120617627012394,0.0588607389168364,0.606389593429758,0.332625166173297,-0.323802300985053,0.111783382964968,-0.106009459010043,-0.0794476200759775,0.435515834917372,0.178034107420697,292.899997487179
311,-0.0767484349475149,0.230594588793669,0.0769230769230769,-0.107860871474012,0.376271367474843,0.134205248000416,-0.406548243257185,0.0536616365963178,-0.176443303330433,-0.395528896616453,0.1027957958504,-0.146366550383026,-0.214935334348698,0.217688443760209,0.00137655470575567,0.0121853536586801,0.556072667864434,0.284129010761557,-0.328283868978753,0.073012743176785,-0.127635562900984,-0.0848687482319393,0.464644285533704,0.189887768650883,293.01641025641
312,-0.0767484349475149,0.230594588793669,0.0769230769230769,-0.122339072411017,0.401499493683298,0.139580210636141,-0.390030479642595,0.0675599044359065,-0.161235287603344,-0.418471103773593,0.183784098968978,-0.117343502402307,-0.239302478837932,0.431847273636513,0.0962723973992907,-0.0557502774708996,0.486143358591639,0.21519654056037,-0.381712588962937,-0.000526546597411786,-0.191119567780174,-0.131002507911075,0.444206515883679,0.156602003986302,293.116413589744
313,-0.0767484349475149,0.230594588793669,0.0769230769230769,-0.110644827439324,0.456080166119002,0.172717669339839,-0.367012323577603,0.0890276758338567,-0.138992323871873,-0.404079376171865,0.258459385218577,-0.0728099954766442,-0.21698735438207,0.546254752574019,0.164633699095975,-0.0630548086175551,0.474234539177638,0.205589865280041,-0.397641623764223,-0.0521952040861892,-0.224918413925206,-0.175299878716667,0.392912515426497,0.108806318354915,293.216407282051
314,-0.0767484349475149,0.230594588793669,0.0769230769230769,-0.0844669268881272,0.523325023755074,0.219429048433473,-0.374820677843094,0.109392928664924,-0.132713874589085,-0.364601005095395,0.269253832824727,-0.047673586135334,-0.226568446281603,0.538475983962744,0.155953768840571,-0.0596497469023984,0.451271726536182,0.195810989816892,-0.398632648954337,-0.0543222870516417,-0.226477468002989,-0.171029813446981,0.393447743089824,0.111208964821422,293.300004923077
315,-0.0767484349475149,0.230594588793669,0.0769230769230769,-0.1364973101347,0.452896451926574,0.158199570895937,-0.417582844476197,0.100231601659513,-0.158675621408342,-0.302916609779164,0.304294442552962,0.000688916386899005,-0.208359435638713,0.409342796114981,0.100491680238134,-0.0440859348546082,0.441694363389066,0.198804214267229,-0.383964559407634,-0.0128291661799423,-0.198396862793788,-0.0943512214071393,0.46930817664143,0.187478477617145,293.39999748718
316,-0.0767484349475149,0.230594588793669,0.0769230769230769,-0.211591230200473,0.30041343192517,0.0444111008623486,-0.453553863526082,0.104818931272119,-0.174367466126981,-0.202448463553485,0.448047508380602,0.122799522413559,-0.258151211265523,0.355398783897236,0.0486237863158563,-0.0471170863055375,0.443940170758615,0.198411542226539,-0.394852934032375,-0.0114725585465145,-0.203162746289445,-0.0644402772118941,0.49360013467861,0.214579928733358,293.51641025641
317,-0.0767484349475149,0.230594588793669,0.0769230769230769,-0.229206052247838,0.239879896719047,0.00533692223560437,-0.432527503978061,0.148847250177813,-0.141840126900124,-0.169489317508334,0.495108924359781,0.162809803425724,-0.256821082804275,0.429765716844798,0.0864723170202612,-0.0578359598021053,0.444642063228186,0.19340305171304,-0.43797184695328,-0.0423938385117176,-0.240182842732499,-0.133801552141672,0.409738355069326,0.137968401463827,293.616413589744
318,-0.0767484349475149,0.230594588793669,0.0769230769230769,-0.216711231125219,0.327359669062587,0.0553242189686842,-0.440944117829745,0.162593351893326,-0.13917538296821,-0.138309457143601,0.509087759325342,0.18538915109087,-0.243676765485275,0.447858366067626,0.102090800291175,-0.0992682781540432,0.470297520600967,0.185514621223462,-0.414649270212353,-0.00269417902904082,-0.208671724620697,-0.191353655581032,0.379491008756993,0.0940686765879804,293.716407128205
319,-0.0767484349475149,0.230594588793669,0.0769230769230769,-0.200986712586419,0.394058396039013,0.0965358417262967,-0.471858805093191,0.131608972917297,-0.170124916087947,-0.166586947281544,0.473062881970864,0.15323796734466,-0.250111566755291,0.326583070785846,0.0382357520152772,-0.134124287756858,0.492169766335356,0.179022739289249,-0.316578439509626,0.12668247701122,-0.094947981249203,-0.190932909324117,0.400679011155057,0.10487305091547,293.800004923077
320,-0.0767484349475149,0.230594588793669,0.0769230769230769,-0.177930763842615,0.292445631480123,0.057257433818754,-0.500920931467459,0.00444813772223156,-0.248236396872614,-0.184518910473027,0.482894661092135,0.149187875309554,-0.263708271150741,0.111262696605239,-0.0762227872727514,-0.143926034670696,0.452207679196061,0.154140822262683,-0.260910922959426,0.18653577689721,-0.0371875730311081,-0.130781222039217,0.455244567003674,0.162231672482229,293.89999748718
321,-0.0767484349475149,0.230594588793669,0.0769230769230769,-0.179148184251843,0.268163630611343,0.04450772317975,-0.471771519900817,0.0287764980247202,-0.221497510938048,-0.200459210886943,0.516544156685308,0.158042472899182,-0.29562680719942,0.0339644606567315,-0.130831173271344,-0.14898770434268,0.454183665241616,0.152597980449468,-0.245450915194657,0.202095970298222,-0.0216774724482175,-0.0897757249610386,0.483244780770077,0.196734527904519,294.01641025641
