slice,ci_lower_diskomfort,ci_upper_diskomfort,mean_diskomfort,ci_lower_anger_sm,ci_upper_anger_sm,mean_fl_anger_sm,ci_lower_disgust_sm,ci_upper_disgust_sm,mean_fl_disgust_sm,ci_lower_fear_sm,ci_upper_fear_sm,mean_fl_fear_sm,ci_lower_happiness_sm,ci_upper_happiness_sm,mean_fl_happiness_sm,ci_lower_sadness_sm,ci_upper_sadness_sm,mean_fl_sadness_sm,ci_lower_surprise_sm,ci_upper_surprise_sm,mean_fl_surprise_sm,ci_lower_neutral_sm,ci_upper_neutral_sm,mean_fl_neutral_sm,mean_rel_zeit_s
1,-0.06868683155044,0.36868683155044,0.15,-0.188475506987551,0.146129703525591,-0.0211729017309798,-0.0877450999930624,0.255819036421525,0.0840369682142311,-0.344448159673994,0.0894875410972265,-0.127480309288384,-0.2180459614057,0.226707662749282,0.00433085067179118,-0.193940653270787,0.326754259385231,0.0664068030572221,-0.255893435569301,0.188098759460332,-0.0338973380544848,-0.202769182165746,0.468682807868557,0.132956812851405,329
2,-0.0365957755760372,0.200698339678601,0.082051282051282,-0.167667659422245,0.20521913884147,0.0187757397096129,-0.114431118100428,0.220926810506743,0.0532478462031576,-0.347383264510333,0.0432911623089091,-0.152046051100712,-0.217713305554408,0.287748469443082,0.0350175819443371,-0.193277395525244,0.348063617418078,0.0773931109464168,-0.208602057917207,0.246883265855175,0.0191406039689842,-0.149634738879653,0.456699062995251,0.153532162057799,329.116413589744
3,-0.0562821856281776,0.16910269844869,0.0564102564102564,-0.12649649188601,0.260559647056134,0.0670315775850621,-0.0609578929038808,0.333888591671294,0.136465349383707,-0.343612638847767,0.00989788809639911,-0.166857375375684,-0.253479517752359,0.297369524721132,0.0219450034843866,-0.195135327623269,0.361874909060137,0.0833697907184341,-0.203364416398786,0.280961823485682,0.0387987035434479,-0.171187790853061,0.362922004621584,0.0958671068842613,329.216407128205
4,-0.0613987479580119,0.184475671034935,0.0615384615384615,-0.0842010067816216,0.297597810586228,0.106698401902303,-0.0231523819472783,0.437901637418219,0.20737462773547,-0.353032174567185,0.00985841367324049,-0.171586880446972,-0.279409324815216,0.23038221347558,-0.0245135556698182,-0.186765467997008,0.348394084783034,0.0808143083930129,-0.213307884614499,0.319039982062726,0.0528660487241134,-0.224272580637407,0.282094893985009,0.0289111566738009,329.300004923077
5,-0.0613987479580119,0.184475671034935,0.0615384615384615,-0.0717954764445387,0.344734727544105,0.136469625549783,0.0390265069558613,0.546196834380013,0.292611670667937,-0.365928096649278,-0.00109019210928957,-0.183509144379284,-0.282542378725433,0.210955829462132,-0.0357932746316502,-0.194177819018621,0.298884054180454,0.0523531175809162,-0.202895015128985,0.298295733386101,0.0477003591285581,-0.277241889071895,0.193610255295314,-0.0418158168882906,329.399228294872
6,-0.0623962839075463,0.187396283907546,0.0625,-0.0551360631706042,0.497397110055175,0.221130523442285,0.0846980179372336,0.580826198101326,0.33276210801928,-0.37250117180934,-0.0108522953384628,-0.191676733573901,-0.254949744486868,0.203611656224191,-0.0256690441313382,-0.247123054942902,0.228961578312828,-0.00908073831503692,-0.201060864726532,0.319493136398455,0.0592161358359618,-0.310353475795786,0.137795258224187,-0.0862791087857997,329.516145833333
7,-0.0623962839075463,0.187396283907546,0.0625,-0.0518375691437354,0.528745843377012,0.238454137116638,0.103600160189378,0.633998881230465,0.368799520709922,-0.344639949562946,0.0250350973004393,-0.159802426131253,-0.240389676983301,0.155433027214945,-0.0424783248841781,-0.259924322876695,0.201493765115854,-0.0292152788804204,-0.18987864978158,0.341988451668631,0.0760549009435254,-0.334628896239929,0.0909460569178668,-0.121841419661031,329.615888841146
8,-0.0613987479580119,0.184475671034935,0.0615384615384615,-0.0570924284553406,0.523337292043293,0.233122431793976,0.093380921118669,0.63959065366765,0.366485787393159,-0.328223074292289,0.0249858632688676,-0.151618605511711,-0.251852951900504,0.114392268764913,-0.0687303415677956,-0.258205957315322,0.220618641942386,-0.0187936576864682,-0.181423303701902,0.310867465175423,0.0647220807367604,-0.283083507908827,0.104820602133126,-0.0891314528878502,329.715841141026
9,-0.0613987479580119,0.184475671034935,0.0615384615384615,-0.0735634382114361,0.422555797485522,0.174496179637043,0.193427373119257,0.733082391147278,0.463254882133268,-0.30504170785253,0.055012938626983,-0.125014384612773,-0.245306284665755,0.135759842499735,-0.0547732210830104,-0.2369854532364,0.24713730142529,0.0050759240944449,-0.205211584700912,0.266005380365573,0.0303968978323303,-0.327928405739819,0.083769354277699,-0.12207952573106,329.800004923077
10,-0.0613987479580119,0.184475671034935,0.0615384615384615,-0.133843173071278,0.30695692838552,0.086556877657121,0.264692203793986,0.854875672984221,0.559783938389104,-0.302915449525625,0.051505393969638,-0.125705027777993,-0.263176675560969,0.149643770879463,-0.0567664523407532,-0.218041436360835,0.279964969071513,0.0309617663553394,-0.241629381474578,0.238126492931347,-0.00175144427161563,-0.419060556789893,0.0101822667947858,-0.204439144997553,329.899997487179
11,-0.0613987479580119,0.184475671034935,0.0615384615384615,-0.194819735434965,0.228906100529855,0.0170431825474454,0.27607863439459,0.918174104140357,0.597126369267474,-0.30428631840181,0.0826604733800797,-0.110812922510865,-0.278517138931602,0.133799874626721,-0.0723586321524406,-0.240150553831864,0.217872403826743,-0.0111390750025602,-0.25642301388294,0.278359541890012,0.0109682640035357,-0.490470697248687,-0.0323702372292844,-0.261420467238986,330.01641025641
12,-0.0716318726176805,0.215221616207424,0.0717948717948718,-0.213849582313499,0.187192878063056,-0.0133283521252217,0.271296323514136,0.858223094015101,0.564759708764619,-0.317215184705343,0.0758099582560376,-0.120702613224653,-0.332585748390119,0.0111146735462002,-0.16073553742196,-0.232182109764688,0.220384738916104,-0.00589868542429182,-0.248447030716459,0.283552821433294,0.0175528953584175,-0.494512974356384,-0.0339788723930671,-0.264245923374725,330.116413589744
13,-0.0562821856281776,0.16910269844869,0.0564102564102564,-0.221556013419938,0.248168790731165,0.0133063886556135,0.214747697138743,0.769238445508222,0.491993071323483,-0.313429724646702,0.121588971426864,-0.0959203766099189,-0.382692013543729,0.0685070487176161,-0.157092482413056,-0.228269280913809,0.247463402113049,0.00959706059961999,-0.2811602736478,0.272193449901112,-0.00448341187334375,-0.469191217861401,0.0106433694957649,-0.229273924182818,330.216407128205
14,-0.0537239044632604,0.161416212155568,0.0538461538461539,-0.203697795974022,0.23505544723994,0.0156788256329588,0.208827653061588,0.774130550247366,0.491479101654477,-0.346561247120591,0.132412683741862,-0.107074281689365,-0.416359908000848,0.130352783870982,-0.143003562064933,-0.233740116280579,0.236678950021239,0.0014694168703297,-0.32089656480929,0.231318639436618,-0.0447889626863359,-0.446759053527173,0.0294601626054821,-0.208649445460845,330.300004923077
15,-0.0613987479580119,0.184475671034935,0.0615384615384615,-0.116725173296601,0.462114409647769,0.172694618175584,0.19396510439458,0.71467023614237,0.454317670268475,-0.369688905529706,0.0836071899908999,-0.143040857769403,-0.357407709175032,0.115777157996426,-0.120815275589303,-0.24802557570282,0.182906171495899,-0.0325597021034602,-0.326426280942642,0.190812577111555,-0.0678068519155438,-0.429066681163182,0.0210469348830929,-0.204009873140044,330.399997794872
16,-0.0665153102878462,0.19984864362118,0.0666666666666667,-0.104538086469739,0.449526230172897,0.172494071851579,0.213823385675619,0.741957477377448,0.477890431526534,-0.372828193663154,0.0816368588358708,-0.145595667413642,-0.3061177989645,-0.0178164174658478,-0.161967108215174,-0.255793499186658,0.172651713354142,-0.0415708929162578,-0.369814906186608,0.0725288325057183,-0.148643036840445,-0.391368653986463,0.043019198599723,-0.17417472769337,330.516410666667
17,-0.0613987479580119,0.184475671034935,0.0615384615384615,-0.102824289970475,0.476671228768724,0.186923469399124,0.211173205674368,0.746645235422098,0.478909220548233,-0.391066435267764,0.0877020752019941,-0.151682180032885,-0.319129743658928,-0.107066533383158,-0.213098138521043,-0.185419889230404,0.286800560554574,0.0506903356620854,-0.399111223615493,-0.0250035433588243,-0.212057383487159,-0.371458358328119,0.0685032966696005,-0.151477530829259,330.616157205128
18,-0.0613987479580119,0.184475671034935,0.0615384615384615,-0.0900928488581478,0.500099617836932,0.205003384489392,0.184488230011668,0.704402805999578,0.444445518005623,-0.382658434106913,0.0443718067530162,-0.169143313676948,-0.293194814305316,-0.0515140068335875,-0.172354410569452,-0.174424374125898,0.319739604189878,0.0726576150319901,-0.440980626193092,-0.104820548090863,-0.272900587141977,-0.334310245461342,0.119432110209144,-0.107439067626099,330.716114961538
19,-0.0613987479580119,0.184475671034935,0.0615384615384615,-0.0570522969979599,0.530702716935243,0.236825209968641,0.167324460265611,0.655929304641141,0.411626882453376,-0.382870131917012,-2.55157820359843e-05,-0.191447823849524,-0.3008665929368,0.0188077556307046,-0.141029418653048,-0.173224798385791,0.316859586820357,0.0718173942172827,-0.445109675005405,-0.0909506456732733,-0.268030160339339,-0.325309961044632,0.11376755830147,-0.105771201371581,330.800004923077
20,-0.0613987479580119,0.184475671034935,0.0615384615384615,0.00181868578830136,0.655933188700523,0.328875937244412,0.138119899494009,0.552154327592836,0.345137113543422,-0.377052798671508,0.00222872609733769,-0.187412036287085,-0.285958043800717,0.109891948928007,-0.0880330474363548,-0.193764724068683,0.275092451742432,0.0406638638368744,-0.42608412495164,-0.0533103266729284,-0.239697225812284,-0.31256614525418,0.123191673874877,-0.0946872356896511,330.89999748718
21,-0.0613987479580119,0.184475671034935,0.0615384615384615,0.0053107697394886,0.680906772151077,0.343108770945283,0.130281240871109,0.565463002870062,0.347872121870586,-0.381741937633893,0.000640479641299159,-0.190550728996297,-0.260621418817808,0.196758285421673,-0.0319315666980674,-0.182550333194099,0.322620614911269,0.0700351408585847,-0.400531596176075,-0.0103654611445562,-0.205448528660316,-0.304263397164502,0.143976544280356,-0.0801434264420728,331.015897641026
22,-0.0613987479580119,0.184475671034935,0.0615384615384615,0.0479991926511207,0.635697672677103,0.341848432664112,0.105691888652846,0.55037727445591,0.328034581554378,-0.388861871603751,-0.00742212070361907,-0.198141996153685,-0.211137246859784,0.173090740258788,-0.0190232533004981,-0.223205510401962,0.294191361626189,0.0354929256121134,-0.361936340250393,0.0177044455342367,-0.172115947358078,-0.330911850828069,0.0918093485727784,-0.119551251127645,331.115644512821
23,-0.0716318726176805,0.215221616207424,0.0717948717948718,0.0302042251624013,0.656851223530981,0.343527724346691,0.122256428683113,0.523866025854277,0.323061227268695,-0.370505692793484,0.0133631630315937,-0.178571264880945,-0.239846820460459,0.54686376753404,0.15350847353679,-0.254318056345633,0.21262815414653,-0.0208449510995514,-0.333297162384598,0.0491885830316875,-0.142054289676455,-0.405970573216864,-0.0106513224264497,-0.208310947821657,331.215894525641
24,-0.0767484349475149,0.230594588793669,0.0769230769230769,-0.047937146233512,0.696448573848925,0.324255713807707,0.105139911597308,0.467860965071206,0.286500438334257,-0.364414442759801,0.0229135126886994,-0.170750465035551,-0.263634843081392,0.588403196108312,0.16238417651346,-0.281282908111968,0.188897607529475,-0.0461926502912466,-0.312539044049559,0.0745506231029248,-0.118994210473317,-0.420697161742306,-0.0564245990297899,-0.238560880386048,331.299748641026
25,-0.0690735914527634,0.207535129914302,0.0692307692307692,-0.117142090049506,0.542583163386855,0.212720536668674,0.0990074082217287,0.470843349087507,0.284925378654618,-0.328464644714678,0.064874001898243,-0.131795321408217,-0.224278432945296,0.621995775131363,0.198858671093033,-0.302347396299238,0.20885256258681,-0.0467474168562139,-0.317633321237261,0.073558604223316,-0.122037358506972,-0.418508545145666,-0.0833739505025787,-0.250941247824123,331.39999748718
26,-0.0716318726176805,0.215221616207424,0.0717948717948718,-0.155948446101619,0.298163857122222,0.0711077055103016,0.0631541330976395,0.439950288380983,0.251552210739311,-0.281111967421598,0.12272105936358,-0.0791954540290087,-0.149991959966452,0.448074575612309,0.149041307822928,-0.315310110547043,0.184051317576241,-0.0656293964854007,-0.356657233268769,0.0150719943227338,-0.170792619473018,-0.429903651210145,-0.0811540403017017,-0.255528845755924,331.51641025641
27,-0.0511656232983432,0.153729725862446,0.0512820512820513,-0.157088334036449,0.171827812884813,0.00736973942418159,0.0104168907445328,0.373831074390123,0.192123982567328,-0.260708145235044,0.118848751558719,-0.0709296968381622,-0.192680709377832,0.244299821866937,0.0258095562445529,-0.320101731086867,0.14705372820188,-0.0865240014424938,-0.352730630193572,0.0212260599537692,-0.165752285119902,-0.421227620039281,-0.0633813219602329,-0.242304470999757,331.616157205128
28,-0.0562821856281776,0.16910269844869,0.0564102564102564,-0.1881620799254,0.161724777917816,-0.0132186510037921,-0.0398685759294905,0.274590037360681,0.117360730715595,-0.247551886158673,0.131516330923914,-0.0580177776173796,-0.229655450639005,0.0986847328196161,-0.0654853589096943,-0.313434802468914,0.142610441788324,-0.0854121803402954,-0.317519786913201,0.0842672419265549,-0.116626272493323,-0.39861839272463,-0.0451731501724739,-0.221895771448552,331.716150807692
29,-0.0613987479580119,0.184475671034935,0.0615384615384615,-0.182315116639048,0.211851572897459,0.0147682281292053,-0.0374546320127434,0.259072557283983,0.11080896263562,-0.238309270586939,0.163902071683988,-0.0372035994514754,-0.250374762544179,0.0749898708767455,-0.0876924458337168,-0.304100824253586,0.16665089981807,-0.0687249622177579,-0.279562374975312,0.144055824578657,-0.0677532751983279,-0.378614387163826,-0.0233210949714179,-0.200967741067622,331.800005153846
30,-0.0613987479580119,0.184475671034935,0.0615384615384615,-0.153483154208763,0.261240738202597,0.053878791996917,-0.0181721748884546,0.240309036679523,0.111068430895534,-0.258717538431988,0.160131634989877,-0.0492929517210553,-0.273955837867799,0.0439815918172829,-0.114987123025258,-0.312426967732408,0.167645893625116,-0.0723905370536459,-0.262152266084624,0.166217501640169,-0.0479673822222276,-0.357535249597665,0.0082149800439386,-0.174660134776863,331.899998910256
31,-0.0562821856281776,0.16910269844869,0.0564102564102564,-0.131630073862457,0.334984978916661,0.101677452527102,0.000145192098426213,0.268969123309185,0.134557157703805,-0.305054541790094,0.108857545927965,-0.0980984979310646,-0.268765030754672,0.0572221159988819,-0.105771457377895,-0.296789315976915,0.182732474924831,-0.0570284205260419,-0.303043800465067,0.111303995809531,-0.0958699023277682,-0.351078964288287,0.0249920723971694,-0.163043445945559,332.01641025641
32,-0.0613987479580119,0.184475671034935,0.0615384615384615,-0.0971335582403586,0.327898881445911,0.115382661602776,0.0148094473137239,0.321459236808717,0.16813434206122,-0.329003638872206,0.063275315784189,-0.132864161544009,-0.245304995398497,0.152315167684085,-0.0464949138572058,-0.290032324451416,0.172791199079249,-0.0586205626860833,-0.344416682814469,0.0538800955328152,-0.145268293640827,-0.358487983791827,0.0252349003440909,-0.166626541723868,332.116157205128
33,-0.0767484349475149,0.230594588793669,0.0769230769230769,-0.103349985225758,0.2967779902928,0.0967140025335214,0.0313063962857114,0.37590329093668,0.203604843611196,-0.326682868978774,0.0510379261845564,-0.137822471397109,-0.218467988636187,0.331233877677746,0.0563829445207796,-0.271619284320434,0.202885323439764,-0.0343669804403348,-0.35822437172174,0.0395345142132389,-0.159344928754251,-0.402246754964588,-0.00657757069010718,-0.204412162827348,332.216150807692
34,-0.0690735914527634,0.207535129914302,0.0692307692307692,-0.0891532371755865,0.30721662286126,0.109031692842837,0.0727657590511294,0.441557121634362,0.257161440342746,-0.313173760649438,0.0479741628654382,-0.132599798892,-0.206153694909694,0.41897839925175,0.106412352171028,-0.286088970328065,0.188898368557417,-0.048595300885324,-0.348813704475295,0.0722223775261242,-0.138295663474586,-0.417033368815825,-0.012802151116376,-0.214917759966101,332.300004923077
35,-0.0613987479580119,0.184475671034935,0.0615384615384615,-0.117637971667493,0.27294073776786,0.0776513830501833,0.119419269959147,0.498133515372254,0.308776392665701,-0.313004482743601,0.0535031070568981,-0.129750687843351,-0.151771926801183,0.446974221507749,0.147601147353283,-0.308816255962445,0.143909087912148,-0.0824535840251484,-0.31118504823671,0.11457858392761,-0.0983032321545498,-0.434338055760271,-0.0397707438013796,-0.237054399780825,332.399997487179
36,-0.0613987479580119,0.184475671034935,0.0615384615384615,-0.195316273451583,0.218807493241836,0.0117456098951264,0.13590013066462,0.504096558971602,0.319998344818111,-0.290991643597468,0.119750292264155,-0.0856206756666563,-0.240689380017408,0.173453031938381,-0.0336181740395135,-0.336575803266712,0.0631018640306517,-0.13673696961803,-0.282473483871648,0.138418842256051,-0.0720273208077986,-0.426640738038494,-0.0538586065157617,-0.240249672277128,332.51641025641
37,-0.0613987479580119,0.184475671034935,0.0615384615384615,-0.217809383572786,0.174180493715142,-0.0218144449288221,0.125665867336321,0.491841454816893,0.308753661076607,-0.22836698075381,0.20838584950962,-0.00999056562209518,-0.280993592268993,0.105920747840718,-0.0875364222141376,-0.416198528305571,-0.0283119018106759,-0.222255215058123,-0.287617414774437,0.125322745010908,-0.0811473348817648,-0.441732497504106,-0.0891169105564838,-0.265424704030295,332.616157205128
38,-0.0511656232983432,0.153729725862446,0.0512820512820513,-0.191800916921692,0.175571237030057,-0.00811483994581749,0.1419288000751,0.532421680738109,0.337175240406605,-0.229067944513858,0.200515372919938,-0.0142762857969602,-0.320751516399829,0.032555927843454,-0.144097794278187,-0.489587483563102,-0.0630542403816758,-0.276320861972389,-0.320181591232224,0.0914080293513244,-0.11438678094045,-0.482684995462208,-0.129896877562749,-0.306290936512479,332.715894525641
39,-0.0613987479580119,0.184475671034935,0.0615384615384615,-0.211103761731324,0.147386043793902,-0.0318588589687111,0.145668218349457,0.580178016225645,0.362923117287551,-0.261586686853985,0.147955001679722,-0.0568158425871314,-0.304172434405412,0.0883200789324191,-0.107926177736496,-0.514938008898028,-0.0631010492107488,-0.289019529054389,-0.336167421868437,0.08067539181293,-0.127746015027754,-0.492179007858591,-0.125486057211553,-0.308832532535072,332.799748641026
40,-0.0613987479580119,0.184475671034935,0.0615384615384615,-0.243215302485334,0.118394466819287,-0.0624104178330232,0.202169334514709,0.67771840754609,0.4399438710304,-0.310983358641512,0.128796006168329,-0.0910936762365919,-0.264744977166964,0.112818174799353,-0.0759634011838057,-0.486128113092183,0.00977242147732067,-0.238177845807431,-0.370388001150081,0.0529132906897968,-0.158737355230142,-0.490268226230283,-0.137975526424317,-0.3141218763273,332.89999798718
41,-0.0716318726176805,0.215221616207424,0.0717948717948718,-0.246041714538582,0.107322942505838,-0.0693593860163719,0.252369671080091,0.743606899567579,0.497988285323835,-0.381689206630547,0.112537415254673,-0.134575895687937,-0.241566980456285,0.165277750877329,-0.038144614789478,-0.399878161216907,0.130309840193359,-0.134784160511774,-0.451611325493054,-0.0386525005650286,-0.245131913029042,-0.492855638506922,-0.143337269242589,-0.318096453874755,333.016153846154
42,-0.0767484349475149,0.230594588793669,0.0769230769230769,-0.235592256073683,0.133231694404286,-0.0511802808346986,0.31804991745411,0.817581818812233,0.567815868133172,-0.443743141143929,0.060686900773447,-0.191528120185241,-0.254955844309355,0.188500051655724,-0.0332278963268155,-0.323940403706255,0.193293268060497,-0.0653235678228791,-0.509269074803399,-0.0890127509081987,-0.299140912855799,-0.554439063210975,-0.194840808416166,-0.374639935813571,333.11615724359
43,-0.0767484349475149,0.230594588793669,0.0769230769230769,-0.211459688446464,0.182149771021752,-0.0146549587123561,0.393064539825445,0.926004996680917,0.659534768253181,-0.447710375480624,-0.00445858106698724,-0.226084478273806,-0.250000439526249,0.31191968104096,0.0309596207573555,-0.24000541212831,0.247556602203197,0.00377559503744341,-0.560257690997566,-0.122410731260804,-0.341334211129185,-0.642298325816794,-0.269709910235367,-0.456004118026081,333.216407282051
44,-0.0767484349475149,0.230594588793669,0.0769230769230769,-0.153768296066135,0.195260626434109,0.0207461651839869,0.456646878480976,1.02691892186311,0.741782900172044,-0.478616592722587,-0.0650568609565226,-0.271836726839555,-0.206831449020274,0.352286449739381,0.0727275003595537,-0.218179184750592,0.286912948041797,0.0343668816456026,-0.568677478566317,-0.115090542988923,-0.34188401077762,-0.681081422909848,-0.301976938860175,-0.491529180885011,333.300004923077
45,-0.0844232784422663,0.253654047673036,0.0846153846153846,-0.105706682520249,0.241272447188379,0.0677828823340646,0.479410593975233,1.08690835810278,0.783159476039006,-0.501680505591898,-0.0970520435647554,-0.299366274578327,-0.135340922324628,0.360766657518932,0.112712867597152,-0.176089854113872,0.34459587898815,0.0842530124371392,-0.609440923655933,-0.136308371280735,-0.372874647468334,-0.753916797951262,-0.348534038977846,-0.551225418464554,333.399997910256
46,-0.107447808926521,0.322832424311136,0.107692307692308,-0.0921114002997417,0.282728356537735,0.0953084781189965,0.450958473462962,1.08004310917267,0.765500791317814,-0.550536562754037,-0.134320331374075,-0.342428447064056,-0.165702194018797,0.361248445489638,0.0977731257354208,-0.169933206465106,0.377932760720114,0.103999777127504,-0.627905375673564,-0.13189599943419,-0.379900687553877,-0.778401862254291,-0.337125685913028,-0.55776377408366,333.516153846154
47,-0.107447808926521,0.322832424311136,0.107692307692308,-0.0961055742580221,0.287620209202125,0.0957573174720517,0.416536731241059,1.05816911251719,0.737352921879124,-0.553868151888108,-0.150997620139658,-0.352432886013883,-0.200150207367324,0.348380796454229,0.0741152945434526,-0.177742607120996,0.341471580078029,0.0818644864785166,-0.590469832521991,-0.107495930176563,-0.348982881349277,-0.757028339238825,-0.333432463008232,-0.545230401123528,333.615900871795
48,-0.107447808926521,0.322832424311136,0.107692307692308,-0.0801534766657414,0.324136044780276,0.121991284057267,0.401593027479192,1.09026251943938,0.745927773459285,-0.54664773591137,-0.192826025497267,-0.369736880704319,-0.234520276672177,0.291753663247143,0.0286166932874832,-0.244925054699538,0.284986632692147,0.0200307889963044,-0.579044078638245,-0.113292101540983,-0.346168090089614,-0.695087878392546,-0.273461972083332,-0.484274925237939,333.716150923077
49,-0.107447808926521,0.322832424311136,0.107692307692308,-0.0490729548016372,0.424489073783183,0.187708059490773,0.330970653791612,1.03629892126184,0.683634787526724,-0.506076136627947,-0.161492577293134,-0.333784356960541,-0.221964460184774,0.294951700149026,0.0364936199821261,-0.297046396555412,0.195749948474275,-0.0506482240405683,-0.572813248656477,-0.0951653373543576,-0.333989293005417,-0.644230641193234,-0.248701329518199,-0.446465985355716,333.800005153846
50,-0.103610387179145,0.311302694871453,0.103846153846154,-0.0177817168170233,0.588356908690046,0.285287595936511,0.3017501269706,1.03484380431099,0.668296965640795,-0.447365647348707,-0.106641828700448,-0.277003738024577,-0.207228048890682,0.283337636519986,0.0380547938146516,-0.323180974432366,0.133206719405953,-0.0949871275132063,-0.572018368323722,-0.0913490391647238,-0.331683703744223,-0.5728331517016,-0.201258916282066,-0.387046033991833,333.899997910256
51,-0.102331246596686,0.307459451724892,0.102564102564103,-0.0374917079728609,0.631654256452568,0.297081274239854,0.233513793455999,0.983338988268929,0.608426390862464,-0.383054013721322,0.0176666275877861,-0.182693693066768,-0.192953527044983,0.269401795700839,0.0382241343279279,-0.371029183138816,0.0346426811486732,-0.168193250995071,-0.519521794784161,-0.0666027191536322,-0.293062256968897,-0.51702401051456,-0.147273952883808,-0.332148981699184,334.016410461538
52,-0.107447808926521,0.322832424311136,0.107692307692308,-0.0422647208247082,0.581130380333095,0.269432829754193,0.207085945377452,0.877950648236775,0.542518296807114,-0.373018110774534,0.0283455673095931,-0.17233627173247,-0.21932933447048,0.201836025878831,-0.00874665429582408,-0.371538622530851,0.0234225193236545,-0.174058051603598,-0.448071471291456,0.00805712921200836,-0.220007171039724,-0.49565898626867,-0.102322689528214,-0.298990837898442,334.116157205128
53,-0.107447808926521,0.322832424311136,0.107692307692308,-0.0609994142287155,0.429301873840954,0.184151229806119,0.139710804610332,0.711535296292661,0.425623050451496,-0.354377372906088,0.0290332771507626,-0.162672047877663,-0.214296745181784,0.176863968332069,-0.0187163884248576,-0.393597257303764,0.0141873090309428,-0.189704974136411,-0.38517786015072,0.0656636520277689,-0.159757104061476,-0.464725101866178,-0.0474502400370669,-0.256087670951623,334.216151076923
54,-0.107447808926521,0.322832424311136,0.107692307692308,-0.0753178002283056,0.417981824168853,0.171332011970274,0.0918591955938873,0.623728515837188,0.357793855715538,-0.328936365060518,0.0289828562527549,-0.149976754403882,-0.228609501828237,0.201128120108123,-0.013740690860057,-0.393086851640522,0.0183322093722403,-0.187377321134141,-0.348244004264034,0.127786917884668,-0.110228543189683,-0.436557391162498,-0.0106232824449268,-0.223590336803712,334.300005153846
55,-0.103610387179145,0.311302694871453,0.103846153846154,-0.072454469916524,0.429534307412079,0.178539918747778,0.092041020059158,0.59926136085689,0.345651190458024,-0.254154832982796,0.107489840610921,-0.0733324961859376,-0.249844441814501,0.219832765420558,-0.0150058381969716,-0.368943208457843,0.0286358509003452,-0.170153678778749,-0.278599691447806,0.206475632046383,-0.0360620297007113,-0.411973736986287,0.00237860894370752,-0.204797564021289,334.399742846154
56,-0.107447808926521,0.322832424311136,0.107692307692308,-0.186669152199794,0.329064322171709,0.0711975849859576,0.0878312880062546,0.559272122667525,0.32355170533689,-0.18288106657023,0.259497962227189,0.0383084478284792,-0.295699011879816,0.261829719943531,-0.0169346459681424,-0.340771634785602,0.0400668626171509,-0.150352386084225,-0.250820613923747,0.249023272447571,-0.000898670738087753,-0.412603435676151,-0.0287166208689018,-0.220660028272526,334.515898
57,-0.117680933586189,0.353578369483625,0.117948717948718,-0.211695283793668,0.306100912070655,0.0472028141384934,0.0378648190796029,0.490816807211169,0.264340813145386,-0.159114468453294,0.398465063634402,0.119675297590554,-0.311998794575828,0.363938049438813,0.0259696274314926,-0.300159422315547,0.116549231333333,-0.0918050954911066,-0.250682035624037,0.232816233224248,-0.00893290119989478,-0.41957315133856,-0.054101152101948,-0.236837151720254,334.615131871795
58,-0.107447808926521,0.322832424311136,0.107692307692308,-0.293415111879088,0.261664306427493,-0.0158754027257978,0.0145898535983355,0.423252391087399,0.218921122342867,-0.0994551455038248,0.508114035479748,0.204329444987961,-0.298957645383336,0.324917910922232,0.0129801327694479,-0.286780339145228,0.121794244177397,-0.0824930474839154,-0.26924862162089,0.186436773847627,-0.0414059238866315,-0.43837313726848,-0.09198482667619,-0.265178981972335,334.715381961539
59,-0.107447808926521,0.322832424311136,0.107692307692308,-0.300347257247934,0.261457097779652,-0.019445079734141,-0.00699447901110942,0.33159655252214,0.162301036755515,-0.031859100805893,0.545106804921176,0.256623852057641,-0.290862203017792,0.025461345792287,-0.132700428612753,-0.25083374568705,0.128355539480807,-0.0612391031031211,-0.273137751923855,0.152110687341476,-0.0605135322911898,-0.463432603701425,-0.104987226929189,-0.284209915315307,334.800004923077
60,-0.103610387179145,0.311302694871453,0.103846153846154,-0.382653210730141,0.163821418770223,-0.109415895979959,0.0455357148340459,0.608276678130022,0.326906196482034,0.025626625181766,0.535076033730046,0.280351329455906,-0.277718469426169,0.0077220501008507,-0.134998209662659,-0.286667279083939,0.0808425279577186,-0.10291237556311,-0.265355851806409,0.122041013121534,-0.0716574193424376,-0.444752851694045,-0.081381863216728,-0.263067357455387,334.899997717949
61,-0.117680933586189,0.353578369483625,0.117948717948718,-0.378178899873575,0.0356193099495523,-0.171279794962011,0.0871183096963635,0.535373889317271,0.311246099506818,-0.0413801725908995,0.342764858968919,0.15069234318901,-0.255825036819253,0.00250677512339098,-0.126659130847931,-0.288948038435395,0.121899817223089,-0.083524110606153,-0.307400909282947,0.109331078668171,-0.0990349153073884,-0.452973635960292,-0.0891015291001261,-0.271037582530209,335.015897641026
62,-0.138147182905527,0.415070259828604,0.138461538461538,-0.292371224302699,0.134303491692923,-0.079033866304888,0.048685288032291,0.522994290471109,0.2858397892517,-0.041037402424064,0.353504691524896,0.156233644550416,-0.216586589157629,0.0469489995196693,-0.0848187948189797,-0.327773129394483,0.10150443734158,-0.113134346026452,-0.365283804440626,0.0670159394166844,-0.149133932511971,-0.497663129156292,-0.11246620454181,-0.305064666849051,335.115644935897
63,-0.184196243874036,0.553427013104805,0.184615384615385,-0.326168341893048,0.0671269628451477,-0.12952068952395,0.0357227385046486,0.604751463510568,0.320237101007608,-0.0245378732494511,0.39188684651159,0.18367448663107,-0.161051370001876,0.170872683477419,0.00491065673777139,-0.343008536264513,0.0664430342595601,-0.138282751002476,-0.340669590305319,0.0745219809193184,-0.133073804693001,-0.49392746986194,-0.110334859892178,-0.302131164877059,335.216150653846
64,-0.237920148337296,0.714843225260373,0.238461538461538,-0.32868278726768,0.0591401140075355,-0.134771336630072,-0.0616360105521851,0.351524848693634,0.144944419070724,-0.0489442139720038,0.388713590793409,0.169884688410703,-0.147147533394916,0.310754735941732,0.0818036012734084,-0.345893173906569,0.093808404342469,-0.12604238478205,-0.325281404717329,0.095185326249672,-0.115048039233829,-0.495890651367933,-0.0941283735655923,-0.295009512466763,335.300005153846
65,-0.295481474547932,0.887789166855625,0.296153846153846,-0.333471637656535,0.0382975345597116,-0.147587051548412,-0.0923331055678648,0.313781571466968,0.110724232949552,-0.0456422110040663,0.374681666223226,0.16451972760958,-0.150976659289502,0.330092786118605,0.0895580634145518,-0.374110882356048,0.119360325269292,-0.127375278543378,-0.334306281174543,0.0640908463392818,-0.13510771741763,-0.437963519513399,-0.0145391241998425,-0.226251321856621,335.39999748718
66,-0.306993739790059,0.922378355174675,0.307692307692308,-0.2909426858085,0.11944349892748,-0.0857495934405102,-0.0997745505869915,0.341344969177006,0.120785209295007,-0.0183031634666116,0.410153015121239,0.195924925827314,-0.208708924906657,0.229056148343039,0.0101736117181909,-0.366164695092283,0.143264671253611,-0.111450011919336,-0.412491854750212,-0.0386327764861248,-0.225562315618169,-0.446419823004353,0.00110341981371849,-0.222658201595317,335.516154051282
67,-0.281690545664229,0.907331571305255,0.312820512820513,-0.263234283593283,0.139852515937264,-0.0616908838280096,-0.0611278287219877,0.410192939727312,0.174532555502662,-0.0104823375426297,0.413184788304879,0.201351225381125,-0.255525095657796,0.246899169201007,-0.00431296322839438,-0.316183944989166,0.183285809566042,-0.0664490677115623,-0.469281328498732,-0.102780007849665,-0.286030668174198,-0.482911745180982,-0.0234559188886104,-0.253183832034796,335.615900858974
68,-0.214668583284811,1.04543781405404,0.415384615384615,-0.206701865407301,0.267812385436476,0.0305552600145873,0.0332676843299284,0.518605132160529,0.275936408245229,-0.114951730204277,0.27312152357702,0.0790848966863715,-0.215175403173278,0.352238544011485,0.0685315704191031,-0.246535426188868,0.261604785449172,0.00753467963015245,-0.497682673132441,-0.104733256720953,-0.301207964926697,-0.438441700583356,0.00727341912217952,-0.215584140730588,335.716150961538
69,-0.211464631077616,1.07300309261608,0.430769230769231,-0.132574632310423,0.450514149693322,0.158969758691449,0.11994641225722,0.635682786545915,0.377814599401568,-0.177120965114004,0.17256148009978,-0.00227974250711215,-0.137545844488187,0.485602729833476,0.174028442672644,-0.235574450474839,0.288021883674552,0.0262237165998561,-0.506894641239307,-0.10457384866214,-0.305734244950723,-0.415375056203931,0.02058225389552,-0.197396401154206,335.800004923077
70,-0.184018619484379,1.12248015794592,0.469230769230769,-0.186230156872916,0.430562909790194,0.122166376458639,0.127764190114064,0.664420515630992,0.396092352872528,-0.22174027356041,0.11556299363556,-0.0530886399624253,-0.105019718812556,0.459904609271253,0.177442445229349,-0.305464138076348,0.23270465251564,-0.0363797427803539,-0.4947006190658,-0.0849830218965197,-0.28984182048116,-0.377719751942755,0.0550973268347233,-0.161311212554016,335.899997641026
71,-0.122865555415257,1.38440401695372,0.630769230769231,-0.271011551817868,0.274895291500062,0.00194186984109701,0.119474645965601,0.631390786095727,0.375432716030664,-0.213543736542799,0.172660377068016,-0.0204416797373917,-0.0866425592658855,0.725463206055294,0.319410323394704,-0.342109395895669,0.194540515094992,-0.0737844404003388,-0.524433954328807,-0.103439025519737,-0.313936489924272,-0.417725857369011,0.0183136947995557,-0.199706081284728,336.016410461538
72,-0.131138106697175,1.54652272208179,0.707692307692308,-0.318050109766471,0.0700620437885757,-0.123994032988948,0.0398672993990927,0.457476227173218,0.248671763286155,-0.233368522486601,0.156458976804957,-0.038454772840822,-0.0722694051871508,0.556118512089024,0.241924553450937,-0.306500007296464,0.167178180061063,-0.0696609136177005,-0.52835278268132,-0.109247972890219,-0.318800377785769,-0.422283835109011,0.00135136355715444,-0.210466235775928,336.116157358974
73,-0.139706310373194,1.60637297703986,0.733333333333333,-0.288320718219648,0.136092027607082,-0.0761143453062829,0.0229087239899379,0.396306665493335,0.209607694741636,-0.237666289685929,0.161519326191206,-0.0380734817473613,-0.0469516830772729,0.664308884673064,0.308678600797895,-0.340017900182324,0.0825177770541417,-0.128750061564091,-0.492385227317999,-0.0832404133001942,-0.287812820309096,-0.441216843146569,-0.0554596982076076,-0.248338270677088,336.216150653846
74,-0.140170400016232,1.57093963078546,0.715384615384615,-0.230841353852572,0.231237008040836,0.000197827094131677,0.03282290217417,0.417275036669017,0.225048969421593,-0.254719970831521,0.111365719196365,-0.0716771258175782,-0.0370781716511218,0.793981453963335,0.378451641156107,-0.381135616270168,0.0356101289495174,-0.172762743660325,-0.470526516889078,-0.0643809468773724,-0.267453731883225,-0.436265224138624,-0.0753105063894114,-0.255787865264018,336.300004923077
75,-0.138994546067091,1.6466868537594,0.753846153846154,-0.129012950518453,0.435134169194736,0.153060609338141,0.118142256565659,0.569296680607589,0.343719468586624,-0.283299659553945,0.0618271036585819,-0.110736277947681,-0.0127827854511613,0.884351592247212,0.435784403398025,-0.383177299100668,0.0757816430601963,-0.153697828020236,-0.529435530214427,-0.140863322162472,-0.335149426188449,-0.417801544626414,-0.0570721365639308,-0.237436840595172,336.399997641026
76,-0.144529156210974,1.63170864339046,0.743589743589744,-0.109122616838828,0.484545265014721,0.187711324087946,0.152046468457024,0.668170961164753,0.410108714810888,-0.28313826787086,0.0792005926398696,-0.101968837615495,-0.0588275488932102,0.774285201447551,0.357728826277171,-0.339734989602969,0.16395461226315,-0.0878901886699094,-0.574978164011598,-0.194764177487533,-0.384871170749566,-0.377199458995635,0.00428759466011712,-0.186455932167759,336.515897641026
77,-0.162848715229578,1.72182307420394,0.77948717948718,-0.167585309280106,0.351960524118901,0.0921876074193972,0.138124925891849,0.699912268866695,0.419018597379272,-0.223522762172062,0.176675957423161,-0.0234234023744509,-0.0546517331710942,0.595531965391242,0.270440116110074,-0.311145734882248,0.204472570532994,-0.0533365821746272,-0.582574512605418,-0.234138662162206,-0.408356587383812,-0.377152208557248,0.0189572502404845,-0.179097479158382,336.615645551282
78,-0.182415764909268,1.8131849956785,0.815384615384615,-0.209780537945227,0.351098785311111,0.0706591236829421,0.131408462074288,0.730939000675176,0.431173731374732,-0.204547767966118,0.180220995472975,-0.0121633862465716,-0.140587521725109,0.445255975981401,0.152334227128146,-0.303510633717762,0.240102543739373,-0.0317040449891944,-0.583499165403399,-0.24845846045315,-0.415978812928274,-0.363790098433342,0.0310342964800969,-0.166377900976622,336.716150807692
79,-0.182415764909268,1.8131849956785,0.815384615384615,-0.200454817973626,0.4017401755155,0.100642678770937,0.193609579529357,0.777991288815218,0.485800434172288,-0.21714523482957,0.146201967106646,-0.035471633861462,-0.142841687038147,0.383601661001459,0.120379986981656,-0.262962824643046,0.304055014833092,0.0205460950950231,-0.589636800764834,-0.266329899148697,-0.427983349956766,-0.378989405658757,0.0371451409637321,-0.170922132347512,336.800005076923
80,-0.189421928333947,1.82019115910318,0.815384615384615,-0.0727608667369867,0.630729629118138,0.278984381190575,0.29736635357445,0.854058604536077,0.575712479055263,-0.235481595398918,0.120514313580147,-0.0574836409093851,-0.144166182268509,0.262879653262278,0.0593567354968846,-0.233609122815063,0.355366442795548,0.0608786599902426,-0.597315653078907,-0.284935512797236,-0.441125582938071,-0.434957637729724,-0.0269493590915178,-0.230953498410621,336.899997641026
81,-0.183322297418018,1.83460434870007,0.825641025641026,-0.0364329560519483,0.728014580629264,0.345790812288658,0.355007492358326,0.942267945235635,0.648637718796981,-0.245113904324246,0.123764764653955,-0.0606745698351458,-0.20028331558098,0.1553807613331,-0.0224512771239398,-0.177011745228579,0.393648443715181,0.108318349243301,-0.632768837290467,-0.280746573514024,-0.456757705402246,-0.47802095904116,-0.0575722490822015,-0.267796604061681,337.015897435897
82,-0.139312313881718,1.63674821131762,0.748717948717949,-0.00611962999442194,0.951725059822283,0.47280271491393,0.353729979640661,1.01310312757466,0.683416553607663,-0.261595053059008,0.441331230616668,0.0898680887788299,-0.216210331808569,0.142919816162764,-0.0366452578229025,-0.236336764239052,0.310375811010731,0.0370195233858394,-0.667961589344769,-0.276069692533743,-0.472015640939256,-0.511494485250448,-0.039078477164453,-0.27528648120745,337.115388141026
83,-0.115699194741959,1.23364791269068,0.558974358974359,-0.0377541573007441,0.956817430257376,0.459531636478316,0.302497290493886,0.976569202246369,0.639533246370127,-0.280334393754267,0.3551033882938,0.0373844972697664,-0.176941425147986,0.272291913081542,0.0476752439667782,-0.26501478283586,0.229956060652432,-0.0175293610917136,-0.652762394850367,-0.280667690028798,-0.466715042439583,-0.43885963479995,0.0241831189975483,-0.207338257901201,337.215639730769
84,-0.131737585690474,1.13173758569047,0.5,-0.106799087838575,0.843030502252174,0.3681157072068,0.288920293198748,0.901790950206112,0.59535562170243,-0.285221096161496,0.303696078569494,0.009237491203999,-0.186236255141378,0.234522344167554,0.0241430445130881,-0.281468719923907,0.205558957288767,-0.0379548813175699,-0.629506342951932,-0.262000510583311,-0.445753426767621,-0.370169718950975,0.0575347392418079,-0.156317489854584,337.299748871795
85,-0.173547787479038,1.05816317209442,0.442307692307692,-0.0669762946240332,0.539261013952227,0.236142359664097,0.246173096914238,0.835579674678879,0.540876385796559,-0.249408807658297,0.250311746845291,0.00045146959349715,-0.158998574756964,0.341988179985815,0.0914948026144253,-0.338314859899436,0.116550165302277,-0.110882347298579,-0.576433322010013,-0.191105054351679,-0.383769188180846,-0.332477214012153,0.0449668351216343,-0.14375518944526,337.399997641026
86,-0.207362090380638,1.05864414166269,0.425641025641026,-0.127728305449524,0.457671353318721,0.164971523934598,0.204885826527913,0.823293937135323,0.514089881831618,-0.194378221985288,0.287801066735313,0.0467114223750127,-0.137465254656624,0.433116293354837,0.147825519349106,-0.393673859935787,0.021759105679461,-0.185957377128163,-0.57154892623804,-0.184343683035583,-0.377946304636812,-0.305883728722081,0.0759927201069291,-0.114945504307576,337.516153846154
87,-0.174665386300194,1.05671666835148,0.441025641025641,-0.171668394372879,0.383560484847316,0.105946045237218,0.278198321573214,1.0060350897228,0.642116705648008,-0.153659961712826,0.279192844974048,0.0627664416306111,-0.122816471309298,0.465649920796108,0.171416724743405,-0.473366400936045,-0.0724178800053195,-0.272892140470682,-0.553685381906142,-0.192092988793263,-0.372889185349703,-0.304143383490782,0.116685367434759,-0.0937290080280113,337.6161615
88,-0.115979190971376,1.21341508840727,0.548717948717949,-0.187776318827585,0.297450778519679,0.0548372298460468,0.337601183820336,1.02335474142733,0.680477962623835,-0.173979063242258,0.218744078534447,0.0223825076460946,-0.185052040264042,0.228119487927653,0.0215337238318057,-0.480604428942871,-0.0372057222320459,-0.258905075587458,-0.549412920329143,-0.171999351260215,-0.360706135794679,-0.276372259505979,0.174698949325073,-0.0508366550904526,337.716407128205
89,-0.110601471538195,1.34137070230743,0.615384615384615,-0.1790886346449,0.404982829267818,0.112947097311459,0.338713617977844,0.974475549255468,0.656594583616656,-0.179758933411812,0.216959841217196,0.0186004539026918,-0.250044411146282,0.0480881392524374,-0.100978135946922,-0.460401143218282,0.0201837331431458,-0.220108705037568,-0.544613327217655,-0.144928144737411,-0.344770735977533,-0.240808220758175,0.191969903729455,-0.0244191585143603,337.800004923077
90,-0.115216973339835,1.79983235795522,0.842307692307692,-0.139093981234266,0.534512366870934,0.197709192818334,0.301121147126385,0.888194200093495,0.59465767360994,-0.156992987237776,0.278446127784464,0.0607265702733442,-0.257962236115495,0.0770798527694834,-0.090441191673006,-0.41213291674814,0.0989911789362174,-0.156570868905961,-0.518582508581578,-0.116702506243729,-0.317642507412653,-0.210252985138533,0.185316944922697,-0.0124680201079181,337.899997487179
91,-0.138875088998292,2.05682380694701,0.958974358974359,-0.126101450297367,0.485585675638727,0.17974211267068,0.207453649042854,0.733207138119914,0.470330393581384,-0.108673906370247,0.374348718142355,0.132837405886054,-0.266165335104238,0.237987969592246,-0.014088682755996,-0.379156277892642,0.131281329566364,-0.123937474163139,-0.500969800419685,-0.112977975374826,-0.306973887897256,-0.187788257473055,0.213283239030954,0.0127474907789496,338.01641025641
92,-0.134580536718773,2.04227284441108,0.953846153846154,-0.115298571887912,0.413350348758351,0.14902588843522,0.164019166479507,0.722343568986128,0.443181367732818,-0.120819287201487,0.398129783930826,0.138655248364669,-0.268705575986172,0.212832704064088,-0.0279364359610421,-0.336766419708279,0.164023834764185,-0.0863712924720467,-0.502027400400539,-0.119668026323642,-0.31084771336209,-0.161123820078397,0.269402087829142,0.0541391338753725,338.116157205128
93,-0.143924169657405,2.14392416965741,1,-0.111678174065919,0.409315515279061,0.148818670606571,0.172784312312967,0.815664829961947,0.494224571137457,-0.155764802489121,0.377170959847156,0.110703078679018,-0.2528204361504,0.117377530855504,-0.0677214526474478,-0.332224052912581,0.165038384586477,-0.0835928341630522,-0.535266476280219,-0.160414298623032,-0.347840387451626,-0.170438991098043,0.297699625495708,0.0636303171988325,338.216150807692
94,-0.148074670692971,2.1788439014622,1.01538461538462,-0.0902209872139428,0.443064908771973,0.176421960779015,0.246034352799055,0.906883247379671,0.576458800089363,-0.155275554356768,0.419192138465409,0.13195829205432,-0.221258969069637,0.19480595536256,-0.0132265068535385,-0.35547763136095,0.153484969132394,-0.100996331114278,-0.560705900115363,-0.198359853867067,-0.379532876991215,-0.207554908388176,0.27913701360974,0.035791052610782,338.300004923077
95,-0.148074670692971,2.1788439014622,1.01538461538462,-0.0970105820403889,0.38555301867009,0.14427121831485,0.239203279508241,0.886967128524182,0.563085204016211,-0.10650630075824,0.513753655965716,0.203623677603738,-0.124854808608743,0.442515648937572,0.158830420164415,-0.428221929839905,0.0700451148675261,-0.17908840748619,-0.591333699313431,-0.256212457320842,-0.423773078317137,-0.277704961824224,0.221135837606792,-0.028284562108716,338.399997487179
96,-0.15270096719893,2.21423942873739,1.03076923076923,-0.0984484954440816,0.368045009305558,0.134798256930738,0.170089413512336,0.851977595756766,0.511033504634551,-0.089277091408445,0.490839441106105,0.20078117484883,-0.0546830706508499,0.637422190245355,0.291369559797252,-0.418981574621763,0.0356110520520523,-0.191685261284855,-0.568252474635287,-0.253847005951644,-0.411049740293466,-0.326456602810463,0.161960006708424,-0.0822482980510198,338.515897435897
97,-0.15270096719893,2.21423942873739,1.03076923076923,-0.125597751774125,0.320292055605815,0.0973471519158453,0.108078841183539,0.758859522635936,0.433469181909738,-0.0808722735141575,0.484209308956801,0.201668517721322,-0.064100392400471,0.609606890856529,0.272753249228029,-0.414243937305622,-0.00916378429539889,-0.211703860800511,-0.493407625740413,-0.158633622510791,-0.326020624125602,-0.321074859116961,0.164737824161238,-0.0781685174778617,338.615388128205
98,-0.147338556840487,2.21913342863536,1.03589743589744,-0.145819561525,0.296740127404974,0.0754602829399872,0.0755454102031211,0.691610592214121,0.383578001208621,-0.0727395607858679,0.442037889993011,0.184649164603571,-0.109997943771074,0.492500100126155,0.19125107817754,-0.380653517826551,0.0107561206329326,-0.184948698596809,-0.473895284274098,-0.0942433967706804,-0.284069340522389,-0.30286713248697,0.169580242686196,-0.0666434449003871,338.71589448718
99,-0.103476215820116,2.38039929274319,1.13846153846154,-0.190558506258547,0.301534094311756,0.0554877940266041,0.0793238912975157,0.680085648209342,0.379704769753429,-0.0770137152792728,0.41088912606876,0.166937705394744,-0.126903911415185,0.405929790626564,0.13951293960569,-0.397041721192295,0.000220066491318992,-0.198410827350488,-0.479173054835253,-0.0733720308859839,-0.276272542860618,-0.268231684097316,0.160819142288346,-0.0537062709044851,338.800004923077
100,-0.142084941846653,2.64208494184665,1.25,-0.196280147082991,0.333953950886355,0.068836901901682,0.102648265874494,0.724720026874095,0.413684146374295,-0.0592361956553596,0.421096769066658,0.180930286705649,-0.151367790251209,0.700997859835543,0.274815034792167,-0.439995877797132,-0.00840113310855646,-0.224198505452844,-0.499284209174818,-0.101564520177861,-0.30042436467634,-0.228904749109792,0.183570856059536,-0.0226669465251281,338.899997794872
101,-0.152180718044404,2.72653969240338,1.28717948717949,-0.207843320971683,0.394115192181989,0.0931359356051529,0.0944846897117226,0.751254745241671,0.422869717476697,-0.120979799468632,0.364756564831124,0.121888382681246,-0.215563705968621,0.692151372858033,0.238293833444706,-0.473387459889848,0.000591436216949487,-0.236398011836449,-0.478396128458549,-0.0333741515494639,-0.255885140004006,-0.199963063276221,0.229586686621839,0.0148118116728091,339.01641025641
102,-0.145351240630334,2.71971021498931,1.28717948717949,-0.281006803762994,0.297703095177308,0.00834814570715696,0.0451966303431348,0.701520352405077,0.373358491374106,-0.168250838016634,0.316666643427555,0.0742079027054606,-0.249253636350781,0.274531031872169,0.0126386977606941,-0.450478856518145,0.0419682742907547,-0.204255291113695,-0.42814283624847,0.0678029222779516,-0.180169956985259,-0.165296416512971,0.313119498262759,0.073911540874894,339.116157666667
103,-0.161614856412328,2.74623024102771,1.29230769230769,-0.154782469104296,0.351292976633155,0.0982552537644295,0.0126164289451068,0.561208044383676,0.286912236664391,-0.169160195473831,0.290433887463265,0.0606368459947172,-0.249867124837468,0.434023595521687,0.0920782353421098,-0.466267653074014,-0.000358966002676113,-0.233313309538345,-0.443583093181108,0.0408013090918173,-0.201390892044646,-0.159140998804913,0.310272075032352,0.0755655381137196,339.216150807692
104,-0.161614856412328,2.74623024102771,1.29230769230769,-0.130024482055448,0.307769724562039,0.0888726212532954,0.00981799481542481,0.494280197157251,0.252049095986338,-0.134984138335855,0.354292324076104,0.109654092870124,-0.264486777273834,0.443480526355547,0.0894968745408564,-0.455685499917536,-0.0208249137657851,-0.238255206841661,-0.482808853131284,-0.0125957507747772,-0.247702301953031,-0.114350213065025,0.370389120852063,0.128019453893519,339.300004923077
105,-0.162132147438655,2.76213214743866,1.3,-0.0865478412584382,0.362418555006274,0.137935356873918,-0.0286753597988868,0.440605154025526,0.20596489711332,-0.0697673628986033,0.428676831577811,0.179454734339604,-0.244550533016618,0.387690001453687,0.0715697342185348,-0.458439027234196,-0.0348839435753436,-0.24666148540477,-0.506751727573379,-0.0447930774691642,-0.275772402521272,-0.0910850928149257,0.40274894914059,0.155831928162832,339.399997641026
106,-0.173036318273115,2.71662606186286,1.27179487179487,-0.114086003137031,0.345278247126433,0.115596121994701,-0.03687941844866,0.425170885278929,0.194145733415134,-0.0856262519477303,0.3656050888632,0.139989418457735,-0.230664686462187,0.249266857034641,0.00930108528622677,-0.455858750545073,-0.0120775227609862,-0.23396813665303,-0.531728776138434,-0.0671247624448289,-0.299426769291631,-0.0461729027601998,0.457618693461859,0.20572289535083,339.51641025641
107,-0.154244719800309,2.70809087364646,1.27692307692308,-0.036878813819674,0.479694169412163,0.221407677796244,-0.0837427791786836,0.350427634193367,0.133342427507342,-0.0889862669052817,0.338779151195816,0.124896442145267,-0.22755113245485,0.258330823106395,0.0153898453257724,-0.463759602454677,0.00499480334899422,-0.229382399552841,-0.516089150262132,-0.0504283615260215,-0.283258755894077,-0.0334914679407202,0.474579614083713,0.220544073071496,339.616157205128
108,-0.156668469541669,2.72077103364423,1.28205128205128,0.0119649477373897,0.574562103522634,0.293263525630012,-0.127418761686132,0.351999803579131,0.1122905209465,-0.112406357004913,0.307237474777571,0.0974155588863289,-0.182905069661734,0.335862235187314,0.0764785827627901,-0.459777055699861,0.0225244984995883,-0.218626278600136,-0.488598810772799,-0.0533280819511398,-0.270963446361969,-0.0379556811045937,0.495810607237865,0.228927463066636,339.715894833333
109,-0.168133198553538,2.69121012163046,1.26153846153846,0.0966388126285538,0.661616152022672,0.379127482325613,-0.181062316305722,0.417369792483956,0.118153738089117,-0.0874372110826846,0.324427409847839,0.118495099382577,-0.174900056101936,0.33407570176656,0.079587822832312,-0.439423894486387,0.0460009501769399,-0.196711472154724,-0.461162956036967,-0.0293511732597377,-0.245257064648352,-0.0460039472883808,0.485836810565776,0.219916431638698,339.800004846154
110,-0.171728713045075,2.66403640535277,1.24615384615385,0.140540399628553,0.734374706855522,0.437457553242037,-0.155463947774859,0.498910131216904,0.171723091721022,-0.0886988326664028,0.290285828198868,0.100793497766233,-0.151482756456892,0.283445574979762,0.0659814092614352,-0.47429272664547,-0.0027648279807471,-0.238528777313109,-0.437417816965376,0.0070872774349738,-0.215165269765201,-0.0394597846380325,0.475922343773289,0.218231279567628,339.899997474359
111,-0.14418971656695,2.62624099861823,1.24102564102564,0.136256968143854,0.758907291730377,0.447582129937116,-0.0895551736931294,0.574495822032919,0.242470324169895,-0.104158156043433,0.233219680985467,0.0645307624710168,-0.172133804023651,0.176635045684369,0.00225062083035885,-0.474635405349781,-0.0261668740732357,-0.250401139711508,-0.434833326360062,0.0128063024121041,-0.211013511973979,-0.0902497032864444,0.428516344783472,0.169133320748514,340.016156205128
112,-0.0811964879685045,2.69658110335312,1.30769230769231,0.0717759614974697,0.716525605584484,0.394150783540977,-0.0343688820848319,0.590270845553857,0.277950981734512,-0.109731602141094,0.226379310945695,0.0583238544023006,-0.159711629827563,0.2938005245289,0.0670444473506686,-0.509080235176156,-0.0692186956730261,-0.289149465424591,-0.435453509881229,0.0323112117076233,-0.201571149086803,-0.112551924261579,0.43572497086535,0.161586523301886,340.115900794872
113,-0.0456486729330755,2.78411021139461,1.36923076923077,0.000612278796868078,0.6903147348093,0.345463506803084,-0.0159751279281828,0.601301401924919,0.292663136998368,-0.0973184210419035,0.289910244449093,0.0962959117035946,-0.124646327280773,0.898256317424351,0.386804995071789,-0.482155492843112,-0.0628194141708957,-0.272487453507004,-0.491801227266559,-0.0202744127147627,-0.256037819990661,-0.10099616321075,0.461007311437449,0.180005574113349,340.215894294872
114,-0.0229494400431563,2.83833405542777,1.40769230769231,-0.0176364555446645,0.713426664374746,0.347895104415041,-0.0576606013186779,0.537361785208743,0.239850591945033,-0.108623324902334,0.338360767898642,0.114868721498154,-0.0696504662478006,0.834141228744156,0.382245381248178,-0.460231586556968,-0.0511885101235907,-0.25571004834028,-0.498532685729869,-0.0812748272005331,-0.289903756465201,-0.068565823331931,0.498716120470122,0.215075148569095,340.300004846154
115,-0.0348556729058753,2.80408644213664,1.38461538461538,-0.0935878057464211,0.7147709726898,0.310591583471689,-0.0834230477980269,0.517901990892571,0.217239471547272,-0.140052645995,0.312383568100241,0.0861654610526208,-0.0599582258568502,0.604484245668959,0.272263009906055,-0.41918198742552,-0.0263958276169718,-0.222788907521246,-0.512576173447456,-0.115042512079145,-0.3138093427633,-0.00441577758008055,0.537678677532314,0.266631449976117,340.399997628205
116,-0.0320338090987703,2.83203380909877,1.4,-0.0921161919563759,0.562125393992343,0.235004601017984,-0.122217911738811,0.4784614194909,0.178121753876044,-0.145906792287341,0.238152958220354,0.0461230829665068,-0.098278121099785,0.333047107426805,0.11738449316351,-0.409948516343317,-0.0351793047928679,-0.222563910568093,-0.482186853629733,-0.0469848443841982,-0.264585849006966,0.00163253295712475,0.522582699863255,0.26210761641019,340.516154051282
117,-0.048853052689679,2.82834023217686,1.38974358974359,-0.120859512706508,0.409180267071234,0.144160377182363,-0.18958027067425,0.401347853482312,0.105883791404031,-0.0670341912257407,0.340741595029021,0.13685370190164,-0.0969938420648752,0.790317225465566,0.346661691700345,-0.393477551125476,0.0472332045415382,-0.173122173291969,-0.408049110072511,0.0466743675954431,-0.180687371238534,-0.0917815227247206,0.43715514717338,0.17268681222433,340.615644410256
118,-0.0572044878426512,2.81617884681701,1.37948717948718,-0.10939969268936,0.409822873772363,0.150211590541501,-0.244589422926917,0.286684441984892,0.0210475095289875,-0.0156512414818862,0.491971267564055,0.238160013041084,-0.120049371859623,0.838436323126676,0.359193475633527,-0.35713752701807,0.0986919959468649,-0.129222765535603,-0.366549093774991,0.114770609714049,-0.125889242030471,-0.117537905539219,0.43672682303445,0.159594458747616,340.715638474359
119,-0.0320338090987703,2.83203380909877,1.4,-0.135192417057711,0.345688860394968,0.105248221668628,-0.245788324011454,0.269252308664359,0.0117319923264523,-0.017623375741365,0.488385469482888,0.235381046870761,-0.093426852318895,0.440249342477831,0.173411245079468,-0.295117258497021,0.191616122582857,-0.0517505679570817,-0.390471229975052,0.125028502631187,-0.132721363671933,-0.12288090049074,0.43922955467617,0.158174327092715,340.800004846154
120,0.000966511649783512,2.52980271911945,1.26538461538462,-0.206002303567995,0.178862011224084,-0.0135701461719556,-0.229996744898579,0.26192861385311,0.0159659344772651,-0.0670328135823283,0.421215415980463,0.177091301199068,-0.0979337637234099,0.451970414719866,0.177018325498228,-0.222238413298844,0.297784567372762,0.0377730770369594,-0.412284514105368,0.0991395797370384,-0.156572467184165,-0.101347987549574,0.458792452808424,0.178722232629425,340.899998051282
121,-0.136033440382811,1.85911036345973,0.861538461538462,-0.212178115300459,0.174691046064552,-0.0187435346179533,-0.232337117239496,0.219356942630463,-0.00649008730451636,-0.140717412642209,0.365449351635471,0.112365969496631,-0.149909642076721,0.371669228641219,0.110879793282249,-0.243001463775721,0.301361855540018,0.029180195882149,-0.403853061573585,0.132675645488207,-0.135588708042689,-0.0651951249335272,0.486119987023518,0.210462431044995,341.016154051282
122,-0.159589264494565,1.81087131577662,0.825641025641026,-0.231955259945839,0.203273807011239,-0.0143407264672996,-0.246147585982892,0.163038344171861,-0.0415546209055155,-0.103770824904399,0.325351644128662,0.110790409612131,-0.197395526333757,0.279827621180966,0.0412160474236043,-0.312683212824532,0.220716823808816,-0.0459831945078579,-0.32039822039435,0.237884921587311,-0.0412566494035193,-0.0192802098079023,0.521014192942157,0.250866991567127,341.116157179487
123,-0.180199209704056,1.76994279944765,0.794871794871795,-0.183712512546608,0.240305306832814,0.0282963971431028,-0.262614864516536,0.16986459401968,-0.046375135248428,-0.0453709388424604,0.404038559787095,0.179333810472317,-0.2178639871043,0.408252776885968,0.0951943948908344,-0.393269471913134,0.138558760292871,-0.127355355810132,-0.223343164247753,0.323489050390593,0.0500729430714203,-0.00819589992999409,0.527560755630151,0.259682427850078,341.216150615385
124,-0.182469784766385,1.76708516938177,0.792307692307692,-0.197065243214151,0.291477416911819,0.0472060868488341,-0.328469510730616,0.118980429943226,-0.104744540393695,-0.0481476547037798,0.462810429512522,0.207331387404371,-0.236884934921851,0.328779008698241,0.0459470368881953,-0.402441541639494,0.165008056206102,-0.118716742716696,-0.150459994367451,0.411262155449494,0.130401080541021,0.0156152861521443,0.565641274084526,0.290628280118335,341.300005051282
125,-0.196306465667806,1.59630646566781,0.7,-0.237783992377832,0.35441128573788,0.0583136466800243,-0.372350583891696,0.0347100046083481,-0.168820289641674,-0.0645582947809112,0.518312896032972,0.22687730062603,-0.225037360549313,0.305380213587849,0.0401714265192683,-0.345721057011814,0.257109421488182,-0.0443058177618159,-0.09920586822813,0.457633243769514,0.179213687770692,0.0980171044704353,0.658234014222919,0.378125559346677,341.399997589744
126,-0.219188883936522,1.34739401214165,0.564102564102564,-0.309544881007306,0.247916251204231,-0.0308143149015377,-0.410608607531295,-0.000114185772712745,-0.205361396652004,-0.0379363530084037,0.509679529379661,0.235871588185628,-0.257507687046065,0.352028921248861,0.0472606171013979,-0.283929767848879,0.368622121899201,0.0423461770251613,-0.104626189764853,0.48589195525558,0.190632882745364,0.215336034675944,0.816532717929278,0.515934376302611,341.516154051282
127,-0.219374791437901,1.31168248374559,0.546153846153846,-0.2886788441532,0.201679397375962,-0.0434997233886189,-0.393730306845879,0.0281862583301362,-0.182772024257871,-0.00445570278184432,0.532378478427254,0.263961387822705,-0.225248481791663,0.335732407863124,0.0552419630357309,-0.285141365518504,0.387680051003075,0.0512693427422855,-0.105903286624434,0.507843479346419,0.200970096360992,0.27742760847086,0.911604109757295,0.594515859114078,341.600004948718
128,-0.201244755774198,1.16534731987676,0.482051282051282,-0.265621908038598,0.186768774668071,-0.0394265666852636,-0.355691834173142,0.0816896053433596,-0.137001114414891,0.0335687187574683,0.617340650031779,0.325454684394624,-0.235294042864845,0.226163862304709,-0.00456509028006789,-0.308901928815864,0.348561162329057,0.0198296167565967,-0.110553415232181,0.44366486685548,0.16655572581165,0.279963168075222,0.951492409527006,0.615727788801114,341.7
129,-0.197680556153467,1.06947542794834,0.435897435897436,-0.260103814406748,0.140359654737912,-0.059872079834418,-0.350881824636669,0.0982383757540253,-0.126321724441322,0.0922892695054584,0.717780494873046,0.405034882189252,-0.240293930467324,0.161493488173007,-0.0394002211471581,-0.322038685428925,0.283702165237888,-0.0191682600955185,-0.146086539451462,0.317760186912881,0.0858368237307094,0.218258630077308,0.914124592032182,0.566191611054745,341.800000205128
130,-0.226372731394335,0.903295808317412,0.338461538461539,-0.258472029871847,0.151906962966274,-0.0532825334527865,-0.331012600565249,0.106713711454455,-0.112149444555397,0.149877525007295,0.766526384537658,0.458201954772476,-0.266305913288165,0.0942245079643596,-0.0860407026619026,-0.303863422287237,0.26005119285741,-0.0219061147149137,-0.196247935186117,0.238506869804853,0.0211294673093678,0.172910123740057,0.847995626621362,0.510452875180709,341.899996923077
131,-0.276294365811054,0.830140519657207,0.276923076923077,-0.28066003876447,0.170158379131849,-0.0552508298163104,-0.322222738018787,0.0730779843573915,-0.124572376830698,0.144965876137409,0.872791007039407,0.508878441588408,-0.256720022584468,0.149630262318403,-0.0535448801330325,-0.231526599792985,0.279286637578743,0.0238800188928793,-0.248636713005063,0.217918520022786,-0.0153590964911384,0.151406810837557,0.791404894340774,0.471405852589166,342
132,-0.276294365811054,0.830140519657207,0.276923076923077,-0.269221791646494,0.200711269543469,-0.0342552610515122,-0.338891799242478,0.0653349078071537,-0.136778445717662,0.102152581693004,0.879202010996514,0.490677296344759,-0.21336353747558,0.242415206733978,0.014525834629199,-0.182170707621032,0.340051917910578,0.0789406051447732,-0.244074418727161,0.273204605194154,0.0145650932334964,0.103585355405628,0.759293242057704,0.431439298731666,342.100003333333
133,-0.276294365811054,0.830140519657207,0.276923076923077,-0.260962312773431,0.228492981329061,-0.0162346657221851,-0.332787666125204,0.0937216186852874,-0.119533023719958,0.096454352669364,0.973053008289492,0.534753680479428,-0.163815424539939,0.345308853313183,0.0907467143866224,-0.203747344829545,0.326510483111648,0.0613815691410519,-0.297878209121724,0.225547739204687,-0.0361652349585187,0.0353330954515655,0.682178975608557,0.358756035530061,342.200000205128
134,-0.276294365811054,0.830140519657207,0.276923076923077,-0.215176036878352,0.322561651118748,0.0536928071201979,-0.275200901015018,0.245107560927681,-0.0150466700436686,0.152961642325132,1.16938997439783,0.661175808361478,-0.132424504573634,0.407461297104142,0.137518396265254,-0.24741634230436,0.276386389058125,0.0144850233768821,-0.355678198454661,0.108047628992545,-0.123815284731058,-0.0426781347024581,0.590958652908461,0.274140259103001,342.299952769231
135,-0.276294365811054,0.830140519657207,0.276923076923077,-0.229337676251745,0.700839498831842,0.235750911290048,-0.194399851762265,0.368179973038186,0.0868900606379606,0.115945044537272,1.12323239945546,0.619588721996364,-0.138301151035257,0.392527566580834,0.127113207772789,-0.316099160662933,0.183556530311102,-0.0662713151759157,-0.406239401149073,-0.00788969158188209,-0.207064546365478,-0.0469032572738537,0.576208218782277,0.264652480754211,342.399996923077
136,-0.276294365811054,0.830140519657207,0.276923076923077,-0.186455332790108,0.799737534659912,0.306641100934902,-0.0962657369561833,0.467874517674722,0.185804390359269,0.033343455487771,0.937234849406087,0.485289152446929,-0.178595160286695,0.309072770199727,0.0652388049565163,-0.306721287382823,0.177959832304773,-0.0643807275390252,-0.465321210815792,-0.0699107611379088,-0.267615985976851,-0.0263783354905594,0.613302820860147,0.293462242684794,342.5
137,-0.276294365811054,0.830140519657207,0.276923076923077,-0.182712311461637,0.622140843385464,0.219714265961913,-0.106704664577222,0.438930343756366,0.166112839589572,-0.0720988669324669,0.579534335050507,0.25371773405902,-0.154178735065238,0.345949158183801,0.0958852115592815,-0.372794778328165,0.109648406340268,-0.131573185993949,-0.511466003232486,-0.0494384332856073,-0.280452218259047,0.0123478233457197,0.646966798596885,0.329657310971303,342.600259846154
138,-0.276294365811054,0.830140519657207,0.276923076923077,-0.206153942049999,0.416465802083699,0.10515593001685,-0.0749931743949584,0.432933928413165,0.178970377009103,-0.0572301092216574,0.532935513375916,0.237852702077129,-0.14290304235697,0.377016959126583,0.117056958384806,-0.336710846567237,0.125864528978114,-0.105423158794561,-0.522050895512022,-0.0327010655471028,-0.277375980529562,-0.0138381421951909,0.617666642507925,0.301914250156367,342.700256358974
139,-0.276294365811054,0.830140519657207,0.276923076923077,-0.279150568467,0.29380287911091,0.00732615532195487,-0.106533988123398,0.405305208172479,0.149385610024541,-0.0407005601956543,0.661979641665306,0.310639540734826,-0.148327224330564,0.519525341211159,0.185599058440297,-0.357353043716359,0.116309609906705,-0.120521716904827,-0.517722150883607,-0.0405869018787316,-0.279154526381169,-0.0438615654835105,0.591185955139971,0.27366219482823,342.800001615385
140,-0.276294365811054,0.830140519657207,0.276923076923077,-0.288069152640404,0.221271676662103,-0.0333987379891507,-0.123022772817314,0.358096370462616,0.117536798822651,-0.035042731350756,0.682521417961363,0.323739343305303,-0.218750875911762,0.597661908875556,0.189455516481897,-0.327186632892241,0.261920701589088,-0.0326329656515764,-0.517513979858139,-0.0575813565105811,-0.28754766818436,-0.079964204200062,0.544264263844055,0.232150029821996,342.899996987179
141,-0.276294365811054,0.830140519657207,0.276923076923077,-0.281390140458997,0.19918601258198,-0.0411020639385083,-0.182688708998624,0.242271126702937,0.0297912088521566,0.044694067945772,0.768626999430692,0.406660533688232,-0.252464270847109,0.423908875759762,0.0857223024563268,-0.341520538245469,0.286203195058312,-0.0276586715935786,-0.517855510022191,-0.0261893186303595,-0.272022414326275,-0.0787442646709951,0.54496458361003,0.233110159469518,343.000256410256
142,-0.276294365811054,0.830140519657207,0.276923076923077,-0.199101290198561,0.541792549397475,0.171345629599457,-0.23909546488904,0.277914559500957,0.0194095473059588,0.0617691000521347,0.706972894640737,0.384370997346436,-0.237130162107184,0.17732264939283,-0.0299037563571771,-0.322728764444424,0.322074246992021,-0.000327258726201393,-0.512333330173735,0.0211344990816609,-0.245599415546037,-0.0308046136523865,0.602370183239497,0.285782784793555,343.10025974359
143,-0.276294365811054,0.830140519657207,0.276923076923077,-0.12905026434599,0.924870775776984,0.397910255715497,-0.24780841748167,0.339357888212162,0.0457747353652457,0.0641405792895214,0.637255718352943,0.350698148821232,-0.189418409741047,0.267067239519955,0.0388244148894538,-0.379062985074894,0.184343480352621,-0.0973597523611367,-0.501403098840574,0.0762565123949186,-0.212573293222828,0.00745049238039656,0.655517143912274,0.331483818146335,343.200256358974
144,-0.276294365811054,0.830140519657207,0.276923076923077,-0.14844424849133,0.964828131162156,0.408191941335413,-0.202344993450728,0.312732335554509,0.0551936710518903,0.0963953225409004,0.651284608808475,0.373839965674688,-0.185106693565735,0.347078283363338,0.0809857948988011,-0.421272652417792,0.129102589504997,-0.146085031456398,-0.453880830199945,0.124461541518309,-0.164709644340818,0.0597535777447122,0.70292970496619,0.381341641355451,343.300000076923
145,-0.276294365811054,0.830140519657207,0.276923076923077,-0.233006080636275,0.517506037732026,0.142249978547875,-0.208969142422154,0.216372883849602,0.00370187071372376,0.117569869742176,0.721282289925528,0.419426079833852,-0.183925139565626,0.341767068104626,0.0789209642694998,-0.485373383962078,0.0605716275424335,-0.212400878209822,-0.404907762088106,0.201235268892168,-0.101836246597969,0.110783984207565,0.741367271104961,0.426075627656263,343.399996782051
146,-0.276294365811054,0.830140519657207,0.276923076923077,-0.259690127294992,0.228034847833991,-0.0158276397305006,-0.199262252060811,0.222464024398868,0.0116008861690283,0.109678584505929,0.766926114518615,0.438302349512272,-0.20946561811441,0.21037421352972,0.000454297707655165,-0.441272770983468,0.140400724555339,-0.150436023214065,-0.333998070002537,0.30452532136244,-0.0147363743200485,0.155318552035324,0.759944413688991,0.457631482862158,343.500256410256
147,-0.276294365811054,0.830140519657207,0.276923076923077,-0.334676918558642,0.133460993763342,-0.10060796239765,-0.184569745639805,0.230158640501177,0.022794447430686,0.153476215049575,1.01695992388364,0.585218069466608,-0.166473286758441,0.368162827516044,0.100844770378801,-0.482770489503341,0.136825168012165,-0.172972660745588,-0.19932037992011,0.395211049750575,0.0979453349152323,0.0639922807258786,0.687867008166969,0.375929644446424,343.60025974359
148,-0.276294365811054,0.830140519657207,0.276923076923077,-0.321650426898306,0.0873539945107894,-0.117148216193758,-0.223960596176611,0.200701832462704,-0.0116293818569536,0.171432829207981,1.01823489687749,0.594833863042737,-0.204429393043208,0.418428867364564,0.106999737160678,-0.507657854151203,0.178752674922943,-0.16445258961413,-0.132280520682193,0.470116585994317,0.168918032656062,0.0195394674044678,0.654232663587514,0.336886065495991,343.700256358974
149,-0.276294365811054,0.830140519657207,0.276923076923077,-0.319493344681614,0.206818216629642,-0.056337564025986,-0.229115988630079,0.226444203613511,-0.00133589250828414,0.154067128215049,0.909845736401592,0.531956432308321,-0.169001983208735,0.537580567836409,0.184289292313837,-0.509506730598849,0.223980808656813,-0.142762960971018,-0.173045592941651,0.441025323762204,0.133989865410276,-0.0546547857189209,0.603226332721575,0.274285773501327,343.800000384615
150,-0.276294365811054,0.830140519657207,0.276923076923077,-0.346364927448213,0.231118486529671,-0.057623220459271,-0.23797840512917,0.218558692832834,-0.00970985614816803,0.0682685536586096,0.791750876980815,0.430009715319712,-0.251999805583513,0.545185578939313,0.1465928866779,-0.512514064798087,0.199235423122299,-0.156639320837894,-0.194336845119505,0.398827626922001,0.102245390901248,-0.0501452600690629,0.616721418798761,0.283288079364849,343.89999698718
151,-0.276294365811054,0.830140519657207,0.276923076923077,-0.285284256457263,0.321210350459069,0.0179630470009028,-0.189298369589984,0.298537269377917,0.0546194498939663,0.00566542562785053,0.776226922478155,0.390946174053003,-0.251687511496231,0.656225588723794,0.202269038613782,-0.489740196135889,0.167310912808313,-0.161214641663788,-0.276781380339149,0.325279559458601,0.0242490895597259,-0.056303301093603,0.637086519585132,0.290391609245764,344.000256564103
152,-0.276294365811054,0.830140519657207,0.276923076923077,-0.232884790300513,0.265203874916699,0.0161595423080929,-0.170200885158932,0.322610723203357,0.0762049190222126,-0.00325369246229245,0.859716245398679,0.428231276468193,-0.24104768465959,0.465947389302357,0.112449852321384,-0.482397921199471,0.109573101125115,-0.186412410037178,-0.288977294439839,0.299578680397972,0.00530069297906653,-0.020688408199112,0.6494172722628,0.314364432031844,344.10025974359
153,-0.276294365811054,0.830140519657207,0.276923076923077,-0.240261705263024,0.147155250203244,-0.0465532275298898,-0.169758994186434,0.371041599287208,0.100641302550387,-0.000481374494447177,0.933074871725132,0.466296748615342,-0.284730643906835,0.187981595047077,-0.0483745244298789,-0.474036170099013,0.0896304672686284,-0.192202851415192,-0.235908197245946,0.365978215145129,0.0650350089495914,0.0738920413592304,0.704577838969278,0.389234940164254,344.200256717949
154,-0.271177803481219,0.814767547070963,0.271794871794872,-0.268869254153146,0.078128453775139,-0.0953704001890037,-0.124602087620703,0.568418580045932,0.221908246212614,0.0627257010392139,0.899241629792206,0.48098366541571,-0.299254986324807,0.0886090063827542,-0.105322989971026,-0.415450744659768,0.155032397695285,-0.130209173482241,-0.217971205831495,0.415717683212223,0.0988732386903639,0.20863700797463,0.82261663296517,0.5156268204699,344.30000048718
155,-0.271177803481219,0.814767547070963,0.271794871794872,-0.261680054710511,0.0735562468432554,-0.0940619039336278,-0.147289240744853,0.5861501319021,0.219430445578623,0.0893770179631135,0.848058485225464,0.468717751594289,-0.311072881283385,-0.00122240067101798,-0.156147640977202,-0.332693342084151,0.244627380403831,-0.04403298084016,-0.209336973127014,0.433720425872668,0.112191726372827,0.291810214550161,0.929505762016183,0.610657988283172,344.399996987179
156,-0.276294365811054,0.830140519657207,0.276923076923077,-0.222557107617371,0.157279955855419,-0.0326385758809765,-0.171065571210752,0.490787015381212,0.15986072208523,-0.00884781099764211,0.657448741869456,0.324300465435907,-0.337474693455725,0.283813880259415,-0.0268304065981548,-0.223675549051724,0.377109746932287,0.0767170989402817,-0.237751774567375,0.417669536163111,0.0899588807978683,0.324700108183546,0.981758481802971,0.653229294993258,344.500256564103
157,-0.276294365811054,0.830140519657207,0.276923076923077,-0.257830225574284,0.208552744264435,-0.0246387406549248,-0.242229063528283,0.271162528157883,0.0144667323148,-0.0500475137482581,0.633471182154673,0.291711834203207,-0.317167319791946,0.369715048116079,0.0262738641620668,-0.148259526009121,0.467054075200523,0.159397274595701,-0.200577806997906,0.445681946369668,0.122552069685881,0.258414393778325,0.920819917458466,0.589617155618396,344.60025974359
158,-0.266061241151385,0.799394574484718,0.266666666666667,-0.31358145868825,0.171806419334505,-0.0708875196768724,-0.331987179713586,0.146583962555928,-0.0927016085788287,-0.0719985260785487,0.59726233631077,0.262631905116111,-0.234298925932337,0.532479608641281,0.149090341354472,-0.126299028997102,0.46759205727305,0.170646514137974,-0.126304462004211,0.491299967292363,0.182497752644076,0.209850489975044,0.885831599207942,0.547841044591493,344.700257282051
159,-0.276294365811054,0.830140519657207,0.276923076923077,-0.314973823795079,0.127077721937863,-0.0939480509286078,-0.35693497146189,0.108938869996724,-0.123998050732583,-0.0452563011119854,0.586322054966576,0.270532876927296,-0.211362413499977,0.437503095109111,0.113070340804567,-0.110047255772532,0.453047479624665,0.171500111926066,-0.100377207081554,0.434584182689447,0.167103487803946,0.157710634545251,0.866540611970701,0.512125623257976,344.800000538462
160,-0.271177803481219,0.814767547070963,0.271794871794872,-0.278770507711013,0.170004727747573,-0.05438288998172,-0.29472509128496,0.169794247664389,-0.0624654218102856,-0.0955709876606372,0.499523995286799,0.201976503813081,-0.223411221299666,0.480499559957845,0.128544169329089,-0.0892843448833151,0.459635567439638,0.185175611278162,-0.156000370154134,0.252732155251844,0.0483658925488549,0.0941909811099721,0.804965300345693,0.449578140727833,344.899996935897
161,-0.276294365811054,0.830140519657207,0.276923076923077,-0.219718007781595,0.276687625917858,0.0284848090681314,-0.2295490187553,0.297504115696467,0.0339775484705833,-0.163665482802185,0.402954001464034,0.119644259330924,-0.214980537854437,0.435825327066091,0.110422394605827,-0.0764338620938489,0.501229925863723,0.212398031884937,-0.259639381610614,0.12327181038847,-0.0681837856110717,0.0179472449158145,0.700373619919893,0.359160432417854,345.000256717949
162,-0.276294365811054,0.830140519657207,0.276923076923077,-0.231045523156915,0.318401156099923,0.043677816471504,-0.20230923602215,0.346438840043073,0.0720648020104615,-0.231607405524679,0.36301944817374,0.0657060213245301,-0.169857025934436,0.467589900222653,0.148866437144108,-0.123280875725655,0.432949230985949,0.154834177630147,-0.289799242084093,0.114316962346132,-0.0877411398689807,-0.045844972991766,0.605741425578675,0.279948226293454,345.100259897436
163,-0.276294365811054,0.830140519657207,0.276923076923077,-0.261887337836931,0.339734009761456,0.0389233359622626,-0.227235911852734,0.336460762767594,0.0546124254574298,-0.287858803893683,0.360383428315873,0.036262312211095,-0.132749254837853,0.4851614683106,0.176206106736373,-0.158923170397629,0.389066539989382,0.115071684795876,-0.300721547083615,0.176615117441006,-0.0620532148213046,-0.0671343005095519,0.580207432911441,0.256536566200945,345.200256564103
164,-0.276294365811054,0.830140519657207,0.276923076923077,-0.31108564638076,0.275679221915315,-0.0177032122327227,-0.236296336806039,0.329118436423505,0.0464110498087332,-0.307753286678013,0.311470533569096,0.00185862344554156,-0.073967558184524,0.979710439558925,0.452871440687201,-0.205470108118111,0.341169250800867,0.0678495713413782,-0.321096589615887,0.179222032036709,-0.0709372787895885,-0.0800315373238639,0.545889166182515,0.232928814429326,345.300000179487
165,-0.276294365811054,0.830140519657207,0.276923076923077,-0.322623586596827,0.198414667276197,-0.0621044596603147,-0.206673635138981,0.443845436597142,0.11858590072908,-0.304328084553064,0.252743533781382,-0.0257922753858412,-0.00440298975630688,0.719256345285921,0.357426677764807,-0.215037816463671,0.359489787167293,0.0722259853518112,-0.359312454305765,0.119510558623846,-0.119900947840959,-0.0456553777141557,0.556501231811606,0.255422927048725,345.399996782051
166,-0.276294365811054,0.830140519657207,0.276923076923077,-0.25859444259588,0.224065773810973,-0.0172643343924533,-0.18971097029828,0.49243758569559,0.151363307698655,-0.274387772127063,0.232818446040361,-0.020784663043351,-0.0523696169277433,0.670031116337091,0.308830749704674,-0.246767949288106,0.292846627316453,0.0230393390141735,-0.397915323988902,0.0659278122053597,-0.165993755891771,-0.0660661562905149,0.538351361119109,0.236142602414297,345.500256410256
167,-0.276294365811054,0.830140519657207,0.276923076923077,-0.276990701579342,0.478446163699572,0.100727731060115,-0.198953853334463,0.390459823938447,0.095752985301992,-0.301828572855087,0.195128753875814,-0.0533499094896367,-0.077255246358798,0.620563062745644,0.271653908193423,-0.284531896224101,0.226938403443008,-0.0287967463905466,-0.410740377534468,0.0627673692009295,-0.173986504166769,-0.0701970772764078,0.554710140076537,0.242256531400065,345.60025974359
168,-0.276294365811054,0.830140519657207,0.276923076923077,-0.226270765811524,0.836971734228087,0.305350484208282,-0.342573028023251,0.109497461753644,-0.116537783134803,-0.262320065876961,0.278191786788417,0.00793586045572808,-0.0838544932742399,0.413021350897319,0.164583428811539,-0.321376104900988,0.15298000272603,-0.0841980510874794,-0.360461747320537,0.102564590280291,-0.128948578520123,-0.004475002532177,0.596466159707153,0.295995578587488,345.700256564103
169,-0.271100941304871,0.835203505407435,0.282051282051282,-0.263686811456014,0.593501193659747,0.164907191101867,-0.423878498747809,-0.00694179909214126,-0.215410148919975,-0.228790263579392,0.331262858889285,0.051236297654946,-0.130148776057691,0.434031843047563,0.151941533494936,-0.369101579051432,0.0742917339923659,-0.147404922529533,-0.294865632267366,0.182572730991018,-0.0561464506381738,0.102121768063047,0.654332367066371,0.378227067564709,345.800000179487
170,-0.194727628348143,1.02549685911737,0.415384615384615,-0.307232093424605,0.336310640948585,0.0145392737619903,-0.477614517740706,-0.0387284705582184,-0.258171494149462,-0.24661402314144,0.263352201032325,0.00836908894544248,-0.151808940871649,0.587697950659715,0.217944504894033,-0.347009047324926,0.0947930288721966,-0.126108009226365,-0.246690265673279,0.22666485060046,-0.0100127075364097,0.145934841635334,0.698224765795065,0.4220798037152,345.89999698718
171,-0.21298892922408,1.26939918563434,0.528205128205128,-0.333289251840443,0.148165681842918,-0.0925617849987623,-0.484246122883097,-0.0508800987607693,-0.267563110821933,-0.272243026800354,0.208697693562756,-0.0317726666187989,-0.178542397666258,0.576471573695571,0.198964588014657,-0.306942313002438,0.154361991349929,-0.0762901608262544,-0.220477983364155,0.251396983297968,0.0154594999669065,0.107738881243039,0.685728529048061,0.39673370514555,346.000256564103
172,-0.193346635780276,1.33180817424181,0.569230769230769,-0.304629559954318,0.095280266078983,-0.104674646937668,-0.545505724931322,-0.196415992291457,-0.37096085861139,-0.288523436826926,0.153090767414621,-0.0677163347061525,-0.144100655402116,0.497565111224174,0.176732227911029,-0.279186916897275,0.202792997677096,-0.0381969596100897,-0.193008469961146,0.295444021859179,0.0512177759490167,0.125711062322401,0.687882964877249,0.406797013599825,346.10025974359
173,-0.176612880289324,1.54071544439189,0.682051282051282,-0.311104288892598,0.0764672536896029,-0.117318517601498,-0.56015872464807,-0.256294540568541,-0.408226632608306,-0.266655174051342,0.161347229204104,-0.0526539724236191,-0.154608952945916,0.311674248054029,0.0785326475540566,-0.274484633135551,0.225150717181975,-0.0246669579767876,-0.148950761298814,0.384549361801055,0.117799300251121,0.13340062611216,0.673171832083263,0.403286229097712,346.200256358974
174,-0.164765921377804,1.68271463932652,0.758974358974359,-0.311484470361864,0.13145517257755,-0.0900146488921571,-0.580108613643032,-0.233406897982378,-0.406757755812705,-0.243433069687536,0.142757645760259,-0.0503377119636381,-0.156957404023282,0.275643871250729,0.0593432336137238,-0.267315584143713,0.237075970045441,-0.0151198070491361,-0.115089093468364,0.428302189786149,0.156606548158893,0.129598737255171,0.632180983006282,0.380889860130726,346.300000179487
175,-0.16569264797486,1.71441059669281,0.774358974358974,-0.297659411903013,0.179811739879857,-0.0589238360115777,-0.600375045973982,-0.184545266864622,-0.392460156419302,-0.258087283135053,0.133399585733884,-0.0623438487005845,-0.195574314979079,0.158795270557523,-0.0183895222107779,-0.282810727917892,0.258593978727924,-0.0121083745949842,-0.0479113347472482,0.44812027526661,0.200104470259681,0.130709621490113,0.633208438342702,0.381959029916407,346.399996679487
176,-0.182194612192095,1.82322025321774,0.82051282051282,-0.235825492619032,0.254014590778879,0.00909454907992361,-0.603157393701128,-0.172654621349719,-0.387906007525424,-0.249436275680182,0.146339779492237,-0.0515482480939726,-0.219072631683394,0.0802950107761599,-0.0693888104536172,-0.376673557650489,0.206013390100455,-0.0853300837750169,0.0451476903767937,0.519556937611247,0.28235231399402,0.0742186159814725,0.584173820730981,0.329196218356227,346.500256410256
177,-0.185773918312311,1.84731237985077,0.830769230769231,-0.251813437497912,0.250204588037874,-0.000804424730018648,-0.569260143745891,-0.194390455451221,-0.381825299598556,-0.189154197223208,0.256190744314735,0.0335182735457637,-0.231076728984924,0.122557598604825,-0.0542595651900493,-0.425987923112565,0.139841109751422,-0.143073406680571,0.08939506920038,0.60890216082872,0.34914861501455,0.0782420995791487,0.571966138083692,0.32510411883142,346.60025974359
178,-0.185773918312311,1.84731237985077,0.830769230769231,-0.339881828699743,0.10779895186075,-0.116041438419497,-0.560790842067679,-0.196993982624428,-0.378892412346054,-0.123472239604931,0.331489793287747,0.104008776841408,-0.26602147175832,0.0806315363123867,-0.0926949677229667,-0.461542924732778,0.0628730400052103,-0.199334942363784,0.177951135466251,0.738571618987989,0.45826137722712,0.155708286657951,0.62425557740529,0.389981932031621,346.700256358974
179,-0.19328239659069,1.89584649915479,0.851282051282051,-0.428148291681433,0.0112165065348628,-0.208465892573285,-0.565105603072579,-0.20085502388395,-0.382980313478265,-0.0961364745688571,0.411721388629305,0.157792457030224,-0.300272127342692,0.00768286728573708,-0.146294630028477,-0.456992262031061,0.0544551874036802,-0.20126853731369,0.223067955046163,0.789701911563442,0.506384933304802,0.199551756723255,0.688580824248533,0.444066290485894,346.800000179487
180,-0.109005505961896,2.05772345467985,0.974358974358974,-0.442776317312143,-0.0794939193813452,-0.261135118346744,-0.610226145044574,-0.225432725881004,-0.417829435462789,-0.126104264731226,0.436636952004646,0.15526634363671,-0.338479588416646,-0.115471217294236,-0.226975402855441,-0.431012455577858,0.0901839991477076,-0.170414228215075,0.266978272799483,0.866760210020516,0.56686924141,0.197409360690694,0.700784644292986,0.44909700249184,346.899997038462
181,0.0151132568913484,2.66180982003173,1.33846153846154,-0.448913222930321,-0.0850031414046124,-0.266958182167467,-0.636334585489545,-0.2490728134995,-0.442703699494523,-0.166606808908924,0.358673193198399,0.0960331921447374,-0.387005988350363,-0.14295667502405,-0.264981331687207,-0.396970121343029,0.12387937335324,-0.136545373994894,0.272262080066431,0.919293960173191,0.595778020119811,0.141813111530107,0.633733390443395,0.387773250986751,347.000256564103
182,0.0043728282815957,3.72896050505174,1.86666666666667,-0.473821089302246,-0.141480610372567,-0.307650849837407,-0.609668354822258,-0.248547788093376,-0.429108071457817,-0.185675991992984,0.484476051677056,0.149400029842036,-0.371862515884485,-0.0607725546622941,-0.21631753527339,-0.375146327849713,0.14257670379534,-0.116284812027186,0.315240621333687,0.97037907273552,0.642809847034604,0.124613260881901,0.596024157395164,0.360318709138533,347.10025974359
183,-0.0688315272460762,5.03293409134864,2.48205128205128,-0.485342943656298,-0.184633281765608,-0.334988112710953,-0.587919898179498,-0.23939028246312,-0.413655090321309,-0.20963239317793,0.280664423523499,0.0355160151727844,-0.339377844434606,0.0358537830227856,-0.15176203070591,-0.342772656997435,0.181494576554449,-0.0806390402214931,0.320303243186404,0.939969765766655,0.630136504476529,0.16543629586837,0.640096461827733,0.402766378848051,347.200257076923
184,0.0712658423338981,6.66719569612764,3.36923076923077,-0.471784596083136,-0.123633607163638,-0.297709101623387,-0.560921469264767,-0.112679434177353,-0.33680045172106,-0.208025990032696,0.260792298105927,0.0263831540366155,-0.263588014839467,0.148781988745607,-0.0574030130469302,-0.336386188376247,0.196231123041116,-0.0700775326675656,0.310343660767704,0.890832663776945,0.600588162272325,0.143881965236963,0.677162929673568,0.410522447455265,347.300000076923
185,0.295977553852137,9.0373557794812,4.66666666666667,-0.455925625323045,-0.0774497843942082,-0.266687704858627,-0.601187756902634,-0.178293265502575,-0.389740511202605,-0.226239788122339,0.298555567450034,0.0361578896638474,-0.251736110275503,0.159667106166769,-0.0460345020543671,-0.290330387078149,0.255638914070725,-0.0173457365037125,0.277219578024352,0.86161334903264,0.569416463528496,0.132759528672642,0.673586992815029,0.403173260743835,347.399996987179
186,0.375468760811671,9.55273636739346,4.96410256410256,-0.412733763933171,-0.0534601918873029,-0.233096977910237,-0.622263149650775,-0.233494710104819,-0.427878929877797,-0.241687208049875,0.371529858696126,0.0649213253231253,-0.252147650073342,0.144951175370159,-0.0535982373515911,-0.269394378012286,0.275932760270381,0.00326919112904782,0.260121514897053,0.869485447224276,0.564803481060665,0.0833963969211529,0.605969237206756,0.344682817063955,347.500256410256
187,0.425243576651946,9.80039744898908,5.11282051282051,-0.440597556663484,-0.150833504665148,-0.295715530664316,-0.614308654377026,-0.218786198095458,-0.416547426236242,-0.281729095154499,0.38027550031925,0.0492732025823758,-0.238743633427804,0.189352718244953,-0.0246954575914254,-0.252762964330292,0.270181169296877,0.00870910248329298,0.262951906167222,0.854276559682497,0.558614232924859,0.0543885336221254,0.565412374605124,0.309900454113625,347.60025974359
188,0.491425040078314,9.93934419069092,5.21538461538462,-0.456394602150898,-0.178974520531409,-0.317684561341153,-0.594057614205152,-0.143326115556839,-0.368691864880995,-0.307341559509893,0.34354737176241,0.0181029061262583,-0.205475888864572,0.357065306393315,0.0757947087643714,-0.21973210338875,0.30457155871974,0.0424197276654952,0.240719394116274,0.810356530383817,0.525537962250046,0.0757697356378072,0.569036285254901,0.322403010446354,347.700263025641
189,0.521918282559181,8.79090223026133,4.65641025641026,-0.45525110320848,-0.134569190339286,-0.294910146773883,-0.532749676997102,-0.00690881527731735,-0.26982924613721,-0.313863390866265,0.232784041900245,-0.0405396744830097,-0.190336644912281,0.642031129597703,0.225847242342711,-0.2308980562369,0.30441529355225,0.0367586186576749,0.248386211408969,0.81012409558559,0.529255153497279,0.10670636294242,0.583439118002844,0.345072740472632,347.800000076923
190,0.370399072181983,8.2142163124334,4.29230769230769,-0.412063453491266,-0.0500771321748236,-0.231070292833045,-0.52108102829528,0.0775105987611719,-0.221785214767054,-0.325241950710585,0.17500084926138,-0.0751205507246027,-0.1610717296242,0.730304293145193,0.284616281760496,-0.251059484593929,0.301462450514718,0.0252014829603944,0.274419949227463,0.891424831055766,0.582922390141614,0.105214502944051,0.58500653640394,0.345110519673996,347.899996782051
191,0.144672952730808,7.94763473957688,4.04615384615385,-0.384981131031189,-0.0446315443282927,-0.214806337679741,-0.545571989512002,0.067904358626354,-0.238833815442824,-0.342465694746553,0.119169087470436,-0.111648303638058,-0.144266214985296,0.668516371026006,0.262125078020355,-0.273220399150876,0.298805727039336,0.0127926639442302,0.328939807363851,1.00512498256612,0.667032394964987,0.099896974916262,0.62053448666627,0.360215730791266,348.000256410256
192,0.172268491878875,8.0020904824801,4.08717948717949,-0.348850585408596,0.001501678227054,-0.173674453590771,-0.570562608348697,-0.0847072988727195,-0.327634953610708,-0.340667792233458,0.10926171410128,-0.115703039066089,-0.215147319502493,0.421486909153722,0.103169794825614,-0.255690254413448,0.329687498161419,0.0369986218739852,0.371106856667854,1.0498171986626,0.710462027665226,0.0955065647783251,0.668403677735638,0.381955121256981,348.100260102564
193,0.181851837030654,8.0745584193796,4.12820512820513,-0.39010137056016,-0.0427056971205351,-0.216403533840347,-0.56314119582549,-0.0998878188551603,-0.331514507340325,-0.359782382944299,0.0775765401470982,-0.1411029213986,-0.268940139881579,0.29025710437898,0.0106584822487003,-0.240025454687197,0.36673584975277,0.0633551975327869,0.349083571554752,1.00934489113541,0.679214231345082,0.12248102956204,0.710882556986022,0.41668179327403,348.200256358974
194,0.177516836964381,8.0994062399587,4.13846153846154,-0.386005753871629,-0.00823944173531915,-0.197122597803474,-0.526056172935721,-0.0907459917015626,-0.308401082318642,-0.399152439730277,0.0570418577243309,-0.171055291002973,-0.279300928230557,0.238653570848271,-0.0203236786911426,-0.22582648278463,0.357118081475351,0.0656457993453609,0.292638345709182,0.939354493143527,0.615996419426355,0.141192938132039,0.705289608485041,0.42324127330854,348.300000282051
195,0.142811715886238,8.10334213026761,4.12307692307692,-0.392734983901008,-0.0293658056186513,-0.211050394759829,-0.516912338056415,-0.108359155956064,-0.31263574700624,-0.399504195571519,0.0581958953154322,-0.170654150128043,-0.243730494055424,0.1968004556758,-0.0234650191898118,-0.18047373665229,0.361066139572378,0.0902962014600439,0.250299891081595,0.86950754139255,0.559903716237072,0.175456524848755,0.706621483262954,0.441039004055855,348.399996679487
196,0.0900316008267413,8.03304532225018,4.06153846153846,-0.387370293337709,-0.00242938747777792,-0.194899840407743,-0.56586137607673,-0.18314928260782,-0.374505329342275,-0.399948528778491,0.0398124110411857,-0.180068058868652,-0.237618765209946,0.118500151547721,-0.0595593068311126,-0.145621162227084,0.394695656973478,0.124537247373197,0.240257612075376,0.852747434100509,0.546502523087943,0.230303154072585,0.735815738338463,0.483059446205524,348.500256410256
197,0.0874097994761733,7.96387225180588,4.02564102564103,-0.409563932307881,0.0257538381150907,-0.191905047096395,-0.653195979497907,-0.241612740002834,-0.447404359750371,-0.398573945532133,0.0400972757401688,-0.179238334895982,-0.206858964832636,0.157054199704398,-0.0249023825641192,-0.156037250963735,0.379386485591633,0.111674617313949,0.271840968109235,0.885726135992835,0.578783552051035,0.246900909920302,0.747652012515738,0.49727646121802,348.60025974359
198,0.0100880179630594,7.28221967434463,3.64615384615385,-0.400042392043268,0.13529111938585,-0.132375636328709,-0.707174518949898,-0.228032247236693,-0.467603383093296,-0.425448230540905,0.0319402773176096,-0.196753976611648,-0.200639348036445,0.204107140193239,0.00173389607839708,-0.161913471454762,0.377962498882281,0.10802451371376,0.321014781573466,0.955760953723408,0.638387867648437,0.247699735246816,0.763812884439105,0.505756309842961,348.700256358974
199,-0.468995958431038,6.22284211227719,2.87692307692308,-0.403946536129662,0.193266866590365,-0.105339834769649,-0.654207555500194,-0.165152452913403,-0.409680004206798,-0.442529885569858,0.0987810760333467,-0.171874404768256,-0.218063536722181,0.231965534106729,0.00695099869227412,-0.130206155466666,0.441204478704246,0.15549916161879,0.339868034376069,0.944275938297151,0.64207198633661,0.223873691921503,0.7766126019858,0.500243146953651,348.800000282051
200,-0.549011226013883,6.11824199524465,2.78461538461538,-0.415547941111396,0.134544235003639,-0.140501853053879,-0.61508962716742,-0.13275312875836,-0.37392137796289,-0.480975857618198,0.168430611367479,-0.15627262312536,-0.270779530394486,0.127968100037739,-0.0714057151783735,-0.118030147305797,0.452685561245913,0.167327706970058,0.318165167194324,0.858397712894281,0.588281440044303,0.248252854525069,0.809026801998491,0.52863982826178,348.899996833333
201,-0.475769761722804,6.1680774540305,2.84615384615385,-0.407969063759842,-0.00290360903212932,-0.205436336395986,-0.604590177672303,-0.166310571334578,-0.38545037450344,-0.491921784715023,0.112960237523372,-0.189480773595826,-0.263614016081235,0.161764640468655,-0.0509246878062902,-0.107538450547791,0.43387139447161,0.163166471961909,0.259917318834884,0.79115309566873,0.525535207251807,0.26009814787158,0.796161064829327,0.528129606350453,349.000256410256
202,-0.447647799593798,6.17072472267072,2.86153846153846,-0.403359678180273,-0.0401368864949028,-0.221748282337588,-0.634286087831958,-0.251856356577759,-0.443071222204859,-0.443918371461377,0.0430046982311953,-0.200456836615091,-0.244123742787811,0.188520557392671,-0.02780159269757,-0.148085512511745,0.333557603894411,0.0927360456913333,0.243657908246389,0.765511347760264,0.504584628003326,0.270814341852258,0.784268321432137,0.527541331642197,349.100259897436
203,-0.447814129549772,6.16063464237029,2.85641025641026,-0.374362532623963,0.0109794653828586,-0.181691533620552,-0.680466070472906,-0.342610276573682,-0.511538173523294,-0.424796942353803,-0.0128121160575476,-0.218804529205675,-0.190487454729759,0.341871927582706,0.0756922364264736,-0.139685671348472,0.345281133682666,0.102797731167097,0.216470245888903,0.753724004991565,0.485097125440234,0.284545009376453,0.777346616857431,0.530945813116942,349.200256564103
204,-0.462781258996646,6.17560177181716,2.85641025641026,-0.348478452781415,0.0155511600379795,-0.166463646371718,-0.699422126175181,-0.393952361240673,-0.546687243707927,-0.412482602477219,0.0136567618805271,-0.199412920298346,-0.141790129861981,0.42746576684312,0.14283781849057,-0.183615982763911,0.319066577935615,0.067725297585852,0.208732284197954,0.75012276673972,0.479427525468837,0.268887863387742,0.750348609142527,0.509618236265134,349.300000179487
205,-0.456815492910457,6.17989241598738,2.86153846153846,-0.360323627372097,0.00657757103493962,-0.176873028168579,-0.691018483422036,-0.415533437711856,-0.553275960566946,-0.415354041798316,0.0333775588175351,-0.19098824149039,-0.123351042215846,0.446071736520746,0.16136034715245,-0.189958538918386,0.362907645264435,0.0864745531730246,0.167982387426922,0.720907842611759,0.44444511501934,0.228547429478331,0.713463617618593,0.471005523548462,349.399996935897
206,-0.397621319136484,6.0181341396493,2.81025641025641,-0.368104548916054,-0.00232672098270596,-0.18521563494938,-0.699071484115511,-0.425518808477103,-0.562295146296307,-0.434844971871083,0.0189556713959205,-0.207944650237581,-0.120638811646487,0.401242282203091,0.140301735278302,-0.195001910559315,0.400219744334728,0.102608916887706,0.193689462717024,0.762536517871582,0.478112990294303,0.182057933916129,0.654458421325195,0.418258177620662,349.500256410256
207,-0.16881008764983,5.11239983123957,2.47179487179487,-0.379094065031602,0.0139842795633468,-0.182554892734127,-0.699890429736827,-0.395201226044424,-0.547545827890626,-0.432639132896761,0.00463463320830159,-0.21400224984423,-0.13378650012616,0.302932646016954,0.0845730729453969,-0.177532273095723,0.456915704021696,0.139691715462987,0.16658039656672,0.743574150995392,0.455077273781056,0.20500134925081,0.657100762261094,0.431051055755952,349.600259897436
208,-0.0509997111702426,4.47151253168306,2.21025641025641,-0.365098995920369,0.0994891898328775,-0.132804903043746,-0.712750128975605,-0.350355623076235,-0.53155287602592,-0.43632700843731,-0.0104277122617735,-0.223377360349542,-0.154002363950252,0.321826381051515,0.0839120085506316,-0.170429175305047,0.465310638191259,0.147440731443106,0.209059029547581,0.801314878541247,0.505186954044414,0.23936180640795,0.687859641548919,0.463610723978435,349.700256769231
209,-0.0320728701423399,3.70386774193721,1.83589743589744,-0.389810675594871,0.104753145056211,-0.14252876526933,-0.725422141484974,-0.317254479758539,-0.521338310621757,-0.42934217726787,0.0116303541843638,-0.208855911541753,-0.192027184717329,0.259269072076107,0.0336209436793889,-0.199844052691988,0.476747487130382,0.138451717219197,0.279614722416659,0.893170707236738,0.586392714826699,0.297090216885809,0.756099146328388,0.526594681607099,349.800000076923
210,-0.0623161847183853,3.34436746676967,1.64102564102564,-0.395576483424704,0.0568524391429684,-0.169362022140868,-0.746377152520462,-0.338477212596195,-0.542427182558328,-0.392475774827385,0.057652777231095,-0.167411498798145,-0.246178852159317,0.116293540989356,-0.0649426555849806,-0.228457941601497,0.414168573895026,0.0928553161467649,0.377273158752637,1.02877797830128,0.703025568526958,0.285135955199176,0.753445377791704,0.51929066649544,349.8999975
211,-0.0121288251155984,2.77110318408996,1.37948717948718,-0.40330611410453,-0.0599025709915799,-0.231604342548055,-0.77479302554848,-0.398288615601511,-0.586540820574995,-0.350604500606921,0.082410016083442,-0.134097242261739,-0.25467807699498,0.0537517237731321,-0.100463176610924,-0.277766372480769,0.318123499634142,0.0201785635766867,0.377554704031194,1.06132103230993,0.71943786817056,0.27477408390165,0.738334821004338,0.506554452452994,350.000257025641
212,-0.00608887360398789,2.33429400180912,1.16410256410256,-0.382266167108352,-0.00356913153432093,-0.192917649321336,-0.794528170796854,-0.457718868190568,-0.626123519493711,-0.337146053515525,0.0733832166212546,-0.131881418447135,-0.251822804846987,0.179305089962054,-0.0362588574424666,-0.349945634561887,0.200982142160348,-0.0744817462007695,0.366577833785366,1.04072853078468,0.703653182285023,0.230746186529529,0.711881362405536,0.471313774467533,350.100259948718
213,-0.103423908153903,2.13419313892313,1.01538461538462,-0.384072214794097,-0.00474147997792287,-0.19440684738601,-0.804543310488914,-0.480042198078829,-0.642292754283872,-0.342143341575059,0.0461457019612397,-0.147998819806909,-0.235984210008736,0.353008805305422,0.0585122976483429,-0.376000688519273,0.170151740587603,-0.102924473965835,0.295151646963236,0.921346096498499,0.608248871730867,0.212154118877738,0.704429818383562,0.45829196863065,350.200256769231
214,-0.15684507656542,2.05428097400132,0.948717948717949,-0.389067620982071,0.00130659256535811,-0.193880514208356,-0.819282264356862,-0.497162504432953,-0.658222384394907,-0.324266618307943,0.0534694535967049,-0.135398582355619,-0.23925451038822,0.411701613772281,0.086223551692031,-0.35956747475983,0.177633714911535,-0.0909668799241476,0.270762449934639,0.862387823620535,0.566575136777587,0.205445102605444,0.708980114778225,0.457212608691835,350.300000076923
215,-0.147219604233875,1.94209139910567,0.897435897435897,-0.397700008415513,-0.0568248041741482,-0.227262406294831,-0.814223834853238,-0.477177637883867,-0.645700736368552,-0.305308070382381,0.0837146260017944,-0.110796722190293,-0.228455538021416,0.308613546384806,0.0400790041816947,-0.27325303848456,0.285936676532118,0.00634181902377914,0.240614731435163,0.815361594086893,0.527988162761028,0.244892297961941,0.75420686953017,0.499549583746056,350.399996679487
216,-0.143880016122998,1.82593129817428,0.841025641025641,-0.417648918752773,-0.077506451685925,-0.247577685219349,-0.748949317605611,-0.426523628724022,-0.587736473164816,-0.317157122058178,0.22020580368368,-0.0484756591872492,-0.149674709668267,0.393763267795031,0.122044279063382,-0.152908197414255,0.413024943466717,0.130058373026231,0.209120354561465,0.775239934020389,0.492180144290927,0.209966519511758,0.768923101471027,0.489444810491392,350.500256564103
217,-0.148305268990703,1.68676680745224,0.769230769230769,-0.420803146690708,-0.116655401630664,-0.268729274160686,-0.690602295826814,-0.358448683007316,-0.524525489417065,-0.343205329324272,0.261685141433723,-0.0407600939452747,-0.179167826076886,0.315819915939889,0.0683260449315016,-0.120657818291738,0.452335938660063,0.165839060184162,0.124599234947406,0.703448313296544,0.414023774121975,0.185273343065447,0.722377817236628,0.453825580151037,350.60025974359
218,-0.145608712062894,1.63278819924238,0.743589743589744,-0.421145993626762,-0.120488273541877,-0.270817133584319,-0.670189761620599,-0.317142451806605,-0.493666106713602,-0.328651878315517,0.281453557316809,-0.0235991604993539,-0.188180402036196,0.189993248584386,0.000906423274094687,-0.125985733202847,0.451775431753951,0.162894849275552,0.045838286827456,0.646536850660329,0.346187568743892,0.148163093784137,0.667295668440816,0.407729381112476,350.700256769231
219,-0.12393686911546,1.64188558706418,0.758974358974359,-0.412183897372413,-0.0819940384861337,-0.247088967929273,-0.688669405177743,-0.322171014969492,-0.505420210073618,-0.305768056856537,0.291727412060791,-0.00702032239787308,-0.239736090388339,0.108071379602559,-0.0658323553928899,-0.201559971965171,0.394781935521266,0.0966109817780479,0.0311067858189561,0.625964689633559,0.328535737726258,0.147944325110271,0.660244822749171,0.404094573929721,350.800000692308
220,-0.191251376078608,1.60663599146322,0.707692307692308,-0.396547737883726,-0.0310631449397406,-0.213805441411733,-0.715012609875793,-0.306074627769766,-0.51054361882278,-0.269000492512206,0.259952997367455,-0.00452374757237524,-0.242150805888823,0.200055658666603,-0.0210475736111098,-0.251664244869484,0.344878061080249,0.0466069081053822,0.0708816824110057,0.673744819696402,0.372313251053704,0.135357896972547,0.651469431984642,0.393413664478595,350.899997448718
221,-0.191143503847685,1.66806658077076,0.738461538461539,-0.362539033126913,0.00110962842401979,-0.180714702351447,-0.711355277122222,-0.259919250982798,-0.48563726405251,-0.244590598692389,0.257075918533993,0.00624265992080188,-0.283161287092914,0.345665305799191,0.0312520093531386,-0.260402351909892,0.312155936871052,0.0258767924805804,0.0962240116144706,0.708252324527675,0.402238168071073,0.0988368450600305,0.620683563007714,0.359760204033873,351.000256410256
222,-0.222059874987298,1.77077782370525,0.774358974358974,-0.423509400729082,0.693235008903706,0.134862804087312,-0.682788418602835,-0.258377867281896,-0.470583142942366,-0.241671742452489,0.292747368990794,0.0255378132691526,-0.259813068221335,0.589456150490391,0.164821541134528,-0.21560644316894,0.317863224940507,0.0511283908857833,0.0974290364428387,0.69517645653153,0.396302746487184,0.0429705373821281,0.586779171294046,0.314874854338087,351.100259897436
223,-0.285618180369894,1.73177202652374,0.723076923076923,-0.367343188641871,0.592003386139893,0.112330098749011,-0.655522710559556,-0.168507514157091,-0.412015112358324,-0.32548374847541,0.266693797641284,-0.0293949754170634,-0.181909808409461,0.505892274848025,0.161991233219282,-0.163191703601769,0.343384351531737,0.0900963239649843,0.060365460090487,0.669608270554966,0.364986865322726,0.0476689084581349,0.583921714732673,0.315795311595404,351.200256717949
224,-0.306834019592562,1.83503914779769,0.764102564102564,-0.333116686549652,0.383650250966743,0.0252667822085453,-0.624881011824011,-0.0633300070604709,-0.344105509442241,-0.388358011987048,0.141533077821026,-0.123412467083011,-0.171499612605303,0.44378736274329,0.136143875068994,-0.142458990803099,0.366984447531794,0.112262728364348,0.00841902716983959,0.617464345992807,0.312941686581323,0.107328568031464,0.609068161778218,0.358198364904841,351.300000179487
225,-0.319761729403286,1.90950531914688,0.794871794871795,-0.357032497578943,0.198423599949136,-0.0793044488149036,-0.61175083046147,0.0482097995175367,-0.281770515471967,-0.409511391887652,0.00662724512419578,-0.201442073381728,-0.259765413469187,0.326449338340761,0.0333419624357869,-0.114793975310261,0.423307872006352,0.154256948348046,-0.0500353746581403,0.565381488196614,0.257673056769237,0.111104588090353,0.610559896411966,0.360832242251159,351.399997294872
226,-0.339474782640072,2.01126965443494,0.835897435897436,-0.38135197857019,0.0708661271600999,-0.155242925705045,-0.629108766217745,-0.014770975772323,-0.321939870995034,-0.439728738957656,-0.0410214881489652,-0.24037511355331,-0.262591065731656,0.28370524210275,0.0105570881855469,-0.0653509315397005,0.481817469052543,0.208233268756421,-0.0901485211334194,0.502822411490896,0.206336945178738,0.0750582391370687,0.583000579340176,0.329029409238622,351.500256717949
227,-0.340743765711487,2.01253863750636,0.835897435897436,-0.372218705201299,0.12639460318663,-0.122912051007334,-0.646836762264704,-0.202804949439658,-0.424820855852181,-0.398680147149578,0.0162584504514562,-0.191210848349061,-0.250373982977317,0.178908586523249,-0.0357326982270341,0.00588899340535401,0.547941389053008,0.276915191229181,-0.0970851914006628,0.4485173749001,0.175716091749719,0.0152530922739077,0.472113528249274,0.243683310261591,351.600260102564
228,-0.316438177934017,1.86515612665197,0.774358974358974,-0.354218529195763,0.0995084855874898,-0.127355021804136,-0.66273510262083,-0.335260929193239,-0.498998015907035,-0.33385098406763,0.147090601065596,-0.0933801915010168,-0.203724193359497,0.204313748016137,0.000294777328320386,0.0611856429319522,0.580691232056073,0.320938437494013,-0.106062485625616,0.420614873898909,0.157276194136647,-0.0361474690010428,0.369626608805625,0.166739569902291,351.700256717949
229,-0.295801427443941,1.72144245308497,0.712820512820513,-0.388541108992556,0.0791265444390543,-0.154707282276751,-0.703671711196334,-0.294299418531156,-0.498985564863745,-0.269736602029631,0.259297901128045,-0.00521935045079308,-0.185923508529935,0.32046003567842,0.0672682635742426,0.0622473589531384,0.593993423625816,0.328120391289477,-0.0744192848869455,0.463750255680518,0.194665485396786,-0.0671562365866781,0.321810663637951,0.127327213525636,351.80000048718
230,-0.285913931353768,1.52693957237941,0.620512820512821,-0.416705619462907,0.030666500270643,-0.193019559596132,-0.726696276908888,-0.250881031546884,-0.488788654227886,-0.232636831157212,0.315955822290368,0.041659495566578,-0.139400241213005,0.52574523849996,0.193172498643478,-0.0147574844790605,0.533833235653084,0.259537875587012,0.00666153034799745,0.569990168677613,0.288325849512805,-0.0871561563031131,0.339901074932262,0.126372459314574,351.899997192308
231,-0.368492010162429,1.16849201016243,0.4,-0.42533105227558,-0.0308272663076216,-0.228079159291601,-0.765146797619886,-0.28426988703768,-0.524708342328783,-0.233752986796421,0.30056165110986,0.0334043321567198,-0.187647462332461,0.566990638560906,0.189671588114223,-0.0782191002642266,0.491305116068022,0.206543007901898,0.0879624872753838,0.695794758439003,0.391878622857193,-0.145188505764772,0.33889850030606,0.0968549972706436,352.000256410256
232,-0.383742174737574,1.15297294396834,0.384615384615385,-0.351919443126738,-0.020159276202988,-0.186039359664863,-0.706814726422877,-0.223633419346721,-0.465224072884799,-0.18523538926677,0.418622996405282,0.116693803569256,-0.183712140268147,0.56053263602757,0.188410247879711,-0.134891633701178,0.438261339576666,0.151684852937744,0.0540456542808108,0.690668382439976,0.372357018360393,-0.238343542686022,0.249290242234436,0.0054733497742072,352.100259897436
233,-0.330077453008035,1.22238514531573,0.446153846153846,-0.337924902982264,-0.0190371030313629,-0.178481003006813,-0.673030082173295,-0.121282236160788,-0.397156159167041,-0.196237389673553,0.469821667063366,0.136792138694906,-0.188258600247269,0.468567044726208,0.140154222239469,-0.102431584853759,0.470632228170132,0.184100321658186,0.00631712585791668,0.620625745571241,0.313471435714579,-0.30217746298326,0.178889967845963,-0.0616437475686482,352.200256358974
234,-0.280750745283392,1.3884430529757,0.553846153846154,-0.293103502974239,0.0207567658439978,-0.13617336856512,-0.622735879986376,0.00319641764826687,-0.309769731169055,-0.208774141674005,0.435565830112541,0.113395844219268,-0.213180175567214,0.532728911611294,0.15977436802204,-0.0481811246065341,0.523121265002046,0.237470070197756,-0.0742678230310348,0.532937347552647,0.229334762260806,-0.271631999871628,0.192304300796004,-0.0396638495378118,352.30000048718
235,-0.27474732620176,1.47474732620176,0.6,-0.27939312408969,0.0344095730096649,-0.122491775540013,-0.557034800300619,0.0366501304550609,-0.260192334922779,-0.245967218692001,0.333562334581692,0.0437975579448452,-0.166388093288869,0.553189939211313,0.193400922961222,0.0013094674253277,0.533306261407261,0.267307864416295,-0.111578679802815,0.499722966550304,0.194072143373744,-0.230765321284204,0.229362538726313,-0.000701391278945572,352.399996679487
236,-0.26773461784384,1.49850384861307,0.615384615384615,-0.262111575762781,0.0872547874442674,-0.087428394159257,-0.502787880134428,0.042875661107161,-0.229956109513633,-0.258078294502538,0.311092979526702,0.0265073425120821,-0.152932756478898,0.420081225531324,0.133574234526213,-0.0232257896295099,0.488511846620134,0.232643028495312,-0.144094168562421,0.467925100722311,0.161915466079945,-0.189518534164961,0.241978008540026,0.0262297371875325,352.500256410256
237,-0.245210779485811,1.41444154871658,0.584615384615385,-0.281812089510512,0.114462645020873,-0.0836747222448192,-0.431905089185447,0.0597691723370961,-0.186067958424176,-0.277928983618261,0.268951138687049,-0.00448892246560614,-0.172299250113715,0.141780831007832,-0.0152592095529415,-0.0847257700115413,0.405978777873265,0.160626503930862,-0.146224241348017,0.46406107965178,0.158918419151882,-0.173116645783441,0.241431930768794,0.0341576424926765,352.60025974359
238,-0.248206213949793,1.47897544471902,0.615384615384615,-0.29622379677915,0.121496182404484,-0.0873638071873329,-0.35311148676397,0.15390684697998,-0.0996023198919949,-0.249010221507248,0.221791211329447,-0.0136095050889005,-0.210040075167281,0.0491867197346217,-0.0804266777163296,-0.114119053295089,0.376376216344634,0.131128581524773,-0.216405974886877,0.329641180576706,0.0566176028449141,-0.1965987727399,0.217487173902686,0.0104442005813929,352.700256564103
239,-0.253543228070433,1.51508168960889,0.630769230769231,-0.298505735947803,0.0580510730337459,-0.120227331457028,-0.302704804630664,0.210323435388768,-0.0461906846209483,-0.259725549012455,0.16995477270964,-0.0448853881514078,-0.192207672195363,0.245846357792599,0.0268193427986181,-0.0783758141410275,0.404950378609477,0.163287282234225,-0.311986563900135,0.232284409721368,-0.0398510770893833,-0.227596041749858,0.167585564602051,-0.0300052385739033,352.800000076923
240,-0.257419875979954,1.53947115803124,0.641025641025641,-0.288733997062354,0.0456019869106773,-0.121566005075838,-0.314872577734456,0.217419270030768,-0.0487266538518441,-0.299138963994806,0.143628838642997,-0.0777550626759046,-0.187556246757538,0.385638243996602,0.0990409986195322,-0.034302127233673,0.45114991490671,0.208423893836518,-0.368173033773657,0.18383373378272,-0.0921696499954687,-0.247636946234765,0.145390371510767,-0.0511232873619992,352.899996884615
241,-0.26814204989404,1.60147538322737,0.666666666666667,-0.259939095769908,0.173021795578816,-0.0434586500955461,-0.366836686589027,0.221524892944381,-0.0726558968223231,-0.306700487039936,0.104476175340789,-0.101112155849573,-0.20546223344772,0.334963080355396,0.0647504234538381,0.0137209553250202,0.48996057390435,0.251840764614685,-0.358803190290465,0.228002778689404,-0.0654002058005303,-0.248891792186639,0.146493152763424,-0.0511993197116078,353.000256717949
242,-0.265885345364679,1.5889622684416,0.661538461538462,-0.213750667939476,0.247755035638092,0.0170021838493078,-0.40778651773364,0.234028956399371,-0.0868787806671345,-0.272788562380653,0.0917653329015152,-0.0905116147395687,-0.25624242741248,0.0971618588386094,-0.0795402842869352,-0.024937032607107,0.443743992151434,0.209403479772164,-0.305486645205736,0.333237005828373,0.0138751803113187,-0.243091917506758,0.151047461039443,-0.0460222282336574,353.100259948718
243,-0.253543228070433,1.51508168960889,0.630769230769231,-0.158315083116084,0.4115980955909,0.126641506237408,-0.440332855322508,0.198566392086556,-0.120883231617976,-0.199940664795254,0.151818086716302,-0.0240612890394759,-0.285738682753434,-0.0406851142824342,-0.163211898517934,-0.0911765060119168,0.362605565052853,0.135714529520468,-0.254140471454481,0.375824232775197,0.0608418806603581,-0.267527912656441,0.113977740564844,-0.0767750860457984,353.200256769231
244,-0.1723032017182,1.73127756069256,0.77948717948718,-0.153921995163033,0.406719625969971,0.126398815403469,-0.451923135406311,0.0693226723743613,-0.191300231515975,-0.156658735389328,0.206503041920608,0.0249221532656405,-0.307164324701464,-0.0748246469414269,-0.190994485821445,-0.204825351093433,0.224993054466725,0.0100838516866462,-0.200835397055059,0.407096655401454,0.103130629173197,-0.26507061154295,0.119071229055183,-0.0729996912438835,353.300000179487
245,-0.22176229230567,2.66278793333131,1.22051282051282,-0.10125627843106,0.327121376068682,0.112932548818811,-0.460914845799446,-0.0233178436964837,-0.242116344747965,-0.145129771396588,0.242853602368452,0.0488619154859316,-0.329049006281673,-0.102315045329231,-0.215682025805452,-0.283177562238637,0.131545230288496,-0.0758161659750708,-0.15456490159122,0.380610055472256,0.113022576940518,-0.237663306720973,0.139289560245173,-0.0491868732379003,353.399996833333
246,-0.450901332702341,3.54833723013824,1.54871794871795,-0.165660251693788,0.134151462324641,-0.0157543946845735,-0.460659596570827,-0.0456554388123368,-0.253157517691582,-0.15032179208428,0.303825552822414,0.0767518803690668,-0.333322151539099,-0.140505524588334,-0.236913838063717,-0.335452804814099,0.0723831889250202,-0.131534807944539,-0.157572620391177,0.406504761103698,0.12446607035626,-0.215908532084097,0.182539046366042,-0.0166847428590275,353.500256410256
247,-0.679031308341063,4.27903130834106,1.8,-0.208137140417647,0.0934812882359875,-0.05732792609083,-0.461653877371418,-0.0747485775077169,-0.268201227439568,-0.13849126076481,0.345136108344106,0.103322423789648,-0.305304662382778,-0.0932100778922013,-0.19925737013749,-0.349017824810311,0.0732862768378359,-0.137865773986238,-0.192071461822126,0.351079401050254,0.0795039696140638,-0.233165710587165,0.168066042378775,-0.0325498341041952,353.60025974359
248,-0.855844952865697,4.80456290158365,1.97435897435897,-0.226682077780516,0.149622680431705,-0.0385296986744051,-0.456377871450614,-0.0556696484679307,-0.256023759959272,-0.141174053056853,0.388480020218346,0.123652983580746,-0.302813588318653,0.0126676961346675,-0.145072946091993,-0.37621472787772,0.0276635788656866,-0.174275574506017,-0.196229877823753,0.302290744895298,0.0530304335357728,-0.238997173486507,0.161452366640071,-0.0387724034232178,353.700256358974
249,-0.935016616727254,5.05809353980418,2.06153846153846,-0.219803328007051,0.265492791807053,0.022844731900001,-0.46053841456296,-0.0507904541418553,-0.255664434352408,-0.156386705483032,0.374441638380934,0.109027466448951,-0.319693115076351,0.0375830612910294,-0.141055026892661,-0.331658454773426,0.0582792125735591,-0.136689621099934,-0.196334228510174,0.304043235176296,0.053854503333061,-0.238492639205717,0.148279555905626,-0.0451065416500454,353.800000282051
250,-0.944424237889519,5.08801398147926,2.07179487179487,-0.201953939539987,0.259330112404567,0.0286880864322898,-0.460524578569151,-0.0527836744486258,-0.256654126508889,-0.193761141626294,0.315637168623062,0.0609380134983838,-0.336248906972671,-0.000144874449213306,-0.168196890710942,-0.24837488924114,0.146828229611341,-0.0507733298148999,-0.195959826559335,0.318669576823513,0.0613548751320892,-0.202555541546078,0.176766442092598,-0.0128945497267401,353.899997089744
251,-0.89375492120051,4.82196004940564,1.96410256410256,-0.214016328214452,0.260763111198936,0.0233733914922419,-0.459490616541246,-0.0700408781919215,-0.264765747366584,-0.245955341826362,0.234203115801777,-0.00587611301229242,-0.324657426100715,-0.0270181565896703,-0.175837791345193,-0.151701224661964,0.258515960537724,0.05340736793788,-0.226081145114812,0.285452954667736,0.0296859047764623,-0.209421645955273,0.162190505953482,-0.0236155700008958,354.000256717949
252,-0.777652979001178,4.44944785079605,1.83589743589744,-0.283196831824321,0.154187940401643,-0.0645044457113386,-0.438616370760469,-0.0810770254653432,-0.259846698112906,-0.284636647594811,0.128559269839778,-0.0780386888775164,-0.280462305108363,-0.00223176203374859,-0.141347033571056,-0.0980943829471346,0.323861875185559,0.112883746119212,-0.268357984291772,0.205305881133679,-0.0315260515790468,-0.25144504846059,0.126564489786725,-0.0624402793369324,354.10025974359
253,-0.701636909914701,4.16830357658137,1.73333333333333,-0.28769691787757,0.125065625924485,-0.0813156459765425,-0.419424768903437,-0.0449627211440925,-0.232193745023765,-0.281790648713638,0.0783921726489217,-0.101699238032358,-0.265265825729406,-0.000708705477431276,-0.132987265603419,-0.119284415782281,0.322813112719142,0.10176434846843,-0.253491912951167,0.196061214050956,-0.0287153494501056,-0.319156552431404,0.0639696728218784,-0.127593439804763,354.200256512821
254,-0.694051710510017,4.16071837717668,1.73333333333333,-0.259709577866639,0.0961274727998782,-0.0817910525333805,-0.425862355742467,0.0406123009495039,-0.192625027396482,-0.312280593660359,0.193568450799998,-0.0593560714301802,-0.273171433355353,-0.0199625757722423,-0.146567004563798,-0.14829929860697,0.312434942146849,0.0820678217699395,-0.272812238112704,0.183807111668622,-0.0445025632220413,-0.346523735889011,0.0465016739439475,-0.150011030972532,354.300000589744
255,-0.718397151364154,4.20557663854364,1.74358974358974,-0.247146521492089,0.189573219570661,-0.0287866509607136,-0.431590056296295,0.0236297963458318,-0.203980129975231,-0.303582141368053,0.244294023705586,-0.0296440588312336,-0.293048336453779,-0.0651445266344454,-0.179096431544112,-0.126789078229095,0.339530176302986,0.106370549036945,-0.272259601610905,0.193362719905408,-0.0394484408527485,-0.356308583516548,0.0608162243875677,-0.14774617956449,354.399996833333
256,-0.773056121012312,4.43459458255077,1.83076923076923,-0.266880129031831,0.207833458814791,-0.02952333510852,-0.43330943672527,-0.0467037293678699,-0.24000658304657,-0.241404399159954,0.29103418797763,0.024814894408838,-0.273290726607194,-0.0371020174272216,-0.155196372017208,-0.104366791190563,0.376053197420158,0.135843203114798,-0.267907339730287,0.174173493079454,-0.0468669233254166,-0.357429335917646,0.0712371511497469,-0.143096092383949,354.500256410256
257,-0.796079538286016,4.50890005110653,1.85641025641026,-0.27015257395856,0.180720977833297,-0.0447157980626318,-0.453251206040264,-0.0579330195562631,-0.255592112798263,-0.189425527403134,0.242312776987348,0.0264436247921068,-0.283456925566699,-0.0443202713051111,-0.163888598435905,-0.0818665002196359,0.417516633000263,0.167825066390314,-0.249077669819125,0.158805612596161,-0.0451360286114822,-0.348686038107209,0.0943608361545226,-0.127162600976343,354.60025974359
258,-0.803904430537542,4.51672494335806,1.85641025641026,-0.260003755806445,0.114737027338344,-0.0726333642340504,-0.45452446600054,-0.0198355039369329,-0.237179984968737,-0.164736367602076,0.222905259986609,0.0290844461922669,-0.298341523929958,-0.0616246546694526,-0.179983089299705,-0.124202516115448,0.381268684844442,0.128533084364497,-0.264703416790107,0.100124847971881,-0.0822892844091131,-0.329229798487925,0.136059411543938,-0.0965851934719933,354.700256358974
259,-0.804470688116729,4.46600914965519,1.83076923076923,-0.301050453118595,0.0750326135227666,-0.113008919797914,-0.425187929584368,0.0208093336728035,-0.202189297955782,-0.163095666717043,0.221103891165038,0.0290041122239975,-0.296286786266622,-0.0381106602858726,-0.167198723276247,-0.116297558341796,0.331731823585495,0.10771713262185,-0.294441496512529,0.0487736095347659,-0.122833943488882,-0.30535655837977,0.161230685407752,-0.0720629364860089,354.800021615385
260,-0.809968044589986,4.43048086510281,1.81025641025641,-0.304530177271741,0.092349310220989,-0.106090433525376,-0.39172782853513,0.0773176222265021,-0.157205103154314,-0.222276628382529,0.170403533658834,-0.0259365473618476,-0.271681474420063,0.00132396338668108,-0.135178755516691,-0.143099910643885,0.288294118177854,0.0725971037669848,-0.284940261557242,0.0976861085935557,-0.0936270764818431,-0.298366878237072,0.193038088174219,-0.0526643950314268,354.899996679487
261,-0.816920269178675,4.41692026917868,1.8,-0.286825791312667,0.187939748599647,-0.0494430213565097,-0.363360080207299,0.105925847963344,-0.128717116121977,-0.210228970010773,0.203114336204475,-0.00355731690314882,-0.217983590938903,0.087639397670562,-0.0651720966341703,-0.158491976381644,0.268692313547027,0.0551001685826917,-0.252024664952423,0.154698058381633,-0.0486633032853948,-0.347360757079505,0.181177112766576,-0.0830918221564645,355.000256410256
262,-0.802919249310585,4.37215001854135,1.78461538461538,-0.223482492620853,0.224733558499326,0.000625532939236578,-0.360833776933168,0.177108844822703,-0.0918624660552328,-0.175782981592492,0.293213854144223,0.0587154362758653,-0.262304936862697,0.378927407825169,0.058311235481236,-0.174070579719577,0.266110820940184,0.0460201206103038,-0.287946135520592,0.116124571108188,-0.0859107822062017,-0.414599599970397,0.137994047809486,-0.138302776080455,355.10025974359
263,-0.822952212398203,4.38192657137256,1.77948717948718,-0.165887551441277,0.270971434739507,0.0525419416491153,-0.38630999536501,0.278750362929293,-0.0537798162178586,-0.150580997785357,0.374959693222753,0.112189347718698,-0.267544986041135,0.506388366613698,0.119421690286282,-0.164607249692939,0.279975048090561,0.0576838991988113,-0.30639517054152,0.0799841993209883,-0.113205485610266,-0.452851077417161,0.070493684133359,-0.191178696641901,355.200256358974
264,-0.827642121132638,4.39687289036341,1.78461538461538,-0.150086120973249,0.227455252185089,0.0386845656059201,-0.398843167953497,0.336074202195639,-0.0313844828789292,-0.133027577389799,0.412777617700047,0.139875020155124,-0.309901157500929,0.653718187776176,0.171908515137624,-0.108622741992467,0.339628745925418,0.115503001966476,-0.315934691247026,0.0674181956086984,-0.124258247819164,-0.462650762457309,0.045602951397262,-0.208523905530023,355.300000076923
265,-0.841731288977074,4.44173128897707,1.8,-0.183674930009363,0.202742852259529,0.00953396112508267,-0.364559136151076,0.385902761657025,0.0106718127529743,-0.153454155438101,0.39641991705232,0.121482880807109,-0.274252718685946,0.574448663120966,0.15009797221751,-0.105908959434914,0.366497937253733,0.130294488909409,-0.309337092864463,0.0641707676783561,-0.122583162593054,-0.490183939399081,0.0030873574440826,-0.243548290977499,355.399996833333
266,-0.843429078577459,4.39214702729541,1.77435897435897,-0.192658449106057,0.228846707122924,0.0180941290084334,-0.287289305709312,0.346139765819106,0.0294252300548968,-0.185823904637491,0.332751718168477,0.073463906765493,-0.203751835746664,0.394029638120464,0.0951389011868998,-0.0647509385001885,0.43076263219618,0.183005846847996,-0.342770520316458,0.044043226416606,-0.149363646949926,-0.506479136984463,-0.0278420792744479,-0.267160608129455,355.500256564103
267,-0.831294623806779,4.39026898278114,1.77948717948718,-0.187754858711354,0.308636460694965,0.0604408009918054,-0.227033412446414,0.327389927306707,0.0501782574301467,-0.234562307848999,0.250062470616771,0.00775008138388599,-0.173942951065148,0.219123080448209,0.0225900646915306,-0.0301197676611657,0.479467639662288,0.224673936000561,-0.374580221400659,0.048692563010273,-0.162943829195193,-0.499587645777594,-0.0594539114648279,-0.279520778621211,355.600259897436
268,-0.838717859887607,4.37717939834914,1.76923076923077,-0.206622830559099,0.308968751362914,0.0511729604019073,-0.266723771067509,0.313389486255912,0.0233328575942014,-0.23509116898965,0.209727814984369,-0.0126816770026404,-0.194085090219453,0.206712178461697,0.00631354412112185,0.0232196225777418,0.523044918619449,0.273132270598596,-0.351070527248954,0.0742616605757896,-0.138404433336582,-0.454677420495688,-0.034478033955079,-0.244577727225383,355.700256358974
269,-0.846299162541593,4.36424788049031,1.75897435897436,-0.245618870700029,0.207951673349696,-0.0188335986751665,-0.302967903703195,0.271413488271844,-0.0157772077156751,-0.230979322960141,0.188460820762444,-0.0212592510988484,-0.174958381335931,0.276540636615771,0.0507911276399199,0.0357924070286683,0.518365081684054,0.277078744356361,-0.304086659545408,0.0919654665743355,-0.106060596485536,-0.403310550752747,0.0168914770814264,-0.19320953683566,355.800000384615
270,-0.775520633278677,4.36526422302227,1.7948717948718,-0.285035456824714,0.108036195744383,-0.0884996305401657,-0.319160206119643,0.208814449028415,-0.0551728785456142,-0.246277719345808,0.153481111613679,-0.0463983038660646,-0.170528597865768,0.392404924141188,0.11093816313771,0.013541029031924,0.494714229499446,0.254127629265685,-0.285367595052154,0.0806109527693701,-0.102378321141392,-0.364243219975442,0.0583165721438392,-0.152963323915802,355.899996782051
271,-0.609331781916725,4.65035742294237,2.02051282051282,-0.246773670801569,0.118293858463232,-0.0642399061691685,-0.313712791443109,0.219817719212464,-0.0469475361153227,-0.309434547112933,0.0971704650779419,-0.106132041017496,-0.19051252096525,0.435688697347255,0.122588088191003,-0.0335174055070403,0.457626522267657,0.212054558380308,-0.301475727086519,0.058850236818226,-0.121312745134147,-0.312583585111685,0.0998577131706205,-0.106362935970532,356.000256564103
272,-0.515034593101408,4.99708587515269,2.24102564102564,-0.179988329894852,0.29057652067468,0.0552940953899141,-0.288835658031127,0.229046606182739,-0.0298945259241942,-0.364324526913245,0.106323517980598,-0.129000504466324,-0.246535074943884,0.245690601960658,-0.00042223649161328,-0.0812688515181372,0.39997476596511,0.159352957223487,-0.326884936566671,0.0401997582687304,-0.14334258914897,-0.309192805439488,0.0904764494303586,-0.109358178004565,356.10025974359
273,-0.50515507122103,5.15130891737488,2.32307692307692,-0.135472849147373,0.360949744335281,0.112738447593954,-0.324926055620427,0.153431674239351,-0.0857471906905377,-0.342251534920962,0.163255238704449,-0.0894981481082567,-0.254712380939781,0.0489217881543379,-0.102895296392722,-0.172447835670765,0.294608084990228,0.0610801246597318,-0.312581597967072,0.064155448898686,-0.124213074534193,-0.330450391810616,0.0855963136070583,-0.122427039101779,356.200256358974
274,-0.507615040618653,5.19479452779814,2.34358974358974,-0.110229008794549,0.3756632196828,0.132717105444125,-0.381670744938159,0.0194918984732955,-0.181089423232432,-0.268176620070241,0.264644738077866,-0.00176594099618755,-0.29635571001883,-0.00676527039659215,-0.151560490207711,-0.237368235355476,0.249046145370157,0.00583895500734023,-0.281289414792764,0.113724390875805,-0.0837825119584796,-0.341287797763696,0.0820932466647514,-0.129597275549472,356.300000076923
275,-0.511479866994053,5.1576337131479,2.32307692307692,-0.122460278312297,0.316762707262924,0.0971512144753133,-0.426299071209196,-0.0737279270021105,-0.250013499105653,-0.201345081967009,0.32277642958038,0.0607156738066854,-0.308157161371185,0.00286377389001912,-0.152646693740583,-0.273706503127597,0.235956872572055,-0.0188748152777714,-0.249752640953192,0.156716642273603,-0.0465179993397945,-0.322848964032846,0.0789147272618253,-0.12196711838551,356.400167653846
276,-0.483037756382874,5.19073006407518,2.35384615384615,-0.163908626376433,0.352791228960895,0.094441301292231,-0.415550558884724,-0.0680765596556538,-0.241813559270189,-0.215387928379576,0.256198406815811,0.0204052392181176,-0.274463569825754,0.0413366322055649,-0.116563468810095,-0.201586858042711,0.310267617052059,0.0543403795046739,-0.27416060481121,0.119113537357745,-0.0775235337267321,-0.307992803591875,0.0906989920651772,-0.108646905763349,356.500512820513
277,-0.418384662048561,5.24915389281779,2.41538461538462,-0.270921571118285,0.351743749919186,0.0404110894004508,-0.404182206411058,-0.0223856793487289,-0.213283942879893,-0.264614821264288,0.156740625523456,-0.0539370978704162,-0.255953698488524,0.140746932987477,-0.0576033827505236,-0.140582816514401,0.374940105069746,0.117178644277672,-0.322604936869531,0.0662146111566372,-0.128195162856447,-0.295966170063043,0.136507700471362,-0.0797292347958402,356.600516461538
278,-0.385856190525127,5.27816388283282,2.44615384615385,-0.309703450182095,0.219697248902833,-0.0450031006396312,-0.394666889377981,-0.00562193602676688,-0.200144412702374,-0.297359724522392,0.0765217829165107,-0.110418970802941,-0.253068807486465,0.217724499633423,-0.0176721539265208,-0.107223826129867,0.387791169264,0.140283671567067,-0.345381642319438,0.0701673532007385,-0.13760714455935,-0.244557820472948,0.207869242382243,-0.0183442890453524,356.700512717949
279,-0.335843205328989,5.3512278207136,2.50769230769231,-0.299066394546577,0.0679971137890216,-0.115534640378778,-0.367626271551156,0.0178907499188421,-0.174867760816157,-0.288889255053277,0.0752912614257826,-0.106798996813747,-0.267299690297545,0.168522950824296,-0.0493883697366245,-0.15993498474879,0.286047938789993,0.0630564770206014,-0.346135793589172,0.122800122490241,-0.111667835549465,-0.216270206693526,0.239730175495557,0.0117299844010152,356.800000461538
280,-0.256950654442966,5.44669424418656,2.5948717948718,-0.289079797889927,0.0679660059857634,-0.110556895952082,-0.363437447886935,0.0446923333673468,-0.159372557259794,-0.260511403072448,0.139253726786231,-0.0606288381431087,-0.291328779798459,0.123476227679272,-0.0839262760595936,-0.230814448557694,0.199100500060818,-0.0158569742484384,-0.307496599901528,0.17143876698511,-0.0680289164582092,-0.221703983854479,0.255343048183804,0.0168195321646625,356.899996948718
281,-0.257193064962767,5.46744947521918,2.60512820512821,-0.248208874479345,0.138138794627583,-0.055035039925881,-0.392709305074783,0.0293225093314374,-0.181693397871673,-0.23880059851547,0.234133634188669,-0.0023334821634007,-0.325585420616164,0.0660848508621444,-0.12975028487701,-0.262510558244725,0.163465726553977,-0.0495224158453741,-0.283081184598174,0.184178084544801,-0.0494515500266862,-0.259475224187784,0.241437579903742,-0.00901882214202123,357.000513128205
282,-0.246369375475283,5.49765142675733,2.62564102564103,-0.254716770530058,0.148525111024979,-0.0530958297525395,-0.403756647277692,0.00279421044438944,-0.200481218416651,-0.217425771010337,0.253188752475024,0.0178814907323435,-0.333408468563197,0.120793820599974,-0.106307323981611,-0.206224923935596,0.211209733671695,0.00249240486804921,-0.313370425571862,0.140018905704055,-0.0866757599339034,-0.294653191318517,0.184331266480012,-0.0551609624192526,357.100516307692
283,-0.227842797759038,5.53040690032314,2.65128205128205,-0.266630237603579,0.140138429138435,-0.0632459042325717,-0.391185654652292,-0.0160152572834277,-0.20360045596786,-0.227277981328265,0.225379218947419,-0.000949381190423199,-0.342810709051294,0.0922668144033066,-0.125271947323994,-0.13801056660773,0.273633108728277,0.0678112710602735,-0.397491138813122,0.0143403667611014,-0.19157538602601,-0.315220606473017,0.137982272783764,-0.0886191668446264,357.200512717949
284,-0.209997633513889,5.54333096684722,2.66666666666667,-0.30884099758505,0.0817870100369272,-0.113526993774062,-0.360900362010678,0.0105752209685867,-0.175162570521046,-0.230235787615223,0.203599635992435,-0.0133180758113943,-0.352878471223556,0.0708198652585247,-0.141029302982516,-0.115738347791272,0.317547424056972,0.10090453813285,-0.457090861875099,-0.0783208703229435,-0.267705866099021,-0.305417544406562,0.127813399753695,-0.0888020723264334,357.300000358974
285,-0.185605895994085,5.59073410112229,2.7025641025641,-0.324227535336226,0.0325794939426075,-0.145824020696809,-0.356416310377559,0.0516712167335734,-0.152372546821993,-0.230011205098659,0.207188559838246,-0.0114113226302063,-0.334045694703293,-0.0166558043756197,-0.175350749539457,-0.0965170936670901,0.332688995898029,0.118085951115469,-0.4248301700528,-0.0435461721502416,-0.234188171101521,-0.296199105091189,0.121792007304944,-0.0872035488931227,357.399996846154
286,-0.180159700897621,5.59554431628224,2.70769230769231,-0.327676296788548,0.0873540281414812,-0.120161134323534,-0.389091440865088,0.0846158326475155,-0.152237804108786,-0.207710347691744,0.230791014861319,0.0115403335847875,-0.331940109875192,-0.065857054851466,-0.198898582363329,-0.0939676405653197,0.323023647675549,0.114528003555115,-0.35858599412216,0.0595313819105015,-0.149527306105829,-0.330382627654887,0.121290338910019,-0.104546144372434,357.500512820513
287,0.0275368960096793,5.82887336040058,2.92820512820513,-0.288267607374559,0.132126751160917,-0.0780704281068211,-0.398551595044146,0.0281997959387515,-0.185175899552697,-0.156087204532782,0.31792374195469,0.0809182687109542,-0.332383139960839,-0.0327797863872008,-0.18258146317402,-0.113964189052081,0.287572823579642,0.0868043172637809,-0.28663363866724,0.165034887858968,-0.0607993754041363,-0.399545547614075,0.0631084537134813,-0.168218546950297,357.600516153846
288,0.348890142482536,6.22546883187644,3.28717948717949,-0.257495837638619,0.170870062529208,-0.0433128875547057,-0.428739674695677,-0.0287579341634863,-0.228748804429582,-0.135409541873565,0.316311724626254,0.0904510913763446,-0.314958110072094,0.00731084684045078,-0.153823631615822,-0.117118201548028,0.268996568422459,0.0759391834372154,-0.22365496406917,0.214720626395757,-0.00446716883670623,-0.428838149785905,0.0446696071805734,-0.192084271302666,357.700513897436
289,0.432270964624265,6.3369598046065,3.38461538461538,-0.277479572524285,0.164826067456837,-0.0563267525337238,-0.454570613958159,-0.0599483500107951,-0.257259481984477,-0.189820715445696,0.209185884974896,0.0096825847645999,-0.269864951254191,0.0558815791152569,-0.106991686069467,-0.0930211751987124,0.312692606825493,0.10983571581339,-0.179889013182036,0.247475883167657,0.0337934349928106,-0.424053601551747,0.0762242177877005,-0.173914691882023,357.800000717949
290,0.474522898188112,6.4382976146324,3.45641025641026,-0.270096783885443,0.190065043769646,-0.0400158700578983,-0.404769519156148,-0.0174057405319409,-0.211087629844045,-0.269042824944353,0.0694988713681359,-0.0997719767881087,-0.269635473558004,0.118842720082079,-0.0753963767379625,-0.0621865423593287,0.378788440159695,0.158300948900183,-0.212679637047369,0.178778925982639,-0.016950355532365,-0.424388767355293,0.12196871984827,-0.151210023753512,357.899997102564
291,0.490790471097883,6.53485055454314,3.51282051282051,-0.246320457816022,0.147778789073113,-0.0492708343714543,-0.347634434531191,0.021986467192938,-0.162823983669127,-0.373405629284828,-0.0590384987526834,-0.216222064018755,-0.285139515879103,0.159480020576553,-0.062829747651275,-0.00866253495577084,0.471297452976754,0.231317459010492,-0.253854276988351,0.125352746331004,-0.0642507653286733,-0.420249817930172,0.125033979038077,-0.147607919446047,358.000512974359
292,0.544326362478829,6.65567363752117,3.6,-0.239785238642329,0.111522401753179,-0.064131418444575,-0.30124094713109,0.133459340422436,-0.0838908033543268,-0.434764467215861,-0.131011973035788,-0.282888220125825,-0.279811707895619,0.19000043322403,-0.0449056373357941,0.0488074657823311,0.559263653793248,0.30403555978779,-0.309879942921849,0.0591803170882792,-0.125349812916785,-0.421218971683957,0.0766978372470655,-0.172260567218446,358.100516358974
293,0.534132095173542,6.7068935458521,3.62051282051282,-0.290611646597065,0.058660757586102,-0.115975444505482,-0.276738286192184,0.205331745221662,-0.0357032704852612,-0.452287504200625,-0.130622494557365,-0.291454999378995,-0.271051832783579,0.151839146538596,-0.0596063431224916,0.0995281976123627,0.665028428869471,0.382278313240917,-0.322428385962669,0.0797976940704178,-0.121315345946126,-0.447508893135262,0.0129111143726786,-0.217298889381291,358.200512717949
294,0.524177911317497,6.72197593483635,3.62307692307692,-0.280470446609904,0.092073002707307,-0.0941987219512985,-0.264341876312003,0.266985764410759,0.00132194404937804,-0.447706923377972,-0.116182804834488,-0.28194486410623,-0.26010433124207,0.0955921987108667,-0.0822560662656015,0.0736069362185599,0.671056105105428,0.372331520661994,-0.348288425046674,0.0849209279543504,-0.131683748546162,-0.459466365928819,0.0290506743223598,-0.21520784580323,358.291926461538
295,0.544829660311764,6.78593957045747,3.66538461538462,-0.28091270185165,0.128516931658059,-0.0761978850967957,-0.252426940995815,0.25089639269899,-0.000765274148412143,-0.420746388767721,-0.0624353551119979,-0.241590871939859,-0.263627444644663,0.0506894705224767,-0.106468987061093,0.0367241226144462,0.611044534352795,0.32388432848362,-0.353264922930068,0.0723382672517736,-0.140463327839147,-0.478699990275752,0.0177037073503205,-0.230498141462716,358.399997730769
296,0.596167331908093,6.8910121552714,3.74358974358974,-0.245800478893736,0.207060737457655,-0.0193698707180406,-0.278224712414707,0.229704090012016,-0.0242603112013454,-0.39208063532883,-0.049128742863964,-0.220604689096397,-0.306136201886694,0.0129189261987515,-0.146608637843971,-0.010997545551134,0.520111330653651,0.254556892551259,-0.34596556678531,0.0491510450797396,-0.148407260852785,-0.464827212521013,0.0446620121677436,-0.210082600176634,358.516666666667
297,0.604810857802877,6.89262503963302,3.74871794871795,-0.223121081825867,0.170540680162609,-0.0262902008316292,-0.292581122576722,0.243373494937171,-0.0246038138197755,-0.392870599114271,-0.0740991778450286,-0.23348488847965,-0.31689043580122,-0.020880405690366,-0.168885420745793,-0.0370287896362416,0.443238711036567,0.203104960700162,-0.347821902535897,0.0317063073440886,-0.158057797595904,-0.475260550038037,0.0192934892192042,-0.227983530409416,358.61667
298,0.599390678348356,6.89804521908754,3.74871794871795,-0.139256328381344,0.237665634110231,0.0492046528644435,-0.26534005722551,0.298207799593288,0.0164338711838886,-0.367695442707081,-0.0474804220111812,-0.207587932359131,-0.295478895554895,-0.0161750438784795,-0.155826969716687,-0.0946325793114934,0.353492349431568,0.129429885060037,-0.370038794897725,-0.00677506921137448,-0.18840693205455,-0.497062332375759,-0.0198081940899985,-0.258435263232879,358.716663487179
299,0.590337367142546,6.88658570978053,3.73846153846154,-0.10830221467116,0.277042395068615,0.0843700901987273,-0.241473389868834,0.310284569012752,0.0344055895719588,-0.362537256754674,-0.0445217900400696,-0.203529523397372,-0.289607172606904,0.0421183685521219,-0.123744402027391,-0.124948297179804,0.305481543960974,0.0902666233905849,-0.375955423802715,-0.00475229483679128,-0.190353859319753,-0.488273861371437,-0.0134351510494116,-0.250854506210424,358.800005692308
300,0.596270395579305,6.9037296044207,3.75,-0.0653430582434754,0.362809346206746,0.148733143981635,-0.270469084648624,0.185906068090855,-0.0422815082788843,-0.34088847282577,-0.00471202644820827,-0.172800249636989,-0.291105582806483,0.110496258552699,-0.0903046621268917,-0.186755742393458,0.242283497828543,0.0277638777175425,-0.333858991341026,0.0295715382556332,-0.152143726542696,-0.441661616740869,0.0237586818698271,-0.208951467435521,358.8999975
301,0.601093870342366,6.90659843734994,3.75384615384615,-0.046235541479367,0.408182330520219,0.180973394520426,-0.370381839355518,0.0228703949579516,-0.173755722198783,-0.319577001272411,0.129976374625613,-0.094800313323399,-0.314590564461862,0.146033637854204,-0.0842784633038291,-0.23320169549807,0.20380970507366,-0.014695995212205,-0.277037729211357,0.133649271260949,-0.071694228975204,-0.396333948877179,0.0570550752215208,-0.169639436827829,359.016666666667
302,0.580609215729527,6.87580104068073,3.72820512820513,-0.110093698265577,0.330365646638765,0.110135974186594,-0.451541812826438,-0.0663265131676246,-0.258934162997031,-0.316260596153268,0.228941928220052,-0.043659333966608,-0.308209702776301,0.134177277867508,-0.0870162124543962,-0.212541892005725,0.24442366250026,0.0159408852472675,-0.226939006751736,0.227841513189066,0.000451253218665155,-0.348965801568526,0.0740528754292627,-0.137456463069632,359.11667
303,0.553114889591893,6.75970562322862,3.65641025641026,-0.188478221058191,0.190484189084442,0.00100298401312539,-0.492310789632168,-0.118354159138754,-0.305332474385461,-0.295002126704409,0.290416715693334,-0.00229270550553708,-0.330648689115148,0.101788601192526,-0.114430043961311,-0.168512266711134,0.317235590358633,0.0743616618237492,-0.190530191404534,0.29707511043523,0.0532724595153481,-0.304625611312926,0.117919015351221,-0.0933532979808527,359.216407051282
304,0.437747355028965,6.43917572189411,3.43846153846154,-0.240065027241878,0.138792598943073,-0.0506362141494024,-0.512077085602473,-0.172723808973585,-0.342400447288029,-0.278698653699912,0.294979130691273,0.00814023849568045,-0.335882971240213,0.0309016398413819,-0.152490665699416,-0.186165961123972,0.323951076389851,0.0688925576329392,-0.182270641518066,0.294278025245992,0.0560036918639632,-0.268506177994638,0.182298468027974,-0.043103854983332,359.300004923077
305,0.1945471629344,6.11314514475791,3.15384615384615,-0.294140858474113,0.104307897775591,-0.0949164803492607,-0.522524632660212,-0.220790726126811,-0.371657679393511,-0.251542216594174,0.351248807304412,0.0498532953551188,-0.364456103047859,-0.0668822581420326,-0.215669180594946,-0.196501736565265,0.310022124281564,0.0567601938581493,-0.177891232891558,0.303849948724082,0.062979357916262,-0.241640417429844,0.236574067570886,-0.00253317492947853,359.399997641026
306,0.182242177045724,6.10493731013376,3.14358974358974,-0.253980288697584,0.175968861505971,-0.0390057135958067,-0.50248408708596,-0.209909049417846,-0.356196568251903,-0.227650097894651,0.394159772502181,0.0832548373037646,-0.383448763386944,-0.122214294825823,-0.252831529106384,-0.23542032438723,0.263407720610336,0.0139936981115529,-0.204057778513991,0.273504278632812,0.0347232500594104,-0.231742733938527,0.244928213512919,0.00659273978719604,359.51641025641
307,0.179072027654461,6.10297925439682,3.14102564102564,-0.213978370014354,0.189596645884583,-0.0121908620648859,-0.46444845945533,-0.163353448725684,-0.313900954090507,-0.256855411594136,0.37294094238777,0.058042765396817,-0.372557762137529,-0.0705891630535677,-0.221573462595548,-0.270912215250105,0.257374608096827,-0.00676880357663924,-0.231477636572748,0.260678017692757,0.0146001905600046,-0.213244640448403,0.237833303150465,0.012294331351031,359.616157205128
308,0.16330229395714,6.0802874496326,3.12179487179487,-0.163097405937249,0.241285497551778,0.0390940458072647,-0.394700199475087,-0.0669019172745014,-0.230801058374794,-0.283816075596799,0.314154897131001,0.0151694107671009,-0.333562898353178,0.142711777800009,-0.0954255602765845,-0.299421023310488,0.221575276042942,-0.0389228736337729,-0.263799684064496,0.217455226604961,-0.0231722287297674,-0.220937252284032,0.211254300389758,-0.00484147594713706,359.716150961539
309,0.163039882714078,6.08311396343977,3.12307692307692,-0.178446960901391,0.283931395536194,0.0527422173174015,-0.350293808789938,0.0328073664233893,-0.158743221183274,-0.270328444990153,0.260804006950394,-0.00476221901987981,-0.353836050466531,0.400266864992966,0.0232154072632179,-0.293949892204231,0.24405551318081,-0.0249471895117108,-0.274852263074453,0.198795397214064,-0.0380284329301946,-0.240234061685856,0.206664337590787,-0.0167848620475344,359.800004923077
310,0.157232958654919,6.07353627211431,3.11538461538462,-0.119001981084127,0.399966571845444,0.140482295380659,-0.329468985566988,0.13155600206939,-0.0989564917487993,-0.241955635462599,0.27151894243864,0.0147816534880205,-0.356179627920388,0.351587007661562,-0.00229631012941292,-0.307957005885347,0.221079832987397,-0.0434385864489747,-0.248465584459253,0.256249170279645,0.00389179291019593,-0.291791490128818,0.182689540253209,-0.0545509749378048,359.899741064103
311,0.151347357119645,6.06403725826497,3.10769230769231,-0.116287722804601,0.420486554803227,0.152099415999313,-0.304088366355437,0.134778324601984,-0.0846550208767265,-0.196913324221987,0.320607058664262,0.0618468672211376,-0.341528503355214,0.202528319719989,-0.0695000918176126,-0.305616414044849,0.204261301115302,-0.0506775564647734,-0.230856150549866,0.299748923938296,0.0344463866942146,-0.308276177610311,0.170788089340571,-0.0687440441348702,360.015897820513
312,0.146009477533743,6.05911872759446,3.1025641025641,-0.186783713376853,0.385375779695745,0.0992960331594459,-0.325812120720061,0.053747226764091,-0.136032446977985,-0.187018184412417,0.3574605710853,0.0852211933364412,-0.432269180049431,0.283918019032431,-0.0741755805084999,-0.339478889006114,0.112732155116793,-0.113373366944661,-0.159150780284004,0.376212897008418,0.108531058362207,-0.316722730075909,0.148573861146945,-0.0840744344644821,360.11615724359
313,0.0918140431259766,5.99023723892531,3.04102564102564,-0.227170930775993,0.380758996249835,0.0767940327369211,-0.351379758886457,-0.00580863913116059,-0.178594199008809,-0.21359407041461,0.339260795398666,0.0628333624920281,-0.424240639360152,0.316324840528278,-0.0539578994159369,-0.343132674340653,0.0728832026828092,-0.135124735828922,-0.130242488322753,0.414364011733528,0.142060761705388,-0.344222963832438,0.109140078120794,-0.117541442855822,360.216407128205
314,0.0240903281459195,5.898986594931,2.96153846153846,-0.201224681500783,0.296155115949092,0.0474652172241545,-0.369453558859729,-0.0430462857806902,-0.20624992232021,-0.254547624243733,0.32257379408404,0.0340130849201534,-0.403995687065659,0.237333518403074,-0.0833310843312922,-0.318684899760652,0.0850849105487509,-0.11679999460595,-0.126252629454708,0.419739619637363,0.146743495091327,-0.394542241681832,0.0778882263617744,-0.158327007660029,360.300004923077
315,0.00030525861173365,5.80738704908057,2.90384615384615,-0.210452651189517,0.209631225374856,-0.000410712907330249,-0.366296364541237,-0.0121901837395924,-0.189243274140415,-0.300583910710112,0.296591323025528,-0.00199629384229204,-0.34151127959816,0.0608818058420212,-0.14031473687807,-0.242195648526481,0.152549843596542,-0.0448229024649695,-0.170402174823685,0.376299067732843,0.102948446454579,-0.457874114235925,0.0559651084395261,-0.200954502898199,360.39999775641
316,-0.0315136181734853,5.72382131048118,2.84615384615385,-0.222050489304758,0.177289792560624,-0.0223803483720675,-0.331815704455037,0.0155180052946947,-0.158148849580171,-0.291715775179284,0.307482324810235,0.00788327481547558,-0.292379882517175,-0.00365974403883445,-0.148019813278005,-0.196723656751432,0.196398361223173,-0.000162647764129527,-0.237314176971688,0.294880085475822,0.0287829542520672,-0.54901257579606,-0.00104886985409941,-0.27503072282508,360.51641025641
317,-0.104013575572053,5.57068024223872,2.73333333333333,-0.234010210093917,0.182729221119945,-0.0256404944869862,-0.285696731336043,0.0471654473489793,-0.119265641993532,-0.32514291787807,0.326720490934348,0.000788786528139249,-0.26702639427683,0.00275549808679667,-0.132135448095017,-0.178660987249637,0.211387401809491,0.016363207279927,-0.307167060177322,0.24764894414598,-0.029759058015671,-0.547269783301896,-0.0116724136652409,-0.279471098483569,360.616413589744
318,-0.132324980229356,5.48617113407551,2.67692307692308,-0.215386939232775,0.153316770395419,-0.031035084418678,-0.236353362952472,0.167891388034071,-0.0342309874592004,-0.366134149752652,0.31324100457292,-0.0264465725898662,-0.252430270763536,-0.00833578963951252,-0.130383030201524,-0.149807588403871,0.234882320088964,0.0425373658425466,-0.323009065362484,0.220588563102238,-0.0512102511301231,-0.504625806186864,-0.00275768666552544,-0.253691746426195,360.716406974359
319,-0.121825720853073,5.49105649008384,2.68461538461538,-0.210137564811613,0.147429324379715,-0.0313541202159491,-0.215703870044119,0.218401871943954,0.00134900094991721,-0.399450559239902,0.31968913246595,-0.0398807133869763,-0.251643029548214,-0.0165379218554949,-0.134090475701855,-0.118266690604164,0.283466433986101,0.0825998716909688,-0.342749846275221,0.212093932743288,-0.0653279567659665,-0.44903010122971,0.0336367855823779,-0.207696657823666,360.800004923077
320,-0.132993391872971,5.47914723802682,2.67307692307692,-0.142248827583633,0.318623162459158,0.0881871674377625,-0.243870767748776,0.118289732056607,-0.0627905178460846,-0.397758241072326,0.24192749788026,-0.0779153715960329,-0.255826809241901,-0.00414563604949399,-0.129986222645698,-0.104054804686612,0.306181500403511,0.101063347858449,-0.370401345006566,0.195990055991025,-0.0872056445077702,-0.445338774098876,0.0309529407962372,-0.20719291665132,360.899997641026
321,-0.148825326907227,5.44113301921492,2.64615384615385,-0.111089020616473,0.389892492102462,0.139401735742995,-0.290348985429646,0.00218666871453134,-0.144081158357557,-0.446959836671239,0.103051833171904,-0.171954001749668,-0.245084396899128,0.0290906649511796,-0.107996865973974,-0.0964405356695596,0.315171194822522,0.109365329576481,-0.316152203786158,0.187644746782575,-0.0642537285017915,-0.458751837154585,0.0209571179294026,-0.218897359612591,361.016153846154
322,-0.14295538405957,5.44551948662367,2.65128205128205,-0.0886657472974214,0.454551459438483,0.182942856070531,-0.323128725265035,9.27450024424471e-05,-0.161517990131296,-0.410123830843377,0.0614396075106364,-0.17434211166637,-0.278984175156422,-0.011622257870265,-0.145303216513344,-0.120666508833409,0.291545838667075,0.0854396649168334,-0.326664913688165,0.138534669323931,-0.0940651221821172,-0.449085026929536,0.0284473665200911,-0.210318830204722,361.11615724359
323,-0.173092850542743,5.39360567105556,2.61025641025641,-0.138054734920625,0.351491579948106,0.10671842251374,-0.295752178669029,0.273130352230062,-0.0113109132194835,-0.36701025972696,0.089958447640481,-0.13852590604324,-0.321612404585543,0.128993674603848,-0.0963093649908477,-0.137258486007702,0.269348894923957,0.0660452044581276,-0.306031848179179,0.122263974550073,-0.0918839368145534,-0.41688543606873,0.0416505786573142,-0.187617428705708,361.216407282051
324,-0.226886455571859,5.33457876326417,2.55384615384615,-0.202965385518313,0.237345366293467,0.0171899903875774,-0.283491297420638,0.176039524515712,-0.0537258864524633,-0.355307877371194,0.0976183113869743,-0.12884478299211,-0.347036307348351,0.0558605839058797,-0.145587861721236,-0.122092195353966,0.280406266692969,0.0791570356695019,-0.250361987070143,0.169539093768154,-0.0404114466509945,-0.338608491327056,0.111278970125536,-0.11366476060076,361.300004923077
325,-0.30169545011366,5.19400314242135,2.44615384615385,-0.232609202018916,0.138915046943935,-0.0468470775374904,-0.305003378930081,0.0370455753366276,-0.133978901796727,-0.319990836048499,0.121453446553339,-0.09926869474758,-0.334225944661897,-0.127343084443304,-0.2307845145526,-0.112330172194825,0.285821192909099,0.0867455103571372,-0.193997286428579,0.240078902892785,0.0230408082321029,-0.294055279951909,0.137718144351674,-0.0781685678001172,361.39999775641
326,-0.343561933627686,5.11279270285846,2.38461538461538,-0.26448744643108,0.189412429404012,-0.0375375085135338,-0.328231751189246,-0.0551662795005853,-0.191699015344915,-0.273486137994586,0.103493024603141,-0.0849965566957225,-0.353286663440488,-0.172560816952468,-0.262923740196478,-0.12452654588335,0.290529484106534,0.0830014691115918,-0.169592497962813,0.298731241071459,0.064569371554323,-0.28017306769921,0.136287360835422,-0.0719428534318941,361.51641025641
327,-0.441391356902933,4.97472469023627,2.26666666666667,-0.202120405551008,0.352988428929467,0.0754340116892295,-0.31155857591169,-0.0654433364787377,-0.188500956195214,-0.248000708514317,0.0860116104941282,-0.0809945490100943,-0.334803711796664,-0.131953174473667,-0.233378443135166,-0.182735296028635,0.23772167696579,0.0274931904685775,-0.197498952661199,0.286489728110275,0.0444953877245379,-0.318566956125758,0.110246398444767,-0.104160278840495,361.616413589744
328,-0.507103271958717,4.8865904514459,2.18974358974359,-0.173222455519695,0.383553780576211,0.105165662528258,-0.288742309928619,0.0366249450452519,-0.126058682441683,-0.25920792399505,0.12252159035816,-0.0683431668184451,-0.287106533618456,-0.0559538772437971,-0.171530205431127,-0.268077018802453,0.151961120194917,-0.0580579493037683,-0.211932185706873,0.278325746392509,0.0331967803428177,-0.356265968693709,0.105123201116145,-0.125571383788782,361.716407128205
329,-0.531191900722499,4.82349959303019,2.14615384615385,-0.135557345926839,0.413826376289622,0.139134515181391,-0.247488154090903,0.154071428125524,-0.0467083629826896,-0.287951909698616,0.131812637451559,-0.0780696361235281,-0.273477012754078,0.0438616352203485,-0.114807688766865,-0.345508270820261,0.0802970327474488,-0.132605619036406,-0.227496989750335,0.26163450566001,0.0170687579548376,-0.403006458123888,0.0871081526931233,-0.157949152715383,361.800004923077
330,-0.741470749201011,4.47993228766255,1.86923076923077,-0.161731053305709,0.349376836458112,0.0938228915762015,-0.192812524206962,0.271828946106813,0.0395082109499254,-0.283332834557624,0.124372839941356,-0.0794799973081337,-0.271903127788489,0.0474174750989034,-0.112242826344793,-0.352549845207072,0.0556460519128229,-0.148451896647124,-0.246442647996151,0.228945158615331,-0.00874874469040987,-0.468090585453344,0.0327006105820918,-0.217694987435626,361.899997641026
331,-0.811513752239401,4.40125734198299,1.7948717948718,-0.152682852156884,0.421387627848363,0.134352387845739,-0.186715708248961,0.25304345268561,0.0331638722183243,-0.25438143165686,0.138982461424184,-0.0576994851163379,-0.250283999969698,0.0264023216347107,-0.111940839167494,-0.298828232123853,0.110470610105317,-0.0941788110092678,-0.230577568456194,0.221559948523559,-0.00450880996631791,-0.551422702722148,-0.0606406992155511,-0.30603170096885,362.016153846154
332,-0.819590976825609,4.38882174605638,1.78461538461538,-0.247696744305592,0.427220229845907,0.0897617427701571,-0.204793852921992,0.184691976076425,-0.0100509384227835,-0.223575230015725,0.177605488025039,-0.0229848709953426,-0.25166704204284,0.0427017638774384,-0.104482639082701,-0.251676106869545,0.182442607191542,-0.0346167498390016,-0.189101031360618,0.254330735853653,0.0326148522465175,-0.575992749949818,-0.107981772016106,-0.341987260982962,362.115901012821
333,-0.69628677112577,4.5219277967668,1.91282051282051,-0.306404579753481,0.340856181217107,0.0172258007318132,-0.231082360212367,0.147457458390271,-0.0418124509110481,-0.225160785929201,0.189414256571549,-0.0178732646788261,-0.250692046249169,0.0352858982059371,-0.107703074021616,-0.21461967068175,0.244275732424711,0.0148280308714808,-0.148303296261548,0.28009836383132,0.0658975337848859,-0.545687472848356,-0.0954832014896444,-0.320585337169,362.216150653846
334,-0.527583686437657,5.01989137874535,2.24615384615385,-0.344059377817365,0.218225286683566,-0.0629170455668994,-0.216570776231355,0.161124642662069,-0.0277230667846428,-0.230249282626145,0.169702072505955,-0.0302736050600952,-0.274315096819979,0.0131153516722613,-0.130599872573859,-0.197154239894864,0.260638414046435,0.0317420870757857,-0.142405416598486,0.284556050246203,0.0710753168238581,-0.506706195496659,-0.065053139703612,-0.285879667600135,362.300004923077
335,-0.522083171005977,5.41439086331367,2.44615384615385,-0.33882140103568,0.0812970482286617,-0.128762176403509,-0.197193667702594,0.236164977899847,0.0194856550986266,-0.197223939769627,0.184678251284637,-0.00627284424249502,-0.284821884551288,-0.0209017889844057,-0.152861836767847,-0.16784264214719,0.28417188403285,0.0581646209428297,-0.186261843177944,0.212554836183537,0.0131464965027963,-0.508250541132224,-0.063136811809356,-0.28569367647079,362.39999748718
336,-0.637334898564941,4.87323233446238,2.11794871794872,-0.354314847419015,-0.0286784298795188,-0.191496638649267,-0.19145358039628,0.316335479565117,0.0624409495844184,-0.189986185613359,0.23069893166091,0.0203563730237754,-0.28630607861128,0.0253809045940595,-0.13046258700861,-0.186620398758195,0.282380309872647,0.0478799555572259,-0.214009604004653,0.198292536050607,-0.00785853397702283,-0.531417804247314,-0.0575257028054217,-0.294471753526368,362.516153846154
337,-0.894480395932465,4.23807013952221,1.67179487179487,-0.354504284292636,-0.0836438663561179,-0.219074075324377,-0.165443174806141,0.366166783407843,0.100361804300851,-0.189984419555784,0.258399431323614,0.034207505883915,-0.248627190427933,0.072443102358467,-0.0880920440347332,-0.196183454953362,0.279855465037184,0.0418360050419111,-0.245709615117024,0.1677096134242,-0.0390000008464123,-0.563008355050543,-0.0867331844988746,-0.324870769774709,362.61615724359
338,-0.997559749133331,4.14627769785128,1.57435897435897,-0.316028085674484,-0.00442769644465534,-0.160227891059569,-0.15791081632991,0.33317385346984,0.0876315185699648,-0.174450198940349,0.263575495332123,0.044562648195887,-0.212476406181182,0.157806024215803,-0.0273351909826893,-0.207051286131929,0.273339870587288,0.0331442922276795,-0.253911029793158,0.182937904073915,-0.0354865628596216,-0.586806167424925,-0.115573607297743,-0.351189887361334,362.716407128205
339,-1.07207758588738,4.37976989357969,1.65384615384615,-0.289969533571754,0.112114525503595,-0.0889275040340796,-0.160924503453943,0.326682430066049,0.0828789633060529,-0.195285932043935,0.23046039606822,0.0175872320121424,-0.171975474954766,0.271174914117194,0.0495997195812138,-0.179127519534204,0.327928593059772,0.0744005367627838,-0.287785579892604,0.167863472477144,-0.0599610537077301,-0.583726707091956,-0.109131230691336,-0.346428968891646,362.800004923077
340,-1.21039314761599,4.81039314761599,1.8,-0.286251021075016,0.261110570227162,-0.0125702254239272,-0.171536966673708,0.261966969382284,0.0452150013542878,-0.273890396291567,0.124788933796292,-0.0745507312476374,-0.187616880187976,0.256882266480126,0.0346326931460749,-0.138200958001612,0.387337776024295,0.124568409011342,-0.284431791710314,0.172792223786144,-0.0558197839620846,-0.524300342040988,-0.0687671468838742,-0.296533744462431,362.899741333333
341,-1.26904481504909,4.99212173812602,1.86153846153846,-0.294114763287411,0.203247475805453,-0.0454336437409793,-0.147984152660353,0.255347804815536,0.0536818260775914,-0.391543101371738,0.0320944009674624,-0.179724350202138,-0.227016512090744,0.15863414403966,-0.0341911840255417,-0.166629644831743,0.356189842152516,0.0947800986603865,-0.256567184018294,0.165657065770772,-0.0454550591237613,-0.433480069648456,0.0115264565845356,-0.21097680653196,363.015897589744
342,-1.27223421039658,4.98505472321709,1.85641025641026,-0.306766037194188,0.113853907650807,-0.0964560647716906,-0.140058530631618,0.306711255141916,0.0833263622551486,-0.419224346789421,-0.0206122805693327,-0.219918313679377,-0.27637367242248,0.128877139794138,-0.073748266314171,-0.250816394551494,0.221311080090229,-0.0147526572306322,-0.229642890139008,0.188756459144036,-0.0204432154974861,-0.407380569955309,0.0478361600449494,-0.17977220495518,363.11615724359
343,-1.27871015525572,4.97101784756341,1.84615384615385,-0.323704735647436,-0.0293095567663936,-0.176507146206915,-0.138807585464905,0.368318844289927,0.114755629412511,-0.3910289629315,-0.0187925291698773,-0.204910746050689,-0.268219067358951,0.186506078072531,-0.0408564946432102,-0.285571309687416,0.145171274362379,-0.0702000176625185,-0.235514059329988,0.223640406851124,-0.00593682623943195,-0.377302229291135,0.0813495338615293,-0.147976347714803,363.216407128205
344,-1.27871015525572,4.97101784756341,1.84615384615385,-0.320753710782059,-0.0269885498588843,-0.173871130320472,-0.127877021640716,0.38534062696429,0.128731802661787,-0.363484351961668,0.00212395154489557,-0.180680200208386,-0.288615356013771,0.213115149240848,-0.0377501033864613,-0.321007691455468,0.101806759574455,-0.109600465940506,-0.230091148124225,0.234426391373902,0.00216762162483833,-0.384210192013943,0.0431306877983817,-0.170539752107781,363.300004923077
345,-1.27871015525572,4.97101784756341,1.84615384615385,-0.253085138526609,0.0565834163545274,-0.098250861086041,-0.0876098381298381,0.464213659714345,0.188301910792253,-0.343983051917081,0.0693854133174707,-0.137298819299805,-0.261079351467121,0.183004049674776,-0.0390376508961728,-0.331609957143678,0.0813039551000646,-0.125153001021807,-0.254959984569978,0.176104335272436,-0.039427824648771,-0.420401215004469,-0.0163268060478419,-0.218364010526156,363.399997641026
346,-1.27871015525572,4.97101784756341,1.84615384615385,-0.185952641515377,0.169622501027903,-0.00816507024373699,-0.0408218812102843,0.618885510212188,0.289031814500952,-0.260254296869134,0.199577010389603,-0.0303386432397657,-0.273486286133283,0.211443136967284,-0.0310215745829994,-0.393207439520182,0.0307121407877424,-0.18124764936622,-0.283225083380651,0.125090998980478,-0.0790670422000866,-0.497400454864236,-0.101025101574652,-0.299212778219444,363.516410461538
347,-1.27871015525572,4.97101784756341,1.84615384615385,-0.19018905433959,0.206483653535397,0.00814729959790364,-0.060069983474056,0.643964199585637,0.291947108055791,-0.125008534407975,0.339672806362527,0.107332135977276,-0.254801754277486,0.341253786320094,0.0432260160213038,-0.442540345710594,0.0211550122105056,-0.210692666750044,-0.31003596982866,0.126391859530898,-0.0918220551488812,-0.56700211803707,-0.142288758427388,-0.354645438232229,363.615644435897
348,-1.27871015525572,4.97101784756341,1.84615384615385,-0.23833833319765,0.170958296027345,-0.0336900185851526,-0.131104600740325,0.529629464251791,0.199262431755733,-0.0217908328237911,0.517598316751578,0.247903741963893,-0.223910718811319,0.348990779774831,0.0625400304817561,-0.510918611560059,-0.0140049467392503,-0.262461779149655,-0.289535131328545,0.191144831642927,-0.0491951498428089,-0.612629737344567,-0.162277626020271,-0.387453681682419,363.715638166667
349,-1.27871015525572,4.97101784756341,1.84615384615385,-0.274058549758659,0.292714739472925,0.00932809485713307,-0.177258426618786,0.435818794435441,0.129280183908327,0.0147987747134497,0.620565224356672,0.317681999535061,-0.210449406495098,0.373751073582688,0.081650833543795,-0.516706093356593,0.0013957640398072,-0.257655164658393,-0.277069253486395,0.2247477612425,-0.0261607461219473,-0.646640206947009,-0.169975871287364,-0.408308039117187,363.800004923077
350,-1.27871015525572,4.97101784756341,1.84615384615385,-0.33773028937066,0.496876023271579,0.0795728669504592,-0.199180100437747,0.386102318647092,0.0934611091046725,-0.0446570871609802,0.560904021283006,0.258123467061013,-0.224492377258851,0.386603266175622,0.0810554444583855,-0.499889538442127,0.0261288244105857,-0.236880357015771,-0.264792900950543,0.23666456514091,-0.0140641679048163,-0.644988793608044,-0.162678631090098,-0.403833712349071,363.899997487179
351,-1.27871015525572,4.97101784756341,1.84615384615385,-0.301039594979793,0.204495664970483,-0.0482719650046552,-0.224444553987326,0.355299504350695,0.0654274751816846,-0.10833917114586,0.474871296651879,0.18326606275301,-0.234205881619741,0.593769666324619,0.179781892352439,-0.458110118752669,0.0604517370124775,-0.198829190870096,-0.259632347509564,0.200378916243507,-0.0296267156330282,-0.65481237619764,-0.162232559138885,-0.408522467668262,364.01641025641
352,-1.27871015525572,4.97101784756341,1.84615384615385,-0.275090138682954,0.256230068150093,-0.00943003526643009,-0.193743015131507,0.398530232759891,0.102393608814192,-0.126818947112509,0.430215936378295,0.151698494632893,-0.267983969844076,0.647230077577545,0.189623053866734,-0.451674616050806,0.0384027223649536,-0.206635946842926,-0.229073616070035,0.200413677938478,-0.0143299690657786,-0.654454090957476,-0.193101102955879,-0.423777596956678,364.116413589744
353,-1.27871015525572,4.97101784756341,1.84615384615385,-0.2231241079949,0.236342110266804,0.0066090011359517,-0.167274960183862,0.432658631579948,0.132691835698043,-0.159299730248423,0.412453137349539,0.126576703550558,-0.253209207941478,0.547740932467095,0.147265862262809,-0.423258650635266,0.0781043547809218,-0.172577147927172,-0.198554478167134,0.210019310739158,0.00573241628601215,-0.617531479795458,-0.169412707617416,-0.393472093706437,364.216407282051
354,-1.27871015525572,4.97101784756341,1.84615384615385,-0.206385429281523,0.277432945599396,0.0355237581589364,-0.153525399473774,0.450591776825905,0.148533188676066,-0.203838992266099,0.419073734614956,0.107617371174429,-0.223199821621858,0.270897376062009,0.0238487772200755,-0.411533392045889,0.0993660465654901,-0.156083672740199,-0.187085886263487,0.223464716842056,0.0181894152892847,-0.556141949718804,-0.108943671467578,-0.332542810593191,364.300004923077
355,-1.27871015525572,4.97101784756341,1.84615384615385,-0.244816229289712,0.246581780246505,0.000882775478396656,-0.16870561452922,0.390651760245258,0.110973072858019,-0.191500843692361,0.482613020352222,0.145556088329931,-0.225920405602997,0.105724526965346,-0.0600979393188254,-0.392225161019862,0.0975346593834359,-0.147345250818213,-0.214412820295442,0.216612382937157,0.00109978132085716,-0.497245865426238,-0.0605669241287191,-0.278906394777479,364.399997602564
356,-1.28531602956946,4.95711090136433,1.83589743589744,-0.243077726963939,0.207155554575587,-0.017961086194176,-0.180072712847516,0.370867524311086,0.095397405731785,-0.136426625490963,0.592983074672208,0.228278224590623,-0.205802936575736,0.123830180525003,-0.0409863780253663,-0.423570137345984,0.0748605498476315,-0.174354793749176,-0.26985077882437,0.168927260566956,-0.0504617591287067,-0.481893060326865,-0.05210285569178,-0.266997958009323,364.51641025641
357,-1.27871015525572,4.97101784756341,1.84615384615385,-0.274259211950533,0.171945765279465,-0.0511567233355337,-0.151769196762614,0.3937302168222,0.120980510029793,-0.115668097773917,0.607519926370977,0.24592591429853,-0.124970568467944,0.383075230433842,0.129052330982949,-0.449017093331331,0.0705078526623864,-0.189254620334472,-0.26436891260857,0.182452179112002,-0.0409583667482843,-0.5224445845262,-0.0837848222090673,-0.303114703367633,364.616157205128
358,-1.27871015525572,4.97101784756341,1.84615384615385,-0.25968396549799,0.287318090169689,0.0138170623358497,-0.122852527069338,0.414790768104639,0.14596912051765,-0.116008227358386,0.5893482995814,0.236670036111507,-0.0755103231852058,0.656463466687792,0.290476571751293,-0.45726361144195,0.0787209820909257,-0.189271314675512,-0.222097621065499,0.233342798886572,0.00562258891053653,-0.547413729130272,-0.0729889798842693,-0.310201354507271,364.716150653846
359,-1.27871015525572,4.97101784756341,1.84615384615385,-0.24528286310291,0.326967013973934,0.0408420754355121,-0.137880690250924,0.423257933825399,0.142688621787237,-0.081933885796404,0.589715958399975,0.253891036301785,-0.0416198746426547,0.797387011194986,0.377883568276166,-0.458011783914065,0.0924388938775738,-0.182786445018246,-0.160004190572524,0.305734655549141,0.0728652324883081,-0.545396910124238,-0.0460244251081741,-0.295710667616206,364.800005153846
360,-1.27871015525572,4.97101784756341,1.84615384615385,-0.22314025808838,0.414509428125024,0.0956845850183222,-0.138017653580237,0.407200098110646,0.134591222265205,-0.0720004136337111,0.515203015194877,0.221601300780583,-0.0559282549479405,0.645573375637872,0.294822560344966,-0.493427493207828,0.0518776558589801,-0.220774918674424,-0.126596199214531,0.353327068425104,0.113365434605286,-0.51720037300985,-0.0148570420320167,-0.266028707520933,364.899997717949
361,-1.27871015525572,4.97101784756341,1.84615384615385,-0.220880447298552,0.553061211243507,0.166090381972478,-0.116766366244873,0.460352599958434,0.17179311685678,-0.133790472450164,0.387799348241859,0.127004437895848,-0.0766512072425162,0.546199507802592,0.234774150280038,-0.497940919410786,0.0638470127518185,-0.217046953329484,-0.150001495632982,0.356720491202931,0.103359497784974,-0.553025813686708,-0.0204183637149457,-0.286722088700827,365.01641025641
362,-1.27871015525572,4.97101784756341,1.84615384615385,-0.235164564437647,0.506786007273057,0.135810721417705,-0.129686535681363,0.448625751369215,0.159469607843926,-0.156141982634569,0.332887086123592,0.0883725517445114,-0.147838301463646,0.416156507114629,0.134159102825491,-0.455172589224023,0.107181452026884,-0.173995568598569,-0.178821265740052,0.352623623671634,0.0869011789657908,-0.528169928592362,-0.000831270005033796,-0.264500599298698,365.116157205128
363,-1.27871015525572,4.97101784756341,1.84615384615385,-0.189168051842042,0.510270798006607,0.160551373082282,-0.0770529892040059,0.481567879035781,0.202257444915888,-0.138103122486377,0.326546911344336,0.0942218944289792,-0.198065004588937,0.230573941816945,0.0162544686140043,-0.3968301070278,0.142802348224578,-0.127013879401611,-0.239770867983713,0.280887854981604,0.0205584934989453,-0.528837761638489,-0.00905743787619012,-0.26894759975734,365.216150653846
364,-1.27871015525572,4.97101784756341,1.84615384615385,-0.20498046439287,0.350223728539891,0.0726216320735102,-0.0500232788941591,0.514253261791346,0.232114991448593,-0.0984310954318713,0.372536798947281,0.137052851757705,-0.245601458552859,0.110785001580816,-0.0674082284860215,-0.359727631822051,0.122192982641545,-0.118767324590253,-0.268216238424507,0.248751654344196,-0.00973229204015542,-0.535524670302893,-0.0092034314196428,-0.272364050861268,365.300005153846
365,-1.27871015525572,4.97101784756341,1.84615384615385,-0.167510565104055,0.475213037601898,0.153851236248922,-0.0135968583132186,0.53892824581628,0.262665693751531,-0.133866517221692,0.442310870099808,0.154222176439058,-0.254848317467353,0.0603959571121386,-0.0972261801776072,-0.371858011476816,0.0986147720223659,-0.136621619727225,-0.28408223977393,0.272968837676552,-0.00555670104868924,-0.585924603565387,-0.0503720788447461,-0.318148341205067,365.399997487179
366,-1.27871015525572,4.97101784756341,1.84615384615385,-0.225489697849284,0.410865625455169,0.0926879638029422,-0.0551403889563581,0.435383032090451,0.190121321567046,-0.199662955435443,0.409767364899501,0.105052204732029,-0.245374810096552,0.0891954336472993,-0.0780896882246262,-0.403523127118344,0.0734989065620912,-0.165012110278126,-0.216443058996146,0.377495786826934,0.0805263639153939,-0.604166799243367,-0.092408282329714,-0.34828754078654,365.51641025641
367,-1.27871015525572,4.97101784756341,1.84615384615385,-0.27058149171231,0.280847374346982,0.00513294131733591,-0.117176051845628,0.336245540745019,0.109534744449695,-0.22729323619066,0.322418571582217,0.0475626676957788,-0.247812098228064,0.113745727473017,-0.0670331853775238,-0.39733106058138,0.0632599683798936,-0.167035546100743,-0.139001779287206,0.449787419621982,0.155392820167388,-0.585738214165627,-0.0797499423129475,-0.332744078239287,365.61641374359
368,-1.29205228974465,4.9433343410267,1.82564102564103,-0.338661459170522,0.109663124040437,-0.114499167565042,-0.165888820027611,0.258094689390195,0.0461029346812921,-0.220002893561726,0.252769030277769,0.016383068358022,-0.292721889334335,0.0612993213054733,-0.115711284014431,-0.347706995584633,0.137619873083094,-0.10504356125077,-0.117332605744314,0.445777217847077,0.164222306051381,-0.532106933825233,-0.0285463745889632,-0.280326654207098,365.716407128205
369,-1.32584326973937,4.87968942358552,1.77692307692308,-0.329962681216146,0.158400031274467,-0.0857813249708396,-0.209618268659136,0.205438585726426,-0.00208984146635529,-0.222369965313646,0.195466061095187,-0.0134519521092295,-0.321221961273582,-0.012754074029854,-0.166988017651718,-0.314349471772143,0.184595550643222,-0.0648769605644607,-0.146476805495994,0.385017498315541,0.119270346409774,-0.482792147880152,0.0375385866819277,-0.222626780599112,365.800004923077
370,-1.33713431053725,4.86021123361418,1.76153846153846,-0.325245724013849,0.154685961801985,-0.0852798811059318,-0.272132258785957,0.124024877470666,-0.0740536906576456,-0.211473233428799,0.1570887497922,-0.0271922418182991,-0.342933052742948,-0.0143094225813587,-0.178621237662153,-0.32041126111681,0.157118204085327,-0.0816465285157416,-0.160397673802877,0.329807735566865,0.0847050308819945,-0.405881518827071,0.1639041350371,-0.120988691894986,365.899997487179
371,-1.33904526833262,4.85699398628134,1.75897435897436,-0.311750253205781,0.158632146522743,-0.0765590533415191,-0.331186358029953,0.0279399913479095,-0.151623183341022,-0.243065369209149,0.148237025801019,-0.0474141717040651,-0.357104717628613,0.307533979554802,-0.0247853690369052,-0.393510337247366,0.0777742899531681,-0.157868023647099,-0.157880781760916,0.331607550416448,0.0868633843277663,-0.35386337661719,0.257898999383978,-0.0479821886166057,366.016410564103
372,-1.33523168106327,4.8634368092684,1.76410256410256,-0.372659129247448,0.0674763426638624,-0.152591393291793,-0.355615481099109,-0.00440405167256522,-0.180009766385837,-0.235370571571076,0.184397874593369,-0.0254863484888534,-0.310899103506989,0.451952523005336,0.0705267097491733,-0.405390931423496,0.0704111797791531,-0.167489875822171,-0.168159150036861,0.332710342232453,0.0822755960977958,-0.361729336412825,0.224200097454937,-0.0687646194789442,366.116157205128
373,-1.33904526833262,4.85699398628134,1.75897435897436,-0.398252419053195,0.040042071641913,-0.179105173705641,-0.353942511338258,0.0035543574796043,-0.175194076929327,-0.243730558444519,0.161845806050069,-0.0409423761972248,-0.18265130285912,0.573066779239368,0.195207738190124,-0.376563460306395,0.111805254068715,-0.13237910311884,-0.183254948741588,0.308865554388386,0.0628053028233991,-0.38932508874225,0.147455453268931,-0.12093481773666,366.216150653846
374,-1.34289218989899,4.85058449759129,1.75384615384615,-0.407657787820831,-0.025878299575946,-0.216768043698389,-0.350326035022211,0.0153548379217166,-0.167485598550247,-0.245022087458971,0.163578713319135,-0.0407216870699181,-0.0986291576323058,0.502057001673665,0.201713922020679,-0.306902710137268,0.173183425920324,-0.0668596421084719,-0.194607586043171,0.277494656207488,0.0414435350821585,-0.412654906369497,0.105099057257909,-0.153777924555794,366.300004923077
375,-1.34579928164474,4.84579928164474,1.75,-0.382064741343508,-0.0106538224011472,-0.196359281872328,-0.368694613450671,0.00237652560520978,-0.183159043922731,-0.240117656865322,0.203240008401215,-0.0184388242320534,-0.0840892535505681,0.54852780077574,0.232219273612586,-0.231923340265215,0.260186983233903,0.014131821484344,-0.190495179244064,0.275003190960473,0.0422540058582046,-0.391860891021312,0.110860417477053,-0.140500236772129,366.399997641026
376,-1.34289218989899,4.85058449759129,1.75384615384615,-0.357942130300387,0.0395630029674161,-0.159189563666486,-0.386358058109898,0.00294009822639975,-0.191708979941749,-0.288874767810919,0.151249471687405,-0.0688126480617569,-0.145426654146334,0.410066307675145,0.132319826764405,-0.130509003396631,0.357106798358114,0.113298897480742,-0.209145548624657,0.267943220398428,0.0293988358868856,-0.362016642465643,0.12798785933374,-0.117014391565952,366.51641025641
377,-1.35463336924353,4.83155644616661,1.73846153846154,-0.331649244313798,0.0926725942029294,-0.119488325055434,-0.41502676772083,-0.0253744969605042,-0.220200632340667,-0.348102659256859,0.0949781374132957,-0.126562260921782,-0.164052334495861,0.36353074091771,0.0997392032109244,-0.0380349431490699,0.47330034884843,0.21763270284968,-0.208842563895057,0.305906477478702,0.0485319567918226,-0.275923370066865,0.213922221346539,-0.0310005743601632,366.616157205128
378,-1.39166936524786,4.77628474986325,1.69230769230769,-0.356954067600753,0.110547995123667,-0.123203036238543,-0.410472981632494,-0.0405436987299301,-0.225508340181212,-0.380424743486551,0.0396377456020448,-0.170393498942253,-0.180210164784947,0.2527631485372,0.0362764918761265,-0.0569604703537894,0.477201838748997,0.210120684197604,-0.207198743082559,0.365153621089827,0.078977439003634,-0.220867416126121,0.29302493133964,0.0360787576067592,366.716151307692
379,-1.40996634396484,4.74842788242638,1.66923076923077,-0.342180575736535,0.141398232193644,-0.100391171771446,-0.423080307005148,-0.0638162253546329,-0.243448266179891,-0.373177871352479,0.06913347529809,-0.152022198027195,-0.175809079362021,0.221191480024436,0.0226912003312075,-0.106330049290684,0.446603563323225,0.17013675701627,-0.189955427696834,0.430512211038122,0.120278391670644,-0.20380610059348,0.328459751891681,0.0623268256491006,366.800005153846
380,-1.33505577054403,4.82736346285172,1.74615384615385,-0.340575307390015,0.160361058692574,-0.0901071243487205,-0.403205370046724,-0.0354026399976587,-0.219304005022191,-0.348825097863641,0.0596256371813178,-0.144599730341162,-0.176604828564722,0.220977197816708,0.0221861846259927,-0.187954875493374,0.338961967086313,0.0755035457964697,-0.159639948785165,0.427316918024089,0.133838484619462,-0.25391946729292,0.267650948713037,0.00686574071005843,366.899997487179
381,-1.33227557321078,4.82971147064668,1.74871794871795,-0.335787271211176,0.187028839454307,-0.0743792158784347,-0.376287794505485,0.00903801170730778,-0.183624891399089,-0.296207913775023,0.0866933563875203,-0.104757278693751,-0.156575123320741,0.271673227567887,0.0575490521235726,-0.199909026228566,0.336091887517241,0.0680914306443373,-0.130876492976511,0.443351340651834,0.156237423837662,-0.295582239682337,0.200975038483703,-0.047303600599317,367.01641025641
382,-1.323315504318,4.84126422226672,1.75897435897436,-0.333507114891973,0.234617881332161,-0.0494446167799058,-0.337049611549373,0.0778875196021073,-0.129581045973633,-0.246474367083532,0.135004993371102,-0.055734686856215,-0.15477869312246,0.250021024533274,0.0476211657054074,-0.146204461340094,0.388803915542377,0.121299727101142,-0.126454284520891,0.445719410968059,0.159632563223584,-0.324145153234172,0.162380364216037,-0.0808823945090677,367.116157205128
383,-1.32798611425915,4.83567842195146,1.75384615384615,-0.318199505231637,0.273143499880482,-0.0225280026755776,-0.30345166044677,0.110594422200888,-0.0964286191229407,-0.211780658582337,0.154827083316956,-0.0284767876326906,-0.152341853094054,0.222219462143862,0.0349388045249039,-0.0855897466797152,0.43684366698946,0.175626960154872,-0.13490169802685,0.431106714133797,0.148102508053474,-0.319647968406162,0.159433607956108,-0.0801071802250271,367.215894525641
384,-1.32798611425915,4.83567842195146,1.75384615384615,-0.313897436822442,0.231613393650383,-0.0411420215860294,-0.251123815878788,0.175244301151202,-0.037939757363793,-0.226308440305202,0.130418945213523,-0.0479447475458395,-0.143205336939106,0.214544204918617,0.0356694339897551,-0.0523027130740786,0.476010250284711,0.211853768605316,-0.165327603885604,0.385116534856082,0.109894465485239,-0.34809808434383,0.108960999758594,-0.119568542292618,367.316157692308
385,-1.32798611425915,4.83567842195146,1.75384615384615,-0.31052731647642,0.0949098761541304,-0.107808720161145,-0.196031802782162,0.253398401056337,0.0286832991370876,-0.278449139806343,0.0636562796097644,-0.107396430098289,-0.142044799380984,0.207237860592114,0.0325965306055649,-0.0547685387730801,0.478969775796452,0.212100618511686,-0.202173551134759,0.347086929157215,0.0724566890112278,-0.344927983931256,0.0868154506687247,-0.129056266631266,367.416406923077
386,-1.32798611425915,4.83567842195146,1.75384615384615,-0.310175124011802,0.0404270928333217,-0.13487401558924,-0.146234234913771,0.318750928723006,0.0862583469046172,-0.272942619936718,0.0974917226476728,-0.0877254486445229,-0.19553346285279,0.132513144289513,-0.0315101592816383,-0.0682934646599794,0.482172685079259,0.20693961020964,-0.25338630920106,0.268026619953699,0.00732015537631941,-0.383157429763996,0.0369516524439367,-0.173102888660029,367.516410461538
387,-1.34220195728075,4.81912503420383,1.73846153846154,-0.292541161888074,0.0474474351540964,-0.122546863366989,-0.17991427096835,0.290195558508497,0.0551406437700736,-0.26613976022139,0.160005913771983,-0.0530669232247034,-0.259876957769395,0.13448854125132,-0.0626942082590374,-0.127529606259857,0.411885051964947,0.142177722852545,-0.297436894350513,0.203332788886879,-0.0470520527318169,-0.393880195731537,0.0505495933909152,-0.171665301170311,367.615900820513
388,-1.34700861902545,4.81367528569211,1.73333333333333,-0.305687319652273,0.0145732886133899,-0.145557015519441,-0.213502270811689,0.277964934907528,0.0322313320479194,-0.286681242017152,0.199162798677697,-0.0437592216697278,-0.298087871778849,0.0767517385079354,-0.110668066635457,-0.186072324262425,0.328814906353725,0.07137129104565,-0.358765389715246,0.104559388163793,-0.127103000775726,-0.372977716981881,0.110224375130889,-0.131376670925496,367.715894948718
389,-1.40734578715732,4.75093553074706,1.67179487179487,-0.303784938584319,-0.0147561520165346,-0.159270545300427,-0.214370763925721,0.246987495835473,0.0163083659548762,-0.361119369942735,0.114341062109109,-0.123389153916813,-0.30605999795575,0.053955434111773,-0.126052281921988,-0.201863746399401,0.246681466960962,0.0224088602807805,-0.400844626933522,0.0146410977150735,-0.193101764609224,-0.306053671789981,0.191200798799249,-0.0574264364953658,367.816157153846
390,-1.41787913284394,4.74095605592086,1.66153846153846,-0.289947325921718,0.0176495455156262,-0.136148890203046,-0.180182962188843,0.263395644509362,0.0416063411602593,-0.397864635971405,0.0119302489648202,-0.192967193503292,-0.322973206626454,-0.00493504534142802,-0.163954125983941,-0.193161356756386,0.275680200998723,0.0412594221211684,-0.420147576750458,-0.0508197675135972,-0.235483672132028,-0.231682794369689,0.259277931595264,0.0137975686127876,367.916150910256
391,-1.42236608800391,4.73518660082442,1.65641025641026,-0.282838309955146,0.0836413825874833,-0.0995984636838311,-0.206519603892107,0.225288746778462,0.00938457144317748,-0.439973868494248,0.00490747092614398,-0.217533198784052,-0.33400891549272,-0.0117883483894588,-0.172898631941089,-0.097566880668327,0.390506462171946,0.146469790751809,-0.434529906415259,-0.0592396739896951,-0.246884790202477,-0.210365134799986,0.246509536981265,0.0180722010906392,368.016410461538
392,-1.41787913284394,4.74095605592086,1.66153846153846,-0.294507650506518,0.092392546532767,-0.101057551986876,-0.238588829459744,0.182453336204786,-0.028067746627479,-0.456751312380641,0.0354261465054607,-0.21066258293759,-0.327796369021621,0.00960949782030436,-0.159093435600658,-0.0426257295510781,0.439690326364304,0.198532298406613,-0.401714761929108,-0.015091347561344,-0.208403054745226,-0.215007827261865,0.209818176450112,-0.00259482540587617,368.115900820513
393,-1.41787913284394,4.74095605592086,1.66153846153846,-0.281341148775503,0.110344059987966,-0.0854985443937686,-0.257854569909548,0.177772971462029,-0.0400407992237597,-0.443996943457115,0.0714356511100791,-0.186280646173518,-0.320276867247859,-0.0122199159392242,-0.166248391593542,-0.0549075474167509,0.44914821908996,0.197120335836605,-0.383570251073478,0.000769577352341117,-0.191400336860568,-0.23604391846382,0.203051688428878,-0.0164961150174708,368.21589448718
394,-1.41787913284394,4.74095605592086,1.66153846153846,-0.270905343340235,0.118382236422357,-0.0762615534589389,-0.233448532419327,0.256720909147276,0.0116361883639744,-0.434052583039425,0.0273594913192143,-0.203346545860105,-0.287512996838918,0.0472889484124989,-0.12011202421321,-0.109198237681285,0.402516760068415,0.146659261193565,-0.360945456185903,0.028073570633251,-0.166435942776326,-0.263521159486414,0.191582915083817,-0.0359691222012986,368.316413692308
395,-1.42688700641721,4.72945110898132,1.65128205128205,-0.275490931412931,0.138949228750871,-0.0682708513310298,-0.245865378253267,0.248592153533908,0.00136338764032054,-0.385291497598269,0.0920017937697734,-0.146644851914248,-0.268140403148869,0.0947148158397803,-0.0867127936545441,-0.0990032459401062,0.405952748036373,0.153474751048133,-0.367240413852081,0.0156761623212403,-0.175782125765421,-0.291988771812573,0.159680966365397,-0.0661539027235877,368.416406923077
396,-1.41787913284394,4.74095605592086,1.66153846153846,-0.291775072512563,0.156710499419453,-0.0675322865465551,-0.297561953542974,0.166127879667021,-0.0657170369379762,-0.34228992114154,0.18964370654099,-0.0763231073002752,-0.247881876620377,0.13603693459027,-0.0559224710150533,-0.0751003319086098,0.424925202229558,0.174912435160474,-0.330524646385564,0.0200130954335816,-0.155255775475991,-0.311795918246722,0.124018952711073,-0.0938884827678245,368.515897641026
397,-1.40900702632983,4.75259676991958,1.67179487179487,-0.277737415433459,0.187841928437156,-0.0449477434981515,-0.345126447473093,0.0717355823339889,-0.136695432569552,-0.333214010657888,0.355313980740005,0.0110499850410587,-0.265291567078638,0.0726874810365006,-0.0963020430210687,-0.0859342873487682,0.399533378011662,0.156799545331447,-0.28107058551576,0.0692572317551462,-0.105906676880307,-0.310124401367462,0.109611130851184,-0.100256635258139,368.615901051282
398,-1.41342611972469,4.74675945305802,1.66666666666667,-0.248254190684594,0.225527892712917,-0.0113631489858386,-0.351726189467906,0.0410318419553342,-0.155347173756286,-0.278480751525058,0.558371346506329,0.139945297490635,-0.298742390979589,0.0141424829314885,-0.14229995402405,-0.163294667834622,0.360169613227722,0.0984374726965503,-0.216596257864525,0.168694029974843,-0.0239511139448414,-0.310688031239731,0.127748595147686,-0.0914697180460225,368.716407128205
399,-1.41787913284394,4.74095605592086,1.66153846153846,-0.237302476281709,0.233764032541279,-0.00176922187021507,-0.341577184980596,0.0232977062346499,-0.159139739372973,-0.296808158729673,0.394356810742844,0.0487743260065854,-0.320638281216393,-0.0270467640248827,-0.173842522620638,-0.174566942284405,0.368856950134363,0.097145003924979,-0.191574270599563,0.221531120326585,0.0149784248635107,-0.362008149172719,0.0998303443084378,-0.13108890243214,368.816413538462
400,-1.41787913284394,4.74095605592086,1.66153846153846,-0.252790496851848,0.330363583968316,0.0387865435582339,-0.312629661590484,0.0567378064791669,-0.127945927555658,-0.338203129308994,0.182968125877889,-0.0776175017155525,-0.305726369257421,-0.00746268161862866,-0.156594525438025,-0.160964038064029,0.427983694657627,0.133509828296799,-0.243276115944189,0.159778426749124,-0.0417488445975328,-0.350192931779002,0.115881432249328,-0.117155749764837,368.916406923077
401,-1.41787913284394,4.74095605592086,1.66153846153846,-0.211179197268874,0.361051587949622,0.0749361953403739,-0.250380501213946,0.141765705304708,-0.0543073979546189,-0.382659370896586,0.078284847643513,-0.152187261626537,-0.271104814922475,0.153791621408466,-0.0586565967570044,-0.140462618231329,0.440570365344647,0.150053873556659,-0.285974559199798,0.0991794010127881,-0.093397579093505,-0.348656583200346,0.123686429505224,-0.112485076847561,369.01641025641
402,-1.41787913284394,4.74095605592086,1.66153846153846,-0.199972902209225,0.424817710970397,0.112422404380586,-0.215017481686058,0.163830663862156,-0.025593408911951,-0.412008953356594,0.0527634652465155,-0.179622744055039,-0.279634384474218,0.122397689614058,-0.0786183474300796,-0.159500188663167,0.37669305580072,0.108596433568777,-0.301840045468451,0.0976168691806877,-0.102111588143882,-0.312636129712597,0.148757679019815,-0.0819392253463908,369.11641374359
403,-1.41787913284394,4.74095605592086,1.66153846153846,-0.205016178028338,0.349861599719954,0.0724227108458081,-0.229321508732622,0.127065344233413,-0.0511280822496045,-0.444934166694617,0.0112091870490551,-0.216862489822781,-0.314846170129314,0.0875520690082441,-0.113647050560535,-0.194411475660542,0.290083128196882,0.0478358262681701,-0.272234359597771,0.181771677943552,-0.0452313408271098,-0.307627579974597,0.146037622771335,-0.0807949786016309,369.216407128205
404,-1.41787913284394,4.74095605592086,1.66153846153846,-0.252716800993676,0.272728499196701,0.0100058491015128,-0.24284833777025,0.101356698650631,-0.0707458195598094,-0.476409938028501,-0.0520650998205458,-0.264237518924523,-0.310781366573365,0.0738425166873646,-0.118469424943,-0.177402930931834,0.273292404120776,0.0479447365944708,-0.292380412624609,0.223864665192671,-0.0342578737159693,-0.301117908183798,0.161665376645023,-0.0697262657693877,369.316413692308
405,-1.41787913284394,4.74095605592086,1.66153846153846,-0.229397948306407,0.384931900418298,0.0777669760559452,-0.265945401041438,0.062507175481656,-0.101719112779891,-0.457094445119574,-0.0847762284524773,-0.270935336786026,-0.314829550096187,0.0466519277006084,-0.134088811197789,-0.118485481092125,0.343871145725955,0.112692832316915,-0.331505101923133,0.183550785974087,-0.0739771579745229,-0.363344353107963,0.114738602238433,-0.124302875434765,369.416407076923
406,-1.41787913284394,4.74095605592086,1.66153846153846,-0.258189706849932,0.346964540728874,0.044387416939471,-0.276694493501813,0.0880294994631793,-0.0943324970193171,-0.420678757723746,-0.0499618331088839,-0.235320295416315,-0.30069835247842,0.0565010383886995,-0.12209865704486,-0.0642712688750605,0.415063666744274,0.175396198934607,-0.292239391513734,0.202687296831999,-0.0447760473408674,-0.369108310256531,0.0864479743374444,-0.141330167959544,369.51641025641
407,-1.41787913284394,4.74095605592086,1.66153846153846,-0.26137304228723,0.317659641853947,0.0281432997833587,-0.295318683859688,0.130781107346707,-0.0822687882564906,-0.457122575029424,-0.117194949079267,-0.287158762054346,-0.313868443806054,-0.0466472113620973,-0.180257827584076,-0.0233980573459763,0.451020767462356,0.21381135505819,-0.269187669522506,0.210125294342552,-0.0295311875899766,-0.414872103863823,0.0212663093673427,-0.19680289724824,369.616157205128
408,-1.41787913284394,4.74095605592086,1.66153846153846,-0.323243070859961,0.200099885993263,-0.061571592433349,-0.314743005881789,0.124165414776918,-0.0952887955524352,-0.460170574049369,-0.117407614356208,-0.288789094202789,-0.292205951389688,-0.0502822465085813,-0.171244098949134,-0.0302544399162707,0.428485221408451,0.19911539074609,-0.211686549412457,0.247405455637924,0.0178594531127337,-0.422963921172708,0.00659295282200912,-0.208185484175349,369.716150961538
409,-1.41787913284394,4.74095605592086,1.66153846153846,-0.385081388834615,0.0755034566127194,-0.154788966110948,-0.351745055281073,0.0739746237715885,-0.138885215754742,-0.445872288314539,-0.121158873387486,-0.283515580851012,-0.309849220491169,-0.0803506952874026,-0.195099957889286,-0.064843130864449,0.383203370139319,0.159180119637435,-0.190988789168182,0.270521540360434,0.0397663755961258,-0.418863411586804,0.0270673449971908,-0.195898033294807,369.816413538462
410,-1.41787913284394,4.74095605592086,1.66153846153846,-0.428032901514731,-0.0123237439142076,-0.220178322714469,-0.351890919878831,0.0638225519710866,-0.144034183953872,-0.420601017140163,-0.122626708628649,-0.271613862884406,-0.317190246374391,-0.126332545534927,-0.221761395954659,-0.0958659289555552,0.338437409366957,0.121285740205701,-0.223042053613337,0.241502137638424,0.00923004201254381,-0.405839072119963,0.0479300913967308,-0.178954490361616,369.916406923077
411,-1.41787913284394,4.74095605592086,1.66153846153846,-0.387691076062954,0.0350944110069025,-0.176298332528026,-0.328767574072568,0.110016487552788,-0.10937554325989,-0.439430756670033,-0.147095963958649,-0.293263360314341,-0.337557831440568,-0.1584671003666,-0.248012465903584,-0.130981930837357,0.296056928215192,0.0825374986889173,-0.274782861235395,0.197342135268437,-0.0387203629834788,-0.376096195932674,0.0692079417137604,-0.153444127109457,370.015897641026
