slice,ci_lower_diskomfort,ci_upper_diskomfort,mean_diskomfort,ci_lower_anger_sm,ci_upper_anger_sm,mean_fl_anger_sm,ci_lower_disgust_sm,ci_upper_disgust_sm,mean_fl_disgust_sm,ci_lower_fear_sm,ci_upper_fear_sm,mean_fl_fear_sm,ci_lower_happiness_sm,ci_upper_happiness_sm,mean_fl_happiness_sm,ci_lower_sadness_sm,ci_upper_sadness_sm,mean_fl_sadness_sm,ci_lower_surprise_sm,ci_upper_surprise_sm,mean_fl_surprise_sm,ci_lower_neutral_sm,ci_upper_neutral_sm,mean_fl_neutral_sm,mean_rel_zeit_s
1,-1.5349686989503,4.61189177587337,1.53846153846154,-0.157948765678349,0.278618956832187,0.0603350955769191,-0.226207236520471,0.33899303198812,0.0563928977338244,-0.309706358472752,0.0759647665420953,-0.116870795965328,-0.305018082924531,0.0419003674133792,-0.131558857755576,-0.200082999897646,0.34113757745319,0.070527288777772,-0.291458721513547,0.319878752280641,0.0142100153835473,-0.268389036030765,0.316120826250337,0.023865895109786,428
2,-1.5349686989503,4.61189177587337,1.53846153846154,-0.063134239801355,0.566293900469191,0.251579830333918,-0.124944687430099,0.495033515675707,0.185044414122804,-0.289357248890046,0.324306270826626,0.0174745109682901,-0.282890578382562,0.128615714168205,-0.0771374321071786,-0.220338549841097,0.295342809563064,0.0375021298609834,-0.311233084444247,0.329037314886215,0.00890211522098413,-0.291516990106865,0.28445165099326,-0.00353266955680244,428.116157205128
3,-1.5349686989503,4.61189177587337,1.53846153846154,0.0846430649707218,0.704292484665616,0.394467774818169,-0.0857215843918857,0.45901051401999,0.186644464814052,-0.25292662293188,0.206202537297539,-0.0233620428171705,-0.26243204907638,0.232752217479169,-0.0148399157986058,-0.217279939526783,0.295078126677628,0.0388990935754225,-0.291713452156951,0.326772881049735,0.0175297144463918,-0.307437776585187,0.261795549581852,-0.0228211135016678,428.215895538462
4,-1.5349686989503,4.61189177587337,1.53846153846154,0.0631944769619287,0.714184431337559,0.388689454149744,-0.0770919178666426,0.493435895660642,0.208171988897,-0.263759108476988,0.150045722040839,-0.0568566932180746,-0.230146651333374,0.301976257423417,0.0359148030450214,-0.262177657356618,0.233834420772384,-0.0141716182921171,-0.264640092976018,0.349686237843806,0.0425230724338943,-0.32363694870918,0.216972065844171,-0.0533324414325042,428.299749410256
5,-1.5349686989503,4.61189177587337,1.53846153846154,-0.00208041159821231,0.635436415493068,0.316678001947428,-0.0868473449937736,0.479558267655305,0.196355461330766,-0.284457151586068,0.124600608141585,-0.0799282717222415,-0.255795844680808,0.398569286131435,0.0713867207253132,-0.292267461634161,0.172622986387469,-0.059822237623346,-0.240142759578472,0.349562432403849,0.0547098364126884,-0.358372600866314,0.159803943344347,-0.0992843287609835,428.399997487179
6,-1.5349686989503,4.61189177587337,1.53846153846154,-0.15456555317412,0.444829162650074,0.145131804737977,-0.104931683069001,0.502884314610938,0.198976315770969,-0.327104583922185,0.0652529349391285,-0.130925824491528,-0.277227402373585,0.350056489098136,0.0364145433622755,-0.324547896736151,0.124829800900965,-0.0998590479175926,-0.246334684168861,0.286690934684854,0.0201781252579967,-0.371622881140029,0.138307111147385,-0.116657884996322,428.516153846154
7,-1.5349686989503,4.61189177587337,1.53846153846154,-0.178119693620986,0.30106564981618,0.061472978097597,-0.0895955307769441,0.504458567045371,0.207431518134213,-0.347438130986859,0.0241826556243988,-0.16162773768123,-0.287801633259002,0.237649424680396,-0.0250761042893031,-0.309453577587108,0.18535384906698,-0.0620498642600637,-0.259742557978382,0.254350723872533,-0.00269591705292453,-0.428742351617369,0.0913527965459848,-0.168694777535692,428.616157358974
8,-1.5349686989503,4.61189177587337,1.53846153846154,-0.173664403446193,0.230877364778566,0.0286064806661866,-0.048945629237773,0.496042423281834,0.223548397022031,-0.341224322827297,0.0366588341145865,-0.152282744356355,-0.284242889825751,0.043468098128842,-0.120387395848454,-0.333841475440316,0.185527590336994,-0.0741569425516612,-0.258817109949143,0.239089282620055,-0.00986391366454384,-0.438168770365098,0.103565808777073,-0.167301480794012,428.716407128205
9,-1.5349686989503,4.61189177587337,1.53846153846154,-0.209868399718987,0.157579734334001,-0.0261443326924927,-0.0480342787651872,0.518144270817553,0.235054996026183,-0.36470753352213,0.0665698761940722,-0.149068828664029,-0.301407252397666,-0.0241699880092249,-0.162788620203446,-0.319587958121898,0.194299005259953,-0.0626444764309726,-0.230301824724611,0.257301211395386,0.0134996933353872,-0.456920631679965,0.102936931678939,-0.176991850000513,428.800004923077
10,-1.5349686989503,4.61189177587337,1.53846153846154,-0.238209834879664,0.196878683618533,-0.0206655756305654,0.0233666971511921,0.615759094095933,0.319562895623562,-0.367926726290629,0.0238885134249594,-0.172019106432835,-0.252309432011826,0.160694646989967,-0.0458073925109296,-0.288436515831636,0.1805255789828,-0.0539554684244182,-0.231087187938776,0.210030976234467,-0.0105281058521541,-0.429642705150432,0.108582115328953,-0.16053029491074,428.89999875641
11,-1.5349686989503,4.61189177587337,1.53846153846154,-0.252809943087775,0.144902229386468,-0.0539538568506536,0.065026786647477,0.657520363777484,0.36127357521248,-0.39586071143607,0.0206849637702266,-0.187587873832922,-0.258564205310836,0.210715392315313,-0.0239244064977614,-0.28008497660988,0.16362542348561,-0.058229776562135,-0.274828649316592,0.19262024799389,-0.0411042006613509,-0.35779584365331,0.149716633151798,-0.104039605250756,429.015897435898
12,-1.5349686989503,4.61189177587337,1.53846153846154,-0.243437277678935,0.185024739144196,-0.0292062692673697,0.0354898039451498,0.558042089405419,0.296765946675285,-0.411126947107984,-0.0229979620867899,-0.217062454597387,-0.250679253304862,0.19448306769777,-0.0280980928035463,-0.257265184171812,0.19898061367471,-0.0291422852485513,-0.334657540617185,0.150236215897516,-0.0922106623598343,-0.315161949989117,0.169722141941283,-0.072719904023917,429.115900897436
13,-1.5349686989503,4.61189177587337,1.53846153846154,-0.200930567042006,0.250460252196915,0.0247648425774547,-0.0663781753611353,0.387219712769104,0.160420768703984,-0.379001101337447,-0.00293735400187135,-0.190969227669659,-0.242257571961852,0.139285768137323,-0.0514859019122644,-0.280748828541234,0.184566933970696,-0.048090947285269,-0.324642707500858,0.151558143434526,-0.0865422820331659,-0.336287049577791,0.178811757752403,-0.0787376459126936,429.216407333333
14,-1.5349686989503,4.61189177587337,1.53846153846154,-0.202741232990214,0.197116862307667,-0.00281218534127325,-0.0964421378836759,0.39348993819894,0.148523900157632,-0.378702280670996,-0.0317306682189678,-0.205216474444982,-0.203024931673388,0.230474282039336,0.0137246751829738,-0.232757764352038,0.253147133025348,0.0101946843366552,-0.314050730897736,0.166934630632861,-0.0735580501324373,-0.395444277314471,0.138006259783905,-0.128719008765283,429.300007384615
15,-1.5349686989503,4.61189177587337,1.53846153846154,-0.234792106948512,0.0624632347497149,-0.0861644360993984,-0.0680121028321781,0.442517543351257,0.18725272025954,-0.370733614481806,-0.0182648059241048,-0.194499210202955,-0.21491261010706,0.245447068315099,0.0152672291040191,-0.259016130820979,0.232747199544394,-0.0131344656382928,-0.280965699543698,0.218253936869998,-0.0313558813368501,-0.387644717313765,0.144261742300559,-0.121691487506603,429.399741269231
16,-1.5349686989503,4.61189177587337,1.53846153846154,-0.317484981962977,-0.0878480292116314,-0.202666505587304,-0.0505899987997955,0.480126300756283,0.214768150978244,-0.351516274829587,0.0200078512703649,-0.165754211779611,-0.228992496939434,0.288052266518043,0.0295298847893048,-0.229540322127663,0.263939617335412,0.0171996476038743,-0.259642310665923,0.247938438675417,-0.0058519359952527,-0.346267233673406,0.179630060575364,-0.0833185865490209,429.515898
17,-1.5349686989503,4.61189177587337,1.53846153846154,-0.381052127105846,-0.161329374491239,-0.271190750798543,-0.0564215259417087,0.430036649992694,0.186807562025493,-0.28367363526543,0.119720618659046,-0.081976508303192,-0.212154362705942,0.286570438759414,0.0372080380267362,-0.285593982527793,0.144427871891997,-0.0705830553178981,-0.228341724632361,0.29195564312223,0.0318069592449343,-0.316101986367434,0.199278941177329,-0.0584115225950525,429.61538825641
18,-1.5349686989503,4.61189177587337,1.53846153846154,-0.39655237754612,-0.166683392110057,-0.281617884828088,-0.130874336549447,0.30103060174804,0.085078132599297,-0.223488363306554,0.232372454108037,0.0044420454007415,-0.20273931107424,0.338652791499604,0.0679567402126821,-0.354669849888539,0.0237913323886232,-0.165439258749958,-0.179982461426939,0.303715406537129,0.0618664725550952,-0.306907630075153,0.200870736830831,-0.053018446622161,429.715381769231
19,-1.5349686989503,4.61189177587337,1.53846153846154,-0.394704297284859,-0.115462097874509,-0.255083197579684,-0.182817412251271,0.241562871351188,0.0293727295499586,-0.181456158501508,0.309089967303992,0.0638169044012422,-0.191780163621284,0.382247304442294,0.0952335704105052,-0.368766390951537,-0.00782511506888803,-0.188295753010213,-0.1820542906811,0.251880355271825,0.0349130322953626,-0.285434244333066,0.237139618345499,-0.0241473129937835,429.799748794872
20,-1.5349686989503,4.61189177587337,1.53846153846154,-0.362881403347053,-0.0731191488908199,-0.218000276118936,-0.211592959336004,0.263931450195421,0.0261692454297081,-0.145778129593113,0.411273883924069,0.132747877165478,-0.207491050019578,0.334928402943835,0.0637186764621283,-0.40303502155421,0.00943768857675546,-0.196798666488728,-0.16004637409118,0.247193076886043,0.0435733513974316,-0.200175119790334,0.313814247215501,0.0568195637125839,429.899997910256
21,-1.5349686989503,4.61189177587337,1.53846153846154,-0.304029173771585,0.0641899027291543,-0.119919635521215,-0.209268823507245,0.341798042812032,0.0662646096523934,-0.135003384575855,0.481669370086064,0.173332992755104,-0.249036996271355,0.241787075132008,-0.00362496056967367,-0.431249502050109,0.00776754349718801,-0.21174097927646,-0.159342581352739,0.271967090916353,0.0563122547818073,-0.109999700406474,0.391305928957442,0.140653114275484,430.016153846154
22,-1.5349686989503,4.61189177587337,1.53846153846154,-0.271450564085661,0.13936105319559,-0.0660447554450357,-0.199622563783057,0.37020677337096,0.0852921047939517,-0.176950422660159,0.45641351076344,0.139731544051641,-0.226161844176497,0.15806818373289,-0.0340468302218036,-0.40271183477998,0.0215267674047634,-0.190592533687608,-0.148291487169648,0.326601168008623,0.0891548404194871,-0.093409787250025,0.379081583271377,0.142835898010676,430.11615724359
23,-1.5349686989503,4.61189177587337,1.53846153846154,-0.213519691057721,0.335444537932503,0.0609624234373907,-0.181304740404919,0.362010816990147,0.0903530382926139,-0.195429631293722,0.395932946563968,0.100251657635123,-0.189064943538679,0.171766726015993,-0.0086491087613432,-0.342733904103023,0.097563363602367,-0.122585270250328,-0.167242296484238,0.34002897278704,0.086393338151401,-0.142613319696235,0.330665590580901,0.0940261354423329,430.216407282051
24,-1.5349686989503,4.61189177587337,1.53846153846154,-0.284021803222641,0.281771285057493,-0.00112525908257435,-0.158922416408575,0.328226895793407,0.084652239692416,-0.19101910033825,0.3691399111531,0.0890604054074253,-0.17190076636991,0.233583202965096,0.0308412182975929,-0.254850677922542,0.233517367765517,-0.0106666550785126,-0.192857841058231,0.322765116247418,0.0649536375945932,-0.196651413205755,0.26861728649397,0.0359829366441072,430.300004923077
25,-1.5349686989503,4.61189177587337,1.53846153846154,-0.289718729664983,0.234116100666935,-0.0278013144990242,-0.162486941282242,0.279156642641737,0.0583348506797478,-0.241550318609669,0.203567034555098,-0.0189916420272853,-0.164299453962728,0.271975882183893,0.0538382141105824,-0.222424618555306,0.307218803077419,0.0423970922610564,-0.182396970523559,0.325145199020385,0.0713741142484127,-0.190789042345132,0.255742433615165,0.0324766956350168,430.399997871795
26,-1.5349686989503,4.61189177587337,1.53846153846154,-0.346992372038838,0.101564962018427,-0.122713705010205,-0.182830479228996,0.244951149111976,0.0310603349414899,-0.273006911574754,0.0902514643631494,-0.0913777236058024,-0.159347031506147,0.265755005646607,0.0532039870702299,-0.242662192849114,0.292089837512499,0.0247138223316925,-0.15615851628803,0.32675551323298,0.0852984984724748,-0.0888918028630016,0.296083300425729,0.103595748781364,430.51641025641
27,-1.5349686989503,4.61189177587337,1.53846153846154,-0.36912206927031,0.105676442841876,-0.131722813214217,-0.185041535219217,0.239736936147506,0.0273477004641448,-0.26449319605278,0.10570306469164,-0.0793950656805702,-0.219894271695259,0.158645030463948,-0.0306246206156554,-0.281808341561702,0.261542676246681,-0.0101328326575104,-0.126324847164135,0.333585518259758,0.103630335547811,-0.0336072439852824,0.331940296048229,0.149166526031473,430.616413589744
28,-1.5349686989503,4.61189177587337,1.53846153846154,-0.404568576212688,0.058647104376493,-0.172960735918098,-0.186846836442818,0.242680789318107,0.0279169764376446,-0.245318437278383,0.165369628698491,-0.0399744042899463,-0.277223965423598,0.0592643578282675,-0.108979803797666,-0.208339692228028,0.300349493384076,0.0460049005780241,-0.109671233504514,0.326844510786393,0.10858663864094,-0.0607232047277936,0.315306247886745,0.127291521579476,430.716406974359
29,-1.5349686989503,4.61189177587337,1.53846153846154,-0.364051615513779,-0.0440419916805142,-0.204046803597146,-0.184257742377757,0.304903900663512,0.0603230791428775,-0.241694907562617,0.231741452440514,-0.00497672756105152,-0.2957921770252,-0.00174883616561514,-0.148770506595407,-0.133139109268184,0.377360108742385,0.122110499737101,-0.129221590983178,0.311295445291924,0.0910369271543727,-0.138230351728167,0.260899464287756,0.0613345562797946,430.800004923077
30,-1.5349686989503,4.61189177587337,1.53846153846154,-0.383104261223978,-0.0117632112864927,-0.197433736255236,-0.206893245551719,0.31368509525117,0.0533959248497255,-0.268605713752901,0.282352575826943,0.00687343103702076,-0.273903755914709,0.0847878802027939,-0.0945579378559574,-0.0357347415144474,0.495420016530668,0.22984263750811,-0.121516669700128,0.287727728206153,0.0831055292530127,-0.207744962567224,0.215688198705283,0.00397161806902961,430.89999748718
31,-1.5349686989503,4.61189177587337,1.53846153846154,-0.408683329071167,0.131104590954152,-0.138789369058507,-0.201106541097628,0.315363623244432,0.0571285410734022,-0.314206919608179,0.276856205032862,-0.0186753572876587,-0.293740809498042,0.142447977832783,-0.0756464158326294,-0.0281186985766432,0.529505994510905,0.250693647967131,-0.168093256501875,0.253893369365647,0.0429000564318858,-0.210559519947351,0.238374355712908,0.0139074178827786,431.016410461538
32,-1.5349686989503,4.61189177587337,1.53846153846154,-0.432666327507667,0.0353051756005453,-0.198680575953561,-0.223246356427328,0.243733259795323,0.0102434516839976,-0.336105601577683,0.191609619778018,-0.0722479908998327,-0.250102808375173,0.281979539118326,0.0159383653715768,-0.0628732774755139,0.430534472866736,0.183830597695611,-0.179875362367686,0.240588075319682,0.030356356475998,-0.209051667567424,0.235442496719945,0.0131954145762603,431.116413589744
33,-1.5349686989503,4.61189177587337,1.53846153846154,-0.388278908785074,0.0800236965638805,-0.154127606110597,-0.268166712048274,0.245319219737729,-0.0114237461552724,-0.350851952130925,0.136369933572514,-0.107241009279206,-0.23237685014859,0.200128679904873,-0.0161240851218582,-0.112910174214952,0.401607158297316,0.144348492041182,-0.19116593931851,0.233418550220776,0.0211263054511329,-0.232072966441118,0.196064627167659,-0.0180041696367293,431.216407128205
34,-1.5349686989503,4.61189177587337,1.53846153846154,-0.410256974155915,0.017014639062291,-0.196621167546812,-0.325750671181152,0.178094829819941,-0.0738279206806055,-0.372935614459264,0.106887437440756,-0.133024088509254,-0.218182837997088,0.26875172507242,0.0252844435376657,-0.169863661876562,0.376237023544307,0.103186680833873,-0.189417123984321,0.218000221557025,0.0142915487863518,-0.286461801577136,0.154304895887894,-0.0660784528446211,431.300004923077
35,-1.5349686989503,4.61189177587337,1.53846153846154,-0.434938885183361,0.0582082794630066,-0.188365302860177,-0.296531231282079,0.132348096905436,-0.0820915671883214,-0.399810895937943,0.0789376844957585,-0.160436605721092,-0.232383706403319,0.339034599927855,0.0533254467622676,-0.181434545455027,0.350975182226414,0.0847703183856932,-0.212162387369095,0.196633064606722,-0.00776466138118664,-0.324775443238906,0.14404282215995,-0.0903663105394782,431.399997641026
36,-1.5349686989503,4.61189177587337,1.53846153846154,-0.405383216925483,0.0390123419855926,-0.183185437469945,-0.27282883933345,0.173450749694538,-0.0496890448194562,-0.411020762111702,-0.0279804062014373,-0.21950058415657,-0.251609236625922,0.379719014962318,0.0640548891681979,-0.153896558943479,0.316936076754803,0.0815197589056617,-0.231728691730726,0.193244537352668,-0.0192420771890292,-0.372803025739907,0.0901798345706812,-0.141311595584613,431.516410461538
37,-1.5349686989503,4.61189177587337,1.53846153846154,-0.427997892853343,0.0542262624564987,-0.186885815198422,-0.213543523504789,0.295440944734947,0.0409487106150788,-0.423090149637982,-0.0604471404354646,-0.241768645036723,-0.254743023248519,0.273553995635657,0.00940548619356905,-0.182758415014575,0.250294601318678,0.0337680931520514,-0.264136328486796,0.157209369216962,-0.0534634796349171,-0.394047880517945,0.0519035983588209,-0.171072141079562,431.616413589744
38,-1.5349686989503,4.61189177587337,1.53846153846154,-0.421462534811572,0.079114276453915,-0.171174129178828,-0.245346897389144,0.219100802774478,-0.0131230473073329,-0.418019056711776,-0.0305342992205553,-0.224276677966166,-0.217305546754199,0.177053706831619,-0.02012591996129,-0.224160792635923,0.233571672080165,0.00470543972212087,-0.270258441664787,0.137118093095847,-0.0665701742844699,-0.379409487294271,0.0561088678698826,-0.161650309712194,431.716150538462
39,-1.5349686989503,4.61189177587337,1.53846153846154,-0.398395212552561,0.081760074368046,-0.158317569092257,-0.280191735475736,0.152577862885624,-0.0638069362950558,-0.39081904942303,0.0259099722978624,-0.182454538562584,-0.231471974979305,0.130783232468746,-0.0503443712552799,-0.327331469083888,0.165682887447169,-0.0808242908183593,-0.266762592861122,0.172874591176431,-0.0469440008423455,-0.354337087959726,0.113730844268903,-0.120303121845412,431.799748641026
40,-1.5349686989503,4.61189177587337,1.53846153846154,-0.383716270364577,0.0349936758196142,-0.174361297272481,-0.30514735359882,0.0531006170284988,-0.126023368285161,-0.316624449843042,0.146001425331191,-0.0853115122559256,-0.193100283858028,0.189874874206472,-0.00161270482577829,-0.368499617998117,0.137892318351265,-0.115303649823426,-0.211551274966725,0.250108820591781,0.0192787728125281,-0.33271805322011,0.136471956138179,-0.0981230485409658,431.899997487179
41,-1.5349686989503,4.61189177587337,1.53846153846154,-0.340352684130265,-0.0169166261490954,-0.17863465513968,-0.297889641576828,0.0884781274106994,-0.104705757083064,-0.299130983831881,0.164745420817699,-0.0671927815070907,-0.185426078281446,0.167672575168027,-0.00887675155670958,-0.390305596822806,0.109439988865316,-0.140432803978745,-0.17234030575082,0.289468874169919,0.0585642842095498,-0.342867923734249,0.124271146663336,-0.109298388535456,432.016153846154
42,-1.5349686989503,4.61189177587337,1.53846153846154,-0.376919629744878,-0.117038401760343,-0.24697901575261,-0.248908776735512,0.17890950461135,-0.0349996360620812,-0.280421296529704,0.142350678251805,-0.0690353091389496,-0.184011941727776,0.124906186849404,-0.0295528774391861,-0.362954851451743,0.105550800593038,-0.128702025429353,-0.176860197404652,0.258373731681021,0.0407567671381846,-0.353185303768696,0.0852742579093366,-0.13395552292968,432.115901320513
43,-1.5349686989503,4.61189177587337,1.53846153846154,-0.426353735523997,-0.168024142079244,-0.29718893880162,-0.171859661430963,0.278357173918571,0.0532487562438038,-0.282667840430475,0.132831411384096,-0.0749182145231893,-0.224899729095114,0.227650536141769,0.0013754035233276,-0.355995609053107,0.0953138932820103,-0.130340857885548,-0.194990752002028,0.226996303851227,0.0160027759245999,-0.4344215695266,-0.0243556016609517,-0.229388585593776,432.216150653846
44,-1.5349686989503,4.61189177587337,1.53846153846154,-0.456053341195312,-0.226523039095546,-0.341288190145429,-0.156114205725246,0.299355360044382,0.0716205771595676,-0.243225063698627,0.179732462886015,-0.031746300406306,-0.217488328321535,0.304540367510293,0.0435260195943792,-0.301414454243181,0.169491834292815,-0.0659613099751834,-0.209697115627451,0.223266365138252,0.00678462475540058,-0.50198855769678,-0.0842779842428735,-0.293133270969827,432.300004923077
45,-1.5349686989503,4.61189177587337,1.53846153846154,-0.409250166510978,-0.145956568329821,-0.277603367420399,-0.101269196537637,0.390285670522071,0.144508236992217,-0.305146985785145,0.0944392308422678,-0.105353877471438,-0.201747210329525,0.350151516539717,0.0742021531050962,-0.258107524540146,0.286888220776254,0.0143903481180539,-0.265469305254302,0.172375039937621,-0.0465471326583404,-0.563197235186782,-0.145104921605516,-0.354151078396149,432.399997487179
46,-1.5349686989503,4.61189177587337,1.53846153846154,-0.366006652182657,-0.0110662090391053,-0.188536430610881,-0.100380967487989,0.463084730675963,0.181351881593987,-0.305962902977395,0.127963891016676,-0.0889995059803592,-0.172613561381848,0.304918036859101,0.0661522377386266,-0.289948592684634,0.27363537697555,-0.00815660785454207,-0.287492302572971,0.154080828428557,-0.0667057370722068,-0.568855903224391,-0.120965165137084,-0.344910534180737,432.51641025641
47,-1.5349686989503,4.61189177587337,1.53846153846154,-0.337939601396403,0.0151895713673717,-0.161375015014516,-0.123846742521328,0.47887650758866,0.177514882533666,-0.331716773969945,0.0921554348780119,-0.119780669545966,-0.190702576388705,0.139127969490007,-0.0257873034493486,-0.357510211042235,0.18116930860842,-0.0881704512169071,-0.275745277764233,0.192509204106791,-0.041618036828721,-0.499923479794154,-0.0277228879216218,-0.263823183857888,432.616413589744
48,-1.5349686989503,4.61189177587337,1.53846153846154,-0.349745076313844,-0.0417272080539827,-0.195736142183913,-0.140672945011307,0.426518829745648,0.142922942367171,-0.338180257222896,0.0856549190830638,-0.126262669069916,-0.212143151911305,-0.00312524876337983,-0.107634200337342,-0.354044428481129,0.162036238640476,-0.0960040949203261,-0.282988013907127,0.170697915766582,-0.0561450490702722,-0.41974320659643,0.0460967238775322,-0.186823241359449,432.716407128205
49,-1.5349686989503,4.61189177587337,1.53846153846154,-0.350666081915046,-0.0246625929842089,-0.187664337449628,-0.165293288512523,0.310822507109073,0.0727646092982751,-0.329398499470132,0.108130570717155,-0.110633964376488,-0.218168643664081,-0.0163877517345384,-0.11727819769931,-0.298551313715953,0.183226819649713,-0.0576622470331201,-0.29020228165853,0.144219561896032,-0.0729913598812489,-0.341485315346878,0.112810247404706,-0.114337533971086,432.800004923077
50,-1.5349686989503,4.61189177587337,1.53846153846154,-0.335526864460276,-0.000409053410430888,-0.167967958935353,-0.184188239960834,0.191243604462058,0.00352768225061205,-0.32360214441594,0.124725532047328,-0.099438306184306,-0.214143907907652,0.0733860939813338,-0.0703789069631589,-0.223523176595713,0.241955998115461,0.00921641075987399,-0.273563062392454,0.170684059898348,-0.0514395012470531,-0.312505991760448,0.118935437030607,-0.0967852773649201,432.89999775641
51,-1.5349686989503,4.61189177587337,1.53846153846154,-0.373314107884038,-0.00266823955782736,-0.187991173720933,-0.210726793889145,0.202247855452126,-0.00423946921850926,-0.320438024793016,0.110939843877065,-0.104749090457975,-0.263540554736856,0.0999550921398128,-0.0817927312985216,-0.211010581212235,0.257151616423798,0.0230705176057812,-0.2067605462722,0.271367102082262,0.0323032779050309,-0.321177011311137,0.113515393046462,-0.103830809132338,433.016410461538
52,-1.5349686989503,4.61189177587337,1.53846153846154,-0.396034276007451,-0.0206900534436153,-0.208362164725533,-0.249313774676683,0.280895911004641,0.0157910681639793,-0.346092616727721,0.0862736648846949,-0.129909475921513,-0.263552660387661,0.0866860081160921,-0.0884333261357844,-0.215616580711664,0.304518384135849,0.0444509017120927,-0.167143491785305,0.339622596412249,0.0862395523134721,-0.371415761663038,0.0825834926147613,-0.144416134524138,433.115900820513
53,-1.5349686989503,4.61189177587337,1.53846153846154,-0.443419011051936,-0.106662956352801,-0.275040983702369,-0.239299123557103,0.317216067442794,0.0389584719428455,-0.334236000817931,0.0922032933859747,-0.121016353715978,-0.274873072260441,0.306609607401526,0.0158682675705423,-0.193585239079019,0.333606826188533,0.0700107935547569,-0.186564850236783,0.327428742858205,0.0704319463107109,-0.390813264778893,0.065187475795587,-0.162812894491653,433.215638397436
54,-1.5349686989503,4.61189177587337,1.53846153846154,-0.440372847290625,-0.108631808966357,-0.274502328128491,-0.26781714229274,0.224290276635821,-0.0217634328284595,-0.316837059828701,0.10166745931377,-0.107584800257465,-0.234201608087491,0.292538787907302,0.0291685899099056,-0.216416637308799,0.277096796073948,0.0303400793825741,-0.172601173829314,0.349163774128633,0.0882813001496595,-0.374392088608042,0.0556643478123555,-0.159363870397843,433.299748641026
55,-1.5349686989503,4.61189177587337,1.53846153846154,-0.423393142511982,-0.109954122413593,-0.266673632462787,-0.284326512991589,0.08761623402976,-0.0983551394809144,-0.315485499652578,0.131774437563679,-0.0918555310444496,-0.196595370809595,0.214924441731141,0.00916453546077273,-0.226589016404166,0.212376648541327,-0.00710618393141938,-0.183085601841099,0.318737508380683,0.0678259532697918,-0.391241283005322,-0.0114467987584812,-0.201344040881902,433.399997717949
56,-1.5349686989503,4.61189177587337,1.53846153846154,-0.394457074102561,-0.12178153665499,-0.258119305378776,-0.234910523546954,0.157843413573069,-0.0385335549869423,-0.294716572593514,0.232702501636481,-0.0310070354785167,-0.222172553412773,0.139845168407433,-0.0411636925026702,-0.18970036594407,0.22911810899469,0.0197088715253105,-0.236703160242037,0.248271142584665,0.00578399117131417,-0.464430697422669,-0.0690276772007472,-0.266729187311708,433.516410410256
57,-1.5349686989503,4.61189177587337,1.53846153846154,-0.344266605102526,-0.0783816985491086,-0.211324151825817,-0.162025783885028,0.235507429284795,0.0367408226998834,-0.268743553971765,0.270843598927373,0.00105002247780392,-0.219211927547594,0.0775021035017922,-0.0708549120229008,-0.104930976265867,0.333820193403234,0.114444608568683,-0.303966627439636,0.164010006419946,-0.0699783105098449,-0.564480982102335,-0.130699933891757,-0.347590457997046,433.615900820513
58,-1.5349686989503,4.61189177587337,1.53846153846154,-0.299799639878967,-0.0193695006775221,-0.159584570278245,-0.131288126882541,0.278096279888845,0.0734040765031521,-0.254151045831344,0.326253410505992,0.0360511823373241,-0.189983938829856,0.112934968118354,-0.0385244853557509,-0.0807210513953125,0.396672203757875,0.157975576181281,-0.347480322803121,0.149127811952252,-0.0991762554254344,-0.518766895123364,-0.0616958444722467,-0.290231369797805,433.715894487179
59,-1.5349686989503,4.61189177587337,1.53846153846154,-0.303881572543594,-0.00844547813706484,-0.156163525340329,-0.155655856737228,0.306502535285455,0.0754233392741133,-0.309309271250328,0.311770951891977,0.00123084032082479,-0.224705906269468,0.551421323989753,0.163357708860142,-0.0504589850802835,0.391752100361797,0.170646557640757,-0.34848924214591,0.204129211958635,-0.0721800150936375,-0.46683428237795,-0.021849716187248,-0.244341999282599,433.800004923077
60,-1.5349686989503,4.61189177587337,1.53846153846154,-0.361309496828052,-0.111389197850535,-0.236349347339294,-0.222327499207954,0.186387604075617,-0.0179699475661683,-0.33022123400526,0.340348944660783,0.00506385532776168,-0.200904535947831,0.298285451365902,0.0486904577090357,-0.0525329734424133,0.334150602949368,0.140808814753477,-0.315930462963823,0.288615331480274,-0.0136575657417741,-0.365235753419959,0.0324515221943394,-0.16639211561281,433.899997602564
61,-1.5349686989503,4.61189177587337,1.53846153846154,-0.423229415311811,-0.2071990011332,-0.315214208222506,-0.273971813000961,0.132672922534543,-0.0706494452332089,-0.275107111367511,0.371028579470012,0.0479607340512502,-0.243952442207484,0.0182264965793674,-0.112862972814058,-0.0517348127392492,0.34526160062569,0.14676339394322,-0.29589420829539,0.31011371521851,0.00710975346156009,-0.303306424619689,0.0906236124613637,-0.106341406079163,434.016154051282
62,-1.5349686989503,4.61189177587337,1.53846153846154,-0.401657600136396,-0.138908071842012,-0.270282835989204,-0.27959218400562,0.12501088894017,-0.0772906475327253,-0.229455130952329,0.333780377475316,0.0521626232614933,-0.282449645466034,-0.0916276447063047,-0.187038645086169,-0.0451726722749677,0.484836253590398,0.219831790657715,-0.27725099535278,0.0695143685245838,-0.103868313414098,-0.294637817089382,0.112652590509783,-0.0909926132897992,434.115902397436
63,-1.5349686989503,4.61189177587337,1.53846153846154,-0.343259234891699,0.0140358404719383,-0.164611697209881,-0.279665346156149,0.0788696817971231,-0.100397832179513,-0.155486629405204,0.591725772253664,0.21811957142423,-0.288584095282386,-0.0967761757161443,-0.192680135499265,-0.0755862694017899,0.508703230677256,0.216558480637733,-0.25323531414157,0.101214071658616,-0.0760106212414773,-0.270592455110409,0.127255700661902,-0.0716683772242536,434.216150807692
64,-1.5349686989503,4.61189177587337,1.53846153846154,-0.329776904383224,0.124283648086968,-0.102746628148128,-0.306011082792283,0.0534772676678979,-0.126266907562192,-0.162913567262818,0.571429365544149,0.204257899140666,-0.298191539375966,-0.0582622762327233,-0.178226907804345,-0.0822092679226037,0.511462194264314,0.214626463170855,-0.231439981935405,0.133221372897739,-0.0491093045188327,-0.266413226911301,0.129100791268845,-0.0686562178212279,434.300005153846
65,-1.5349686989503,4.61189177587337,1.53846153846154,-0.319556392815804,0.199099198107468,-0.0602285973541678,-0.336920182842229,0.0659009505040731,-0.135509616169078,-0.184195646205762,0.393388146855524,0.104596250324881,-0.325569640500417,-0.0762780141688839,-0.20092382733465,-0.100151224531002,0.423698500598128,0.161773638033563,-0.216863769033718,0.154950926621053,-0.0309564212063328,-0.252406658396462,0.143667488455955,-0.0543695849702534,434.399997641026
66,-1.5349686989503,4.61189177587337,1.53846153846154,-0.309116980529507,0.106691399314938,-0.101212790607285,-0.361262046676066,0.0679534971999352,-0.146654274738065,-0.258070887488563,0.190256230321445,-0.0339073285835591,-0.328585964854757,-0.0512171817733327,-0.189901573314045,-0.106190206165454,0.38709046107836,0.140450127456453,-0.22028216426837,0.140392908993899,-0.0399446276372356,-0.291814267921395,0.163011931106821,-0.0644011684072868,434.516153846154
67,-1.5349686989503,4.61189177587337,1.53846153846154,-0.32530516049832,0.0256668296940519,-0.149819165402134,-0.331109593358194,0.0878512518132634,-0.121629170772465,-0.27277912302181,0.161914086607994,-0.0554325182069082,-0.308600054256064,-0.00484642915462927,-0.156723241705347,-0.0873424019665822,0.360059803075785,0.136358700554601,-0.222924122290299,0.110664671037183,-0.0561297256265579,-0.364882998669355,0.122062698808435,-0.12141014993046,434.615901012821
68,-1.5349686989503,4.61189177587337,1.53846153846154,-0.30603019098182,0.0129996849292808,-0.14651525302627,-0.312874773270757,0.0555089175633408,-0.128682927853708,-0.273346775699599,0.166870176441315,-0.0532382996291424,-0.259582271289566,0.0642130675716233,-0.0976846018589713,-0.107714085074462,0.311873213603404,0.102079564264471,-0.247996917973773,0.0907593055790814,-0.0786188061973456,-0.407983390026608,0.0761991381445681,-0.16589212594102,434.716150769231
69,-1.5349686989503,4.61189177587337,1.53846153846154,-0.313131585060876,0.0174565740861739,-0.147837505487351,-0.295490509897282,0.107879680623212,-0.0938054146370347,-0.278244970739778,0.15602488129064,-0.0611100447245691,-0.202622587962503,0.161119985163358,-0.0207513013995723,-0.133004409549982,0.321923444010184,0.0944595172301011,-0.260187561533827,0.115115552396636,-0.0725360045685953,-0.399052427527506,0.0799710034098551,-0.159540712058825,434.800004923077
70,-1.5349686989503,4.61189177587337,1.53846153846154,-0.340890691319049,0.0815102451910339,-0.129690223064007,-0.276330243257476,0.1647176573341,-0.0558062929616881,-0.279494439419778,0.12535162393309,-0.077071407743344,-0.168279865334715,0.209298834542459,0.0205094846038718,-0.145542771743669,0.298299664797895,0.0763784465271126,-0.24431327075776,0.149157058900421,-0.0475781059286693,-0.328878830836767,0.132988650730076,-0.0979450900533454,434.89999748718
71,-1.5349686989503,4.61189177587337,1.53846153846154,-0.413384848123779,0.0833117972377479,-0.165036525443016,-0.243443671225059,0.254799878106747,0.005678103440844,-0.283276706521422,0.0895677441105958,-0.0968544812054128,-0.152567643148491,0.174269769147011,0.0108510629992602,-0.0713296496779792,0.375003685069364,0.151837017695692,-0.256879537501369,0.149388795508816,-0.0537453709962765,-0.299986556633507,0.170978108912848,-0.0645042238603298,435.016153846154
72,-1.39166936524786,4.77628474986325,1.69230769230769,-0.41143131442633,0.0859398095424631,-0.162745752441933,-0.232660562480273,0.342773911251669,0.055056674385698,-0.267097900362642,0.10110205148038,-0.0829979244411311,-0.23493930915536,0.0836377804007788,-0.0756507643772907,-0.0504408738401825,0.40771833876821,0.178638732464014,-0.256160255573992,0.158670898723101,-0.0487446784254457,-0.313762905392771,0.163313311292176,-0.0752247970502972,435.11615724359
73,-1.15266167896278,5.3680462943474,2.10769230769231,-0.436405773157711,-0.0523736524608514,-0.244389712809281,-0.232666778039475,0.427924233871457,0.0976287279159911,-0.272941721132751,0.119808824330603,-0.076566448401074,-0.27325556226007,0.0630462868163719,-0.105104637721849,0.059819529489725,0.548273576712264,0.304046553100995,-0.27101757450867,0.158074419866354,-0.0564715773211583,-0.412366181255837,0.0796354770592372,-0.1663653520983,435.21589425641
74,-1.10599866169094,5.73676789246017,2.31538461538462,-0.404971009642051,0.0143038307438879,-0.195333589449081,-0.188233297678567,0.536279658182079,0.174023180251756,-0.278674992514046,0.175251116078131,-0.0517119382179576,-0.44952929324837,1.06968701095071,0.310078858851172,0.0701612379044725,0.583438447085246,0.326799842494859,-0.253445187010139,0.185172091503569,-0.0341365477532852,-0.455579677169544,0.0475489928002154,-0.204015342184664,435.299492512821
75,-1.0978490655556,5.99015675786329,2.44615384615385,-0.377565865314003,0.0750690165940607,-0.151248424359971,-0.169961344539754,0.453861742957821,0.141950199209033,-0.323826138560348,0.154459233669187,-0.0846834524455804,-0.172992947419714,0.37722512208594,0.102116087333113,0.101494035459382,0.575160062978287,0.338327049218834,-0.284660205288075,0.135369573177187,-0.0746453160554439,-0.483908926817432,0.0185487511480121,-0.23268008783471,435.399997602564
76,-1.10009345498251,5.85906781395687,2.37948717948718,-0.31417396903122,0.339513114964209,0.0126695729664944,-0.189010795048648,0.329464536250247,0.0702268706007996,-0.336060298390292,0.137530647297014,-0.0992648255466391,-0.135988751669939,0.296732321077544,0.0803717847038023,0.035986631741172,0.499794789060064,0.267890710400618,-0.289736470762188,0.117964595485977,-0.0858859376381054,-0.456871890745161,0.00284678046617592,-0.227012555139492,435.516153846154
77,-1.25058468325861,5.035200067874,1.89230769230769,-0.283421223607119,0.387178240757022,0.0518785085749514,-0.186142741193676,0.294076219474243,0.0539667391402834,-0.296795404490078,0.185601796297858,-0.0555968040961102,-0.138335541024651,0.220409968308523,0.0410372136419362,-0.0557269260220763,0.421745158985635,0.18300911648178,-0.264466108285687,0.155917506084368,-0.0542743011006593,-0.435034108427652,-0.0265740099649692,-0.230804059196311,435.615644641026
78,-1.5349686989503,4.61189177587337,1.53846153846154,-0.275875002071329,0.507741779009976,0.115933388469323,-0.168072551094179,0.416021301273764,0.123974375089793,-0.252071612763749,0.236384367535154,-0.00784362261429776,-0.165542002180592,0.15333559553491,-0.00610320332284084,-0.0982337058551052,0.389394825658028,0.145580559901461,-0.249065283197768,0.208223526115619,-0.0204208785410746,-0.397285056629389,0.0088687144085098,-0.19420817111044,435.715895025641
79,-1.5349686989503,4.61189177587337,1.53846153846154,-0.250663523483589,0.484286656356751,0.116811566436581,-0.161526866528558,0.56725991337126,0.202866523421351,-0.23170662511745,0.249253258078126,0.00877331648033816,-0.189585554583178,0.0997161130974669,-0.0449347207428556,-0.108907155210457,0.37708434339887,0.134088594094207,-0.166708858609133,0.320832641758792,0.0770618915748295,-0.387541846716225,0.042158793502666,-0.17269152660678,435.800005384615
80,-1.5349686989503,4.61189177587337,1.53846153846154,-0.274850013718321,0.600084748942574,0.162617367612126,-0.172749599965348,0.471074555678374,0.149162477856513,-0.204946636960717,0.295024801741673,0.0450390823904778,-0.24330756545996,0.570128735332569,0.163410584936304,-0.129769769851257,0.346319733073583,0.108274981611163,-0.0897828261055946,0.442409633854304,0.176313403874355,-0.377251114533146,0.0722789717180039,-0.152486071407571,435.899741179487
81,-1.5349686989503,4.61189177587337,1.53846153846154,-0.357735812389319,0.372771668098562,0.00751792785462142,-0.24254041986782,0.20542823145442,-0.0185560942067003,-0.213457080484451,0.278899771351546,0.0327213454335475,-0.15854169880688,0.125721936238359,-0.0164098812842603,-0.238196161275724,0.185012676526043,-0.0265917423748406,-0.0785063557526259,0.479515041941085,0.200504343094229,-0.304086643288421,0.176270374033711,-0.0639081346273552,436.015642666667
82,-1.5349686989503,4.61189177587337,1.53846153846154,-0.340305179303095,0.071607204338092,-0.134348987482501,-0.215954616483852,0.188604335688441,-0.0136751403977057,-0.269596563756467,0.187238869852779,-0.0411788469518444,-0.148084501815,0.115645855450725,-0.0162193231821375,-0.27803334024875,0.0890717175857462,-0.094480811331502,-0.171138658040603,0.377369882317942,0.103115612138669,-0.284347047132974,0.177317964801328,-0.0535145411658228,436.115131910256
83,-1.5349686989503,4.61189177587337,1.53846153846154,-0.378627035144253,-0.108556104009464,-0.243591569576859,-0.184912773536595,0.232436606620254,0.0237619165418295,-0.348982233465761,0.0680317093648045,-0.140475262050478,-0.16353653686131,0.0801003580708048,-0.0417180893952527,-0.336485204269219,0.0240987713139887,-0.156193216477615,-0.263796564437433,0.366519376211133,0.05136140588685,-0.293947966578751,0.146354501516684,-0.0737967325310334,436.21563824359
84,-1.5349686989503,4.61189177587337,1.53846153846154,-0.396660213640315,-0.0906114438976543,-0.243635828768985,-0.178993407101844,0.231219101702913,0.0261128473005343,-0.339913883907571,0.0853154246412301,-0.12729922963317,-0.18358355314978,0.0630632037974774,-0.0602601746761512,-0.327886546211555,0.106945317279548,-0.110470614466003,-0.255266269724734,0.428902084164555,0.0868179072199104,-0.33078788867223,0.0716467126604825,-0.129570588005874,436.300005076923
85,-1.5349686989503,4.61189177587337,1.53846153846154,-0.397085885680708,-0.0814309269504275,-0.239258406315568,-0.175328501358946,0.257024226338246,0.0408478624896501,-0.328678247005478,0.122970660278508,-0.102853793363485,-0.166501812475155,0.113849425404916,-0.0263261935351196,-0.244373016116356,0.232442051508303,-0.00596548230402609,-0.21753113139349,0.461805563281496,0.122137215944003,-0.40746862049991,-0.0361126629665912,-0.22179064173325,436.399998948718
86,-1.5349686989503,4.61189177587337,1.53846153846154,-0.364459136399242,-0.0684096001081714,-0.216434368253707,-0.190878203085458,0.239609560265241,0.0243656785898916,-0.317617578992497,0.143575341963182,-0.0870211185146573,-0.189827880899341,0.170466827036347,-0.00968052693149715,-0.127134105975157,0.352480942989689,0.112673418507266,-0.195585331831104,0.376366793105991,0.0903907306374433,-0.446479946054118,-0.0823737240764579,-0.264426835065288,436.51589774359
87,-1.5349686989503,4.61189177587337,1.53846153846154,-0.370259796183099,-0.123115910176167,-0.246687853179633,-0.214264815153991,0.186617008078976,-0.0138239035375078,-0.321888894225651,0.429099809808807,0.0536054577915776,-0.227121575499097,0.584479243334787,0.178678833917845,-0.118058933355827,0.363371686254612,0.122656376449393,-0.198490082173392,0.279904089433158,0.0407070036298832,-0.374267305626225,-0.0259647153699745,-0.2001160104981,436.615644833333
88,-1.5349686989503,4.61189177587337,1.53846153846154,-0.433958937408021,-0.174863278676879,-0.30441110804245,-0.2155723547043,0.167293705294969,-0.0241393247046656,-0.282918543088947,0.130936746376159,-0.0759908983563938,-0.190047766515969,0.653071082854911,0.231511658169471,-0.0517591500469147,0.421777854238387,0.185009352095736,-0.275622017641376,0.180208651932094,-0.0477066828546408,-0.264418381893375,0.0743114108186711,-0.0950534855373517,436.716150769231
89,-1.5349686989503,4.61189177587337,1.53846153846154,-0.501481057784525,-0.264186379658979,-0.382833718721752,-0.179516277369005,0.16726962904878,-0.00612332416011258,-0.284808958824465,0.0995875765635957,-0.0926106911304345,-0.182369288030837,0.562978152425639,0.190304432197401,-0.0201816303673595,0.461111253827213,0.220464811729927,-0.313191098018796,0.135436431915507,-0.0888773330516446,-0.209970329247695,0.129074772858572,-0.0404477781945612,436.800004923077
90,-1.5349686989503,4.61189177587337,1.53846153846154,-0.506846038256785,-0.297732911844296,-0.402289475050541,-0.151670530072987,0.172593907126143,0.0104616885265783,-0.289552126434271,0.163477322605309,-0.0630374019144808,-0.159768091646629,0.73617255995308,0.288202234153226,0.0240610746286483,0.579488448658061,0.301774761643355,-0.322820955516651,0.0709321234037166,-0.125944416056467,-0.246728048305538,0.118395713021713,-0.0641661676419125,436.899997487179
91,-1.5349686989503,4.61189177587337,1.53846153846154,-0.395585557693078,-0.185753037080396,-0.290669297386737,-0.170305765179053,0.182758488571648,0.00622636169629748,-0.30102015754072,0.101005944845484,-0.100007106347618,-0.0558365032678313,0.577939017240229,0.261051256986199,-0.0323377144265238,0.52045247934968,0.244057382461578,-0.299617964806643,0.0958608852479312,-0.101878539779356,-0.185869557119973,0.135168528031486,-0.0253505145442433,437.016411230769
92,-1.5349686989503,4.61189177587337,1.53846153846154,-0.334069466504034,0.00184467150828828,-0.166112397497873,-0.199203825544571,0.174875317864329,-0.0121642538401213,-0.322649228290068,0.0497013137616722,-0.136473957264198,-0.139241779260872,0.509064567160105,0.184911393949617,-0.022219346592035,0.452230482117694,0.215005567762829,-0.321987271972434,0.0962608961729041,-0.112863187899765,-0.21547994565681,0.129207228412455,-0.0431363586221773,437.116157205128
93,-1.5349686989503,4.61189177587337,1.53846153846154,-0.298287036085272,0.0982821921709888,-0.100002421957141,-0.18473854521088,0.234757133503801,0.0250092941464604,-0.319668620921003,0.0273615256099569,-0.146153547655523,-0.23326875243896,0.429786512279977,0.0982588799205086,-0.016945558033405,0.40381730264753,0.193435872307062,-0.363333657715362,0.0265293309962847,-0.168402163359539,-0.292517564477988,0.0748316971254771,-0.108842933676256,437.216150653846
94,-1.5349686989503,4.61189177587337,1.53846153846154,-0.342323846612635,-0.00432290636367835,-0.173323376488157,-0.158072809037833,0.303783018426791,0.0728551046944789,-0.280552703130589,0.0721370838782131,-0.104207809626188,-0.283105155200994,0.214954658629315,-0.0340752482858394,-0.00938765640444076,0.381074063446209,0.185843203520884,-0.380255617457025,-0.00736360591216324,-0.193809611684594,-0.350014374299784,0.0357136592981618,-0.157150357500811,437.300004923077
95,-1.5349686989503,4.61189177587337,1.53846153846154,-0.35368350823983,-0.0516857073285286,-0.202684607784179,-0.121858694378039,0.351460268091069,0.114800786856515,-0.252471783526969,0.0575483476476925,-0.0974617179396385,-0.229728152401143,0.10625184762846,-0.0617381523863415,-0.0248374703473085,0.324707854637503,0.149935192145097,-0.343241036176392,0.0105056990807207,-0.166367668547836,-0.364800272973205,0.0418412868857298,-0.161479493043737,437.39999775641
96,-1.5349686989503,4.61189177587337,1.53846153846154,-0.384219780840005,-0.0923859440153665,-0.238302862427686,-0.127445874997645,0.30608972491556,0.0893219249589575,-0.241590570026458,0.0848965978371416,-0.0783469860946582,-0.221149317284919,0.119207244840487,-0.050971036222216,-0.0754858214451907,0.300677948810479,0.112596063682644,-0.265266856609106,0.0791286771510339,-0.0930690897290359,-0.378667014192448,0.015415872288369,-0.18162557095204,437.516154307692
97,-1.5349686989503,4.61189177587337,1.53846153846154,-0.349855206004825,-0.0943123158948889,-0.222083760949857,-0.13268162253155,0.280571306140753,0.0739448418046017,-0.268222826865822,0.106768331162516,-0.0807272478516532,-0.231051677746221,0.0951927939080371,-0.0679294419190917,-0.0478227782780132,0.350616919677109,0.151397070699548,-0.230285290915987,0.137761202976823,-0.046262043969582,-0.368284614036754,0.0201055059448133,-0.17408955404597,437.615901320513
98,-1.5349686989503,4.61189177587337,1.53846153846154,-0.36349316895293,-0.0902036913752208,-0.226848430164076,-0.112934314492147,0.330146276493863,0.108605981000858,-0.236778271215417,0.132237925775691,-0.0522701727198629,-0.239770370829435,0.0632889813291771,-0.0882406947501288,-0.052822990868082,0.36919132849256,0.158184168812239,-0.221134529124878,0.180257593419017,-0.0204384678529303,-0.342629139354739,0.0608675875103404,-0.140880775922199,437.715894564103
99,-1.5349686989503,4.61189177587337,1.53846153846154,-0.363628044998398,-0.0838192092903102,-0.223723627144354,-0.0762033924068908,0.414224682613826,0.169010645103468,-0.211230139339059,0.108420897614003,-0.0514046208625276,-0.255606038330336,0.0691312908427491,-0.0932373737437937,-0.0859793819948996,0.344867225534338,0.129443921769719,-0.213698774002946,0.186363101757231,-0.0136678361228574,-0.363914753158039,0.0541980866169942,-0.154858333270522,437.79975125641
100,-1.5349686989503,4.61189177587337,1.53846153846154,-0.328449353376155,-0.0435242404710168,-0.185986796923586,-0.0670963316631006,0.407218968036219,0.170061318186559,-0.231446716269954,0.0503461246580587,-0.0905502958059476,-0.28694718985699,0.0415114127594291,-0.12271788854878,-0.130722926943334,0.271462743537548,0.0703699082971074,-0.167083143658122,0.235013961601899,0.0339654089718881,-0.383414687962433,0.0252907325895487,-0.179061977686442,437.89999775641
101,-1.5349686989503,4.61189177587337,1.53846153846154,-0.331019058986842,-0.0166111501874817,-0.173815104587162,-0.0947237079255553,0.414858308765235,0.16006730041984,-0.274155793653382,-0.00354673710735378,-0.138851265380368,-0.311587363668444,-0.0175879683660896,-0.164587666017267,-0.0964823563397856,0.318995611971006,0.11125662781561,-0.175653355663746,0.225400055775607,0.0248733500559303,-0.404817687008991,-0.0235605139229785,-0.214189100465985,438.01641025641
102,-1.5349686989503,4.61189177587337,1.53846153846154,-0.312945928432486,0.0822720495887189,-0.115336939421884,-0.12596205040647,0.424344202194358,0.149191075893944,-0.297519842652791,-0.0139181168344847,-0.155718979743638,-0.293488923595538,-0.0389115090216555,-0.166200216308597,-0.0640329659526096,0.355883946424559,0.145925490235975,-0.214792893883491,0.167048013006711,-0.0238724404383897,-0.368444749283639,-0.0138252616741862,-0.191135005478912,438.116157205128
103,-1.5349686989503,4.61189177587337,1.53846153846154,-0.293538379804739,0.144773776567276,-0.0743823016187313,-0.122706349919345,0.423599704463485,0.15044667727207,-0.296543649419549,0.00294368501596568,-0.146799982201792,-0.25822228258418,0.033884392238099,-0.112168945173041,-0.054774331827235,0.370201268999043,0.157713468585904,-0.278448709334863,0.0919577186718258,-0.0932454953315187,-0.304737840254254,0.0504590059552045,-0.127139417149525,438.216151115385
104,-1.5349686989503,4.61189177587337,1.53846153846154,-0.251903198016636,0.168320913662906,-0.041791142176865,-0.116044235387731,0.40592669339626,0.144941229004264,-0.273049187488865,0.0575989188791439,-0.107725134304861,-0.220392756839659,0.0750577931403948,-0.0726674818496321,-0.0724448702787468,0.38262294920778,0.155089039464517,-0.276043780824566,0.0987029907020976,-0.0886703950612345,-0.307849871930353,0.0509875699976606,-0.128431150966346,438.300005153846
105,-1.5349686989503,4.61189177587337,1.53846153846154,-0.251877064789544,0.14946066745434,-0.0512081986676018,-0.0992174532286425,0.363404396245166,0.132093471508262,-0.236342403862943,0.189623990780007,-0.0233592065414681,-0.172708584959524,0.199180292182352,0.013235853611414,-0.10466855471756,0.35592688607117,0.125629165676805,-0.273020136958554,0.0784155575057659,-0.0973022897263942,-0.329044129957292,0.0295088975166529,-0.14976761622032,438.399998141026
106,-1.5349686989503,4.61189177587337,1.53846153846154,-0.347034935247067,0.0564244263402787,-0.145305254453394,-0.103176682578217,0.322272262307574,0.109547789864679,-0.170638428470567,0.361386617780034,0.0953740946547335,-0.147637782067614,0.307763385040762,0.0800628014865738,-0.118383996580412,0.316191445923737,0.0989037246716625,-0.239821251090465,0.0725435265228495,-0.0836388622838078,-0.395980950139109,-0.0487228454178927,-0.222351897778501,438.515897435897
107,-1.5349686989503,4.61189177587337,1.53846153846154,-0.370165740445764,0.00853801285249357,-0.180813863796635,-0.127172221310845,0.267879158675533,0.070353468682344,-0.176109098935637,0.351467427852089,0.0876791644582261,-0.119567043555325,0.329380411551313,0.104906683997994,-0.154511027724306,0.249414493617821,0.0474517329467576,-0.256604161571768,0.0502459251952007,-0.103179118188284,-0.40656105881906,-0.0840467430230856,-0.245303900921073,438.615644525641
108,-1.5349686989503,4.61189177587337,1.53846153846154,-0.390262062562861,0.0410214502903045,-0.174620306136278,-0.151145108436363,0.235872236046767,0.0423635638052023,-0.212760992483249,0.294675490144563,0.0409572488306571,-0.0849543865979902,0.336943957391182,0.125994785396596,-0.149227671047615,0.233839719193318,0.0423060240728514,-0.274593698114891,0.0500570972235859,-0.112268300445653,-0.421367067927908,-0.0512677726640956,-0.236317420296002,438.715894487179
109,-1.5349686989503,4.61189177587337,1.53846153846154,-0.350566312239719,0.0711169030409881,-0.139724704599366,-0.154568202103949,0.246306079230487,0.0458689385632693,-0.262116566491261,0.202974475191957,-0.0295710456496516,-0.147719999226558,0.386354425345399,0.11931721305942,-0.127172000045669,0.267863634188903,0.0703458170716168,-0.274280101646409,0.0710706095859569,-0.101604746030226,-0.405535098947242,-0.00329390322592396,-0.204414501086583,438.799750564103
110,-1.5349686989503,4.61189177587337,1.53846153846154,-0.354442950585187,0.0135117322778312,-0.170465609153678,-0.140805872727983,0.257970990637155,0.0585825589545861,-0.2664012079476,0.194377943928238,-0.036011632009681,-0.189881952881256,0.387783518627605,0.0989507828731747,-0.102618450815034,0.296060514684687,0.0967210319348266,-0.2227589779907,0.146056277087242,-0.0383513504517287,-0.383775575269773,0.026134430476752,-0.178820572396511,438.89999775641
111,-1.5349686989503,4.61189177587337,1.53846153846154,-0.377316665205335,-0.0308530684397692,-0.204084866822552,-0.137541780231087,0.259291687069944,0.0608749534194282,-0.247152839992523,0.168839657366671,-0.0391565913129257,-0.21815159142015,0.313927180226051,0.0478877944029507,-0.0830657810858866,0.328005084090804,0.122469651502459,-0.169783958912063,0.199518484843636,0.0148672629657863,-0.387942807204285,0.00504137424101011,-0.191450716481637,439.016410666667
112,-1.5349686989503,4.61189177587337,1.53846153846154,-0.38863300940988,-0.0591433439345917,-0.223888176672236,-0.142421996360977,0.285601859371206,0.0715899315051142,-0.230339880689947,0.190341750766864,-0.0199990649615416,-0.227494918553081,0.28549846545839,0.0290017734526547,-0.0474313081393984,0.358396203237727,0.155482447549165,-0.191709901219856,0.162340698952843,-0.0146846011335066,-0.457171998091357,-0.0639624243140877,-0.260567211202722,439.116413589744
113,-1.5349686989503,4.61189177587337,1.53846153846154,-0.375819688087345,-0.0854853807529085,-0.230652534420127,-0.108397684070243,0.390045160625269,0.140823738277513,-0.209012219262528,0.227284071076293,0.00913592590688207,-0.211469258745669,0.282994769214562,0.0357627552344465,-0.0488086818217676,0.363421883137302,0.157306600657767,-0.245414769783697,0.112230754637771,-0.0665920075729634,-0.548292870422892,-0.163263923376615,-0.355778396899753,439.216406974359
114,-1.5349686989503,4.61189177587337,1.53846153846154,-0.386946918841982,-0.122790045492014,-0.254868482166998,-0.0744075331847038,0.443474637800992,0.184533552308144,-0.221488553977971,0.211959642017419,-0.00476445598027595,-0.230655157579437,0.250189882392815,0.00976736240668927,-0.0727716105737626,0.353243144998542,0.14023576721239,-0.282637923883576,0.109776656432701,-0.0864306337254374,-0.569079883805188,-0.203159266253893,-0.38611957502954,439.300004923077
115,-1.5349686989503,4.61189177587337,1.53846153846154,-0.386317962874518,-0.114936058075485,-0.250627010475002,-0.0331490129000055,0.457685425052356,0.212268206076175,-0.227110732881721,0.239937440859762,0.00641335398902007,-0.244000772730907,0.226636077045829,-0.00868234784253914,-0.0963587091871682,0.336446392699769,0.1200438417563,-0.308809351263471,0.120230781754748,-0.0942892847543618,-0.592513270675828,-0.258188285840357,-0.425350778258092,439.399743346154
116,-1.5349686989503,4.61189177587337,1.53846153846154,-0.358938262130893,-0.0414960174776104,-0.200217139804252,-0.0763667626637166,0.37285725489343,0.148245246114857,-0.273020832799239,0.230902987639963,-0.0210589225796381,-0.268100810163783,0.124721552630825,-0.0716896287664793,-0.0538403591274053,0.395451745537836,0.170805693205215,-0.329668177522494,0.151481973994247,-0.0890931017641235,-0.541904282174069,-0.212772182401583,-0.377338232287826,439.51589774359
117,-1.5349686989503,4.61189177587337,1.53846153846154,-0.312666734588277,0.0664900823249942,-0.123088326131642,-0.122060448548205,0.304116507282263,0.0910280293670295,-0.302992929700684,0.206470171379174,-0.0482613791607547,-0.268875164276291,0.0249735855471764,-0.121950789364557,-0.00646544615468921,0.425752132933124,0.209643343389217,-0.306546281196072,0.190737533320015,-0.0579043739380283,-0.477582834646421,-0.159629363647412,-0.318606099146917,439.615901012821
118,-1.5349686989503,4.61189177587337,1.53846153846154,-0.266809088332541,0.164713634351464,-0.0510477269905385,-0.149768306362655,0.241877818138438,0.0460547558878919,-0.301843755258579,0.12141033482009,-0.0902167102192446,-0.284847724607964,-0.025657493972444,-0.155252609290204,0.0469104876921161,0.454552887842077,0.250731687767096,-0.249307110713965,0.184628586672026,-0.0323392620209695,-0.413004066187925,-0.109595692259358,-0.261299879223642,439.715894371795
119,-1.51925751425304,4.62694982194535,1.55384615384615,-0.261534240616862,0.123267787242346,-0.0691332266872579,-0.105890322999375,0.263509204124856,0.0788094405627408,-0.275332371091171,0.0607499105196987,-0.107291230285736,-0.305016550663523,-0.0323564495089876,-0.168686500086255,0.086771962808246,0.476419683363371,0.281595823085809,-0.242627007355544,0.129713778511095,-0.0564566144222244,-0.420071015354346,-0.122013045744582,-0.271042030549464,439.800004846154
120,-1.32584326973937,4.87968942358552,1.77692307692308,-0.300416323666037,-0.0269407549069706,-0.163678539286504,-0.0884938122096553,0.313771012544626,0.112638600167485,-0.269521272526542,0.152398969743985,-0.0585611513912786,-0.286167254808499,0.0588333277829386,-0.11366696351278,0.0839397349201125,0.49308733370008,0.288513534310096,-0.247846619969721,0.0866930655603535,-0.080576777204684,-0.435710305790376,-0.133738221391909,-0.284724263591143,439.899997474359
121,-1.18586617780672,5.22689181883236,2.02051282051282,-0.418131710133629,-0.137154412448194,-0.277643061290911,-0.140938746389582,0.253511962551426,0.056286608080922,-0.254800823223567,0.180944984944483,-0.036927919139542,-0.276669570116381,0.0620295827847623,-0.10731999366581,0.0703758323119031,0.50485619520611,0.287616013759006,-0.250867179889526,0.0476511864833947,-0.101607996703065,-0.423735047208503,-0.106813200270126,-0.265274123739315,440.01615425641
122,-1.1672313461403,5.30056467947364,2.06666666666667,-0.464376454885858,-0.118784848168515,-0.291580651527186,-0.194238327084135,0.0979236292071174,-0.0481573489385089,-0.236815494763286,0.144352576161254,-0.0462314593010159,-0.311494830420057,0.0720320203813544,-0.119731405019351,0.05661595921398,0.451422404132963,0.254019181673472,-0.197114617047214,0.0790819758105292,-0.0590163206183423,-0.387722872017535,-0.0829958847304759,-0.235359378374005,440.116157333333
123,-1.15790835881812,5.3425237434335,2.09230769230769,-0.468440846470787,-0.185341630989733,-0.32689123873026,-0.226982634530217,0.0173777708580454,-0.104802431836086,-0.227896944934903,0.117613503628675,-0.0551417206531143,-0.308972163640543,0.0220112962360922,-0.143480433702225,0.00406762045952071,0.350419137998982,0.177243379229252,-0.227896034030171,0.0714233528653874,-0.0782363405823916,-0.347950737844223,-0.0318716100868262,-0.189911173965525,440.215894179487
124,-1.15790835881812,5.3425237434335,2.09230769230769,-0.447080384472596,-0.234893377887193,-0.340986881179894,-0.177735994558608,0.0834813730891997,-0.047127310734704,-0.220630143262574,0.0958570679579791,-0.0623865376522974,-0.307574666163476,-0.031477539506576,-0.169526102835026,-0.015024765769263,0.294078957972353,0.139527096101545,-0.252286172941071,0.0624050270107777,-0.0949405729651465,-0.351029646059035,-0.0272831615156598,-0.189156403787347,440.299748564103
125,-1.15926052951779,5.33618360644086,2.08846153846154,-0.436801467600706,-0.23537820264592,-0.336089835123313,-0.163635619222962,0.174049753532166,0.00520706715460181,-0.216335458112178,0.0958825203217912,-0.0602264688951933,-0.296568070396795,-0.0425303793475981,-0.169549224872197,-0.0548463228420633,0.280052035203352,0.112602856180645,-0.27197834722688,0.0237058688473431,-0.124136239189768,-0.346227542234207,0.00397737741218621,-0.17112508241101,440.399997474359
126,-1.10299902667567,5.39017851385516,2.14358974358974,-0.411419381828582,-0.161419664926078,-0.28641952337733,-0.170163883405326,0.240650264901737,0.0352431907482058,-0.196169200549581,0.142938170597322,-0.0266155149761297,-0.320119776534043,-0.0146145250775304,-0.167367150805787,-0.0837478686999858,0.289579796110516,0.102915963705265,-0.249265674517568,0.00416326448187726,-0.122551205017845,-0.359054797790348,0.051317482779142,-0.153868657505603,440.515897435898
127,-1.06894325120275,5.42791761017711,2.17948717948718,-0.421797599272081,-0.119091456042134,-0.270444527657108,-0.218685385831357,0.216425033609809,-0.00113017611077416,-0.169147654973768,0.16436852443833,-0.00238956526771863,-0.347151785469389,-0.07081301705752,-0.208982401263454,-0.101343989825497,0.28197800261387,0.0903170063941865,-0.238612702503677,0.0268563174608911,-0.105878192521393,-0.351713800569388,0.072631414891317,-0.139541192839035,440.615644448718
128,-1.00905930652032,5.49367469113571,2.24230769230769,-0.42198840347328,-0.146191210650374,-0.284089807061827,-0.25320178996507,0.173508202241085,-0.0398467938619922,-0.152885111232446,0.18055417601007,0.0138345323888121,-0.36125124788743,-0.13573622435349,-0.24849373612046,-0.113190993168006,0.253993223456559,0.0704011151442764,-0.226731780810952,0.0651373861120772,-0.0807971973494372,-0.326427119455374,0.0794051067563595,-0.123511006349507,440.715894448718
129,-0.845559844162821,5.69171369031667,2.42307692307692,-0.415388779441173,-0.153286614776023,-0.284337697108598,-0.241846783320308,0.140471870316922,-0.0506874565016929,-0.197115644892411,0.162480359542032,-0.0173176426751895,-0.320634820899515,-0.0905376781046511,-0.205586249502083,-0.0900598652907454,0.269390825337858,0.0896654800235565,-0.245885425466475,0.0662165315365039,-0.0898344469649854,-0.338100697773001,0.0473420285668115,-0.145379334603095,440.800004846154
130,-0.680337722447094,5.91879926090863,2.61923076923077,-0.434304789331484,-0.131470920686261,-0.282887855008872,-0.19991078308352,0.180508889399344,-0.00970094684208824,-0.205242443926806,0.165446924852736,-0.0198977595370353,-0.29821155718989,-0.0551391266327491,-0.176675341911319,-0.033309937198352,0.328822702750438,0.147756382776043,-0.284754785309437,0.040876537982031,-0.121939123663703,-0.33622930474057,0.0202286436817059,-0.158000330529432,440.899997474359
131,-0.602672775365927,6.02831380100695,2.71282051282051,-0.406443711162452,-0.0575413953365982,-0.231992553249525,-0.172686688333476,0.224253794338183,0.0257835530023535,-0.214531194946939,0.165938914422833,-0.024296140262053,-0.281952874720692,-0.00361438630459332,-0.142783630512643,-0.00166814309370763,0.378803226100087,0.18856754150319,-0.359720225949297,-0.0488418631650319,-0.204281044557164,-0.41766610356133,-0.0802738367376861,-0.248969970149508,441.016153846154
132,-0.31510463862775,6.3663866899098,3.02564102564103,-0.367428501078502,-0.000379638571595544,-0.183904069825049,-0.15857225204629,0.278992453757174,0.0602101008554423,-0.222703498852683,0.146074170468847,-0.0383146641919177,-0.311257528633919,-0.066791642455395,-0.189024585544657,-0.0110087257579895,0.3888340451389,0.188912659690455,-0.393881417792696,-0.0823530132533649,-0.23811721552303,-0.414653484883618,-0.0847006464053489,-0.249677065644484,441.115644410256
133,-0.121207467261629,6.71607926213342,3.2974358974359,-0.33941075989532,0.0321192791414209,-0.153645740376949,-0.162874962219203,0.281931595278302,0.0595283165295494,-0.281730148232303,0.0699926901394226,-0.10586872904644,-0.336586756726446,0.0509856898782021,-0.142800533424122,0.000444891731135845,0.408556566041983,0.204500728886559,-0.415486153980765,-0.0888692150207874,-0.252177684500776,-0.417332732867124,-0.0913842815285277,-0.254358507197826,441.215638128205
134,-0.000566659941380593,6.89800255737728,3.44871794871795,-0.317307541650328,0.0390379026824053,-0.139134819483961,-0.177378640084162,0.242826887532669,0.0327241237242535,-0.313180321692974,0.0355862503439638,-0.138797035674505,-0.372500486246843,0.114690825323805,-0.128904830461519,-0.0224275254700789,0.385516040660266,0.181544257595093,-0.418920819202668,-0.0835705306929068,-0.251245674947788,-0.432141010505948,-0.118872444539749,-0.275506727522848,441.300004846154
135,0.337702642522206,7.41357940875985,3.87564102564103,-0.330392302257377,-0.0167756753741096,-0.173583988815743,-0.172602335496446,0.253323216151539,0.0403604403275462,-0.348591218988117,-0.00146466094622087,-0.175027939967169,-0.35765236754174,0.130220393313996,-0.113715987113872,-0.0223518840717253,0.401463497968315,0.189555806948295,-0.405350512749224,-0.109502650469517,-0.25742658160937,-0.491323102208567,-0.171941748051046,-0.331632425129807,441.399997628205
136,0.566018603353053,7.95705831972387,4.26153846153846,-0.377137541364621,0.0295572092302676,-0.173790166067177,-0.134535552517926,0.337050977536335,0.101257712509205,-0.354137182471069,-0.0134678862204974,-0.183802534345783,-0.327034203904384,0.00536977653815718,-0.160832213683114,-0.0371900438112976,0.368507796548039,0.165658876368371,-0.391544916658901,-0.0842087601538191,-0.23787683840636,-0.525683673273085,-0.16378475195932,-0.344734212616202,441.515897435898
137,0.768167958872,8.23696024625621,4.5025641025641,-0.39470340023726,0.0476854243219717,-0.173508987957644,-0.0606862802602679,0.45530669283483,0.197310206287281,-0.340668529670897,-0.0123813076236211,-0.176524918647259,-0.333822613461055,-0.0639723879417399,-0.198897500701398,-0.0446814681614703,0.364587241300856,0.159952886569693,-0.365789368410898,-0.0310934949305444,-0.198441431670721,-0.538814217528209,-0.16202207596689,-0.35041814674755,441.599748615385
138,1.17058803809968,8.74736067984904,4.95897435897436,-0.36180344889514,0.0653236489476128,-0.148239899973764,-0.0275020704195466,0.489137442863671,0.230817686222062,-0.342589751712217,-0.0183491050058455,-0.180469428359031,-0.374454179257112,-0.136694863114551,-0.255574521185831,-0.0345326932813687,0.376889987879609,0.17117864729912,-0.375882681685581,-0.0327059831851461,-0.204294332435364,-0.548411804816418,-0.172736007561989,-0.360573906189204,441.7
139,1.78281267378721,9.5300078390333,5.65641025641026,-0.344202742217509,0.00607820233316001,-0.169062269942175,-0.0594833404643568,0.437906910591843,0.189211785063743,-0.294924499966194,0.0582554155727745,-0.11833454219671,-0.382809393790583,-0.183211592698454,-0.283010493244518,-0.0729136709818623,0.37792744966889,0.152506889343514,-0.405502837875113,-0.0664743824031864,-0.23598861013915,-0.578913824561971,-0.200514551806638,-0.389714188184304,441.800000410256
140,2.27336360968871,10.2599697236446,6.26666666666667,-0.295858187849072,0.0642547791530892,-0.115801704347991,-0.131103201884882,0.317601294190225,0.0932490461526711,-0.270275558583248,0.113782865625904,-0.078246346478672,-0.385448316233955,-0.139362753669818,-0.262405534951887,-0.0671368695938227,0.383976145530261,0.158419637968219,-0.437275619065884,-0.126495915057946,-0.281885767061915,-0.569678355616551,-0.175328131200233,-0.372503243408392,441.899996666667
141,2.81964647007497,11.1495842991558,6.98461538461539,-0.252573614531793,0.143465099333119,-0.0545542575993369,-0.158227094219266,0.237477668272008,0.0396252870263708,-0.283956652099403,0.0828945795554898,-0.100531036271957,-0.411384622607424,-0.0184913749671404,-0.214937998787282,0.0136644859567308,0.419273352522416,0.216468919239574,-0.407065933099981,-0.0923591299224263,-0.249712531511204,-0.512016693808635,-0.114167231871761,-0.313091962840198,442
142,3.11377050072212,11.7375115505599,7.42564102564103,-0.227757284443502,0.235418395113172,0.00383055533483499,-0.155675433930367,0.220554552654028,0.0324395593618306,-0.316978655953963,-0.0025927108502146,-0.159785683402089,-0.410609849983586,0.0310516421703072,-0.18977910390664,0.0836217088519981,0.514503914533387,0.299062811692693,-0.415795212221371,-0.0709340664091618,-0.243364639315266,-0.468976456668277,-0.0775043938050653,-0.273240425236671,442.100003333333
143,3.50647245925514,12.2781429253602,7.89230769230769,-0.275660101962293,0.169760608910983,-0.0529497465256554,-0.152066165620758,0.19699414673291,0.0224639905560761,-0.335274553444474,-0.0706112144056451,-0.20294288392506,-0.397085875758731,-0.0489840852428375,-0.223034980500784,0.0611817036537978,0.546336038655613,0.303758871154705,-0.398869954521422,-0.0796245437269133,-0.239247249124168,-0.427125287495174,-0.0851246396040769,-0.256124963549625,442.2
144,3.74515590168193,12.6548440983181,8.2,-0.309948102527643,0.0756629454446507,-0.117142578541496,-0.176024371329852,0.147939634395267,-0.0140423684672929,-0.330281886487846,-0.0864879474175325,-0.208384916952689,-0.39003862623659,-0.162451914301345,-0.276245270268968,0.0411418328773598,0.539390668584663,0.290266250731011,-0.399638324232336,-0.0940348879309302,-0.246836606081633,-0.410284953181285,-0.0781800225067638,-0.244232487844024,442.3
145,4.13105303947834,13.1715110630858,8.65128205128205,-0.308539780810111,0.00113889617624962,-0.153700442316931,-0.195299410495089,0.144391821301693,-0.0254537945966979,-0.33692827046878,-0.0963930370960425,-0.216660653782411,-0.385196466838992,-0.182677968275053,-0.283937217557022,0.0190494253844172,0.486208029263518,0.252628727323968,-0.419621671731773,-0.105102036592533,-0.262361854162153,-0.37409190953298,-0.0537005385378623,-0.213896224035421,442.399997230769
146,4.4948016637065,13.7000701311653,9.0974358974359,-0.287320173956096,-0.0117519773358004,-0.149536075645948,-0.205989433826653,0.168765263426234,-0.0186120852002097,-0.319473507425358,-0.06392183204538,-0.191697669735369,-0.364526808782852,-0.177495435648419,-0.271011122215635,0.0314641553226285,0.450457881194874,0.240961018258751,-0.452480701073457,-0.131564911576806,-0.292022806325131,-0.354431489351197,-0.0111592224579694,-0.182795355904583,442.5
147,5.00643898609657,14.4192020395445,9.71282051282051,-0.254131450471887,0.0531795376539282,-0.100475956408979,-0.239396754406778,0.159833803968272,-0.0397814752192531,-0.29976961415553,-0.0196752626725304,-0.15972243841403,-0.341815953597424,-0.15718548541529,-0.249500719506357,-0.00132670432067734,0.384520136606031,0.191596716142677,-0.490360505447353,-0.170365799848345,-0.330363152647849,-0.360448499510883,-0.0331198728178167,-0.19678418616435,442.60025974359
148,5.94834485827687,15.7029371930052,10.825641025641,-0.235054290639888,0.149184642322803,-0.0429348241585426,-0.220228992626739,0.153145260629512,-0.0335418659986133,-0.280473286538294,0.0372041639512634,-0.121634561293515,-0.332501421904696,-0.135150138167967,-0.233825780036332,-0.0302606880095987,0.331431364990909,0.150585338490655,-0.504576204528529,-0.199892031066469,-0.352234117797499,-0.406081084829209,-0.0869353599318794,-0.246508222380544,442.700256358974
149,6.69505873940479,17.274172029826,11.9846153846154,-0.183116617074561,0.165997191454006,-0.0085597128102775,-0.175490774546733,0.154071990778267,-0.0107093918842328,-0.279466969241311,0.0817226114414543,-0.0988721788999281,-0.324967510879011,-0.100968654037001,-0.212968082458006,-0.0446516844158142,0.347475313859956,0.151411814722071,-0.49274430050617,-0.204224274364095,-0.348484287435132,-0.473486164327144,-0.145319308609221,-0.309402736468183,442.800000282051
150,7.18333894119156,18.5089687511161,12.8461538461538,-0.16873619503072,0.199537345778529,0.0154005753739047,-0.138686750863515,0.170004937252426,0.0156590931944553,-0.286391456487134,0.0939031852475523,-0.0962441356197909,-0.310644887236992,-0.0604713337847006,-0.185558110510846,-0.0115734534564837,0.404841397323447,0.196633971933482,-0.495309443811614,-0.20508904921172,-0.350199246511667,-0.489398689452824,-0.160675408145938,-0.325037048799381,442.899997089744
151,7.50279686029571,18.9074595499607,13.2051282051282,-0.184842796053983,0.239096017305328,0.0271266106256728,-0.150162107782256,0.164065472191112,0.00695168220442781,-0.305815953761768,0.0549313788812355,-0.125442287440266,-0.328821214855698,-0.06880359966369,-0.198812407259694,-0.0148109244592331,0.423365607815747,0.204277341678257,-0.445304241033661,-0.166070220091785,-0.305687230562723,-0.481304415821396,-0.152423471532521,-0.316863943676958,443.000256410256
152,8.08671939920087,19.6876395751581,13.8871794871795,-0.177105595677424,0.273563329379892,0.048228866851234,-0.192447378860491,0.120113208856295,-0.0361670850020981,-0.329997878221357,0.00727800979436757,-0.161359934213495,-0.334652712133444,-0.0972924647537421,-0.215972588443593,-0.0792605508469885,0.359577300547495,0.140158374850253,-0.41924949339616,-0.143956834213405,-0.281603163804782,-0.425332547162396,-0.0936136523999429,-0.25947309978117,443.100260512821
153,8.72963100915961,20.7062664267378,14.7179487179487,-0.23600126085764,0.223495434315033,-0.00625291327130329,-0.203430179380623,0.118395867938317,-0.0425171557211533,-0.367886302602288,-0.0656113815384188,-0.216748842070353,-0.351171512424781,-0.149679561110217,-0.250425536767499,-0.118820506212125,0.299747651603562,0.0904635726957187,-0.409113661350447,-0.101802329000135,-0.255457995175291,-0.367119342639127,-0.0510210404986589,-0.209070191568893,443.200256769231
154,9.22504874983712,21.8928999681116,15.5589743589744,-0.284234686976728,0.159379858609645,-0.0624274141835418,-0.183317804815289,0.159017828466488,-0.0121499881744007,-0.406307927641523,-0.108083293047792,-0.257195610344658,-0.310515906112711,-0.0988142585410657,-0.204665082326888,-0.116974171057583,0.296252679809203,0.0896392543758101,-0.464614696477305,-0.136577804011987,-0.300596250244646,-0.290736286413584,0.0328899746938902,-0.128923155859847,443.300000282051
155,9.87963770182533,22.7254905033029,16.3025641025641,-0.291103144313004,0.0246307380722262,-0.133236203120389,-0.123019901706169,0.220413783131804,0.0486969407128176,-0.440438507672895,-0.136606060223542,-0.288522283948219,-0.287262618491904,0.0487223949364327,-0.119270111777736,-0.0488949719686641,0.399804644188953,0.175454836110145,-0.501821362075719,-0.157549838684859,-0.329685600380289,-0.289558898158816,0.0530987957274922,-0.118230051215662,443.399997089744
156,11.0530283433672,24.003381913043,17.5282051282051,-0.30405975406585,0.0145042886831738,-0.144777732691338,-0.111394988800149,0.231834265355874,0.0602196382778626,-0.428524378316443,-0.124794109406318,-0.276659243861381,-0.281181582704976,0.179699643068693,-0.0507409698181414,-0.0148579838673842,0.458510615192662,0.221826315662639,-0.484974937657285,-0.151669405732988,-0.318322171695137,-0.307625427214362,0.039347836648556,-0.134138795282903,443.500256410256
157,12.2923914561845,25.5332495694565,18.9128205128205,-0.313006792146589,-0.00174705253818099,-0.157376922342385,-0.114255896822663,0.243100694994879,0.0644223990861079,-0.404584261686319,-0.113887279555031,-0.259235770620675,-0.280106661525755,0.206730264163529,-0.036688198681113,-0.0299501624300734,0.438223588254526,0.204136712912226,-0.441042302034574,-0.111398899776488,-0.276220600905531,-0.332401772840744,0.014101419604657,-0.159150176618044,443.60025974359
158,13.2453016171498,26.6931599213118,19.9692307692308,-0.334125288791966,-0.0489163633318074,-0.191520826061887,-0.150073375278413,0.214035730495711,0.0319811776086489,-0.393196202868923,-0.0776535647784471,-0.235424883823685,-0.299000357754695,0.255666333360696,-0.0216670121969996,-0.0452746667554144,0.411499411840308,0.183112372542447,-0.388755098499873,-0.038125229248249,-0.213440163874061,-0.337561591891329,0.0232671852143644,-0.157147203338482,443.700256358974
159,13.8424955101418,27.3062224385761,20.574358974359,-0.359840582930262,-0.0396150595503181,-0.19972782124029,-0.167385105169138,0.186880369520499,0.00974763217568081,-0.368892183200606,-0.0352483080223389,-0.202070245611473,-0.30665504839724,0.274112051289205,-0.0162714985540175,-0.0773255914079631,0.393030892102858,0.157852650347447,-0.374501897850031,0.0088392719490455,-0.182831312950493,-0.317393696150058,0.028911387355537,-0.14424115439726,443.800000282051
160,13.6643879867744,26.8484325260461,20.2564102564103,-0.3500210131851,0.0100290096132887,-0.169996001785906,-0.157673022957474,0.174992423417904,0.00865970023021531,-0.359269509872013,-0.0146785989985504,-0.186974054435282,-0.293137839292791,0.202737344878939,-0.045200247206926,-0.0637376325501507,0.418242673569453,0.177252520509651,-0.356551276640789,0.0429136645047769,-0.156818806068006,-0.342114482619215,-0.0235057799559989,-0.182810131287607,443.899996833333
161,13.071936520252,26.0665250182096,19.5692307692308,-0.387483008439015,-0.0121401183793999,-0.199811563409207,-0.215189479108464,0.11169684198123,-0.0517463185636173,-0.301382663121751,-0.00938516684264901,-0.1553839149822,-0.264344212658973,0.0791367969529168,-0.0926037078530279,-0.0688899651925559,0.386038195304464,0.158574115055954,-0.321748633277249,0.078829533615495,-0.121459549830877,-0.351208757009635,0.0152624679888021,-0.167973144510417,444.000256410256
162,12.5870698101851,25.8129301898149,19.2,-0.356560792575485,-0.0598090546481535,-0.208184923611819,-0.251456584823796,0.062772901533274,-0.094341841645261,-0.267764187389835,-0.00398609621806136,-0.135875141803948,-0.287187038645262,0.0192751765847505,-0.133955931030256,-0.0524177163694209,0.370700558797603,0.159141421214091,-0.30680678756349,0.100429096476773,-0.103188845543358,-0.322421208749395,0.0696472709479988,-0.126386968900698,444.10025974359
163,12.4768032806521,25.7693505655017,19.1230769230769,-0.344027308223185,-0.0946269262054424,-0.219327117214314,-0.289983329302796,0.00179869221121711,-0.144092318545789,-0.23614393265207,0.0233087876162768,-0.106417572517897,-0.313163602237061,0.0172467475426223,-0.147958427347219,-0.0834365257049802,0.334418648710393,0.125491061502706,-0.305023479142629,0.111343327280199,-0.0968400759312152,-0.285538855614465,0.126048458102106,-0.0797451987561793,444.200256358974
164,12.546914751336,25.8633416589205,19.2051282051282,-0.299380838393255,-0.0596123757531415,-0.179496607073198,-0.296062504117731,0.0174011816464322,-0.139330661235649,-0.234808404696927,0.0553600742673725,-0.0897241652147774,-0.328932188019392,-0.0311190165918064,-0.180025602305599,-0.0772111438148994,0.348983723049959,0.13588628961753,-0.313935044937655,0.0982728508971215,-0.107831097020267,-0.253752770477795,0.127133146580439,-0.063309811948678,444.300000179487
165,12.5919269073494,26.1260218105993,19.3589743589744,-0.305525122506205,-0.0295950744204319,-0.167560098463318,-0.285935828180004,0.0685664558014679,-0.108684686189268,-0.206847755756462,0.101931393379298,-0.0524581811885816,-0.345391577063895,-0.110188773864097,-0.227790175463996,-0.096847786466765,0.360113135349958,0.131632674441597,-0.279966970146868,0.0931924857591752,-0.0933872421938464,-0.261941726963466,0.105788866639669,-0.0780764301618981,444.399996679487
166,12.6003437499684,26.3227331731085,19.4615384615385,-0.315256955717699,-0.0156260331393515,-0.165441494428525,-0.244376731956659,0.15781707621792,-0.0432798278693697,-0.18218125720358,0.144755011272613,-0.0187131229654839,-0.362028773011625,-0.171555827665959,-0.266792300338792,-0.0876710742410543,0.392909994048329,0.152619459903637,-0.260135226569527,0.0794420806207274,-0.0903465729743998,-0.282974572666608,0.104964463614753,-0.0890050545259273,444.500256410256
167,12.3713789883205,26.2440056270642,19.3076923076923,-0.327879629802162,-0.0596397600481245,-0.193759694925143,-0.20479212428838,0.249760991360645,0.0224844335361326,-0.192918424992708,0.158434460953355,-0.0172419820196767,-0.353190179608953,-0.156858455695617,-0.255024317652285,-0.0702376744510323,0.377981506130008,0.153871915839488,-0.287751633348595,0.0447370193852889,-0.121507306981653,-0.319691252207634,0.0838519482518254,-0.117919651977904,444.600259897436
168,12.2855029636331,26.2375739594438,19.2615384615385,-0.349125788030114,-0.100026603215719,-0.224576195622917,-0.186753480978779,0.28409894681252,0.0486727329168707,-0.236358142683475,0.09069480780018,-0.0728316674416477,-0.329613687656724,-0.0772399998594573,-0.203426843758091,-0.0789493244611737,0.371509199996226,0.146279937767526,-0.322232617528346,0.0285528734355188,-0.146839872046414,-0.32176954624139,0.0803667695062843,-0.120701388367553,444.700256358974
169,11.7402493550381,25.4700070552184,18.6051282051282,-0.345051082717459,-0.0603546628450394,-0.202702872781249,-0.235402908017843,0.201772260599351,-0.0168153237092462,-0.280456364061831,0.0246056268374405,-0.127925368612195,-0.332112468332278,0.0463352369456019,-0.142888615693338,-0.0723476361485683,0.372782082843829,0.15021722334763,-0.339395023785005,0.0414683181266283,-0.148963352829188,-0.320125403087233,0.0420883675673975,-0.139018517759918,444.800000076923
170,11.053098315672,24.6904914279177,17.8717948717949,-0.310215444422112,0.00237132200182053,-0.153922061210146,-0.283577863903281,0.115975769915739,-0.0838010469937708,-0.294051422335285,0.0554506455083551,-0.119300388413465,-0.324675673963772,0.0787223407399667,-0.122976666611902,-0.0434267040308898,0.386701377128382,0.171637336548746,-0.311178703341893,0.0711048304764663,-0.120036936432713,-0.287234090027974,0.0772174302520081,-0.105008329887983,444.899996782051
171,10.5579900447397,24.2009843142346,17.3794871794872,-0.260188395767553,0.0674543811794119,-0.0963670072940703,-0.313781819779492,0.0599141477391849,-0.126933836020153,-0.276973639603974,0.104313313806368,-0.0863301628988033,-0.328329722581589,0.0677656955751279,-0.130282013503231,-0.0441277793452041,0.376601495283263,0.16623685796903,-0.306967278491473,0.0590808676762321,-0.12394320540762,-0.286867622574502,0.102149692455859,-0.0923589650593215,445.000256410256
172,10.3660392450237,23.9929351139507,17.1794871794872,-0.215553017866965,0.235954401346176,0.0102006917396053,-0.309997211577112,0.0989789144199906,-0.105509148578561,-0.288391306244924,0.104684013801211,-0.0918536462218566,-0.33416880008084,0.0407959763331078,-0.146686411873866,-0.0767097099709845,0.368310265287323,0.145800277658169,-0.330649852399106,0.0488289076417812,-0.140910472378663,-0.274481512989083,0.128216667136715,-0.0731324229261839,445.10025974359
173,10.2735418991841,23.9623555367133,17.1179487179487,-0.195058252847953,0.282074284999785,0.0435080160759161,-0.261281517135266,0.181149928991442,-0.040065794071912,-0.32442279769732,0.0491158559064103,-0.137653470895455,-0.328028048030851,0.0341826304987452,-0.146922708766053,-0.104830828290496,0.350043623236829,0.122606397473167,-0.345224057159308,0.0559781980410844,-0.144622929559112,-0.31584800669948,0.107676408004602,-0.104085799347439,445.200256564103
174,10.1699649214617,23.922342770846,17.0461538461538,-0.213044846123366,0.294665799572938,0.0408104767247859,-0.191303277020474,0.25370163638407,0.0311991796817978,-0.353850499611948,0.0204264523321673,-0.16671202363989,-0.298873145650455,0.0769692905003792,-0.110951927575038,-0.153648383738969,0.300428180839339,0.0733898985501851,-0.30281281444983,0.0953826427891017,-0.103715085830364,-0.367841035188219,0.0561625201396214,-0.155839257524299,445.300000076923
175,10.1067625191852,23.8932374808148,17,-0.249034871963025,0.252507826804789,0.00173647742088194,-0.148535692418269,0.312647526001423,0.0820559167915772,-0.367397749779776,0.0327150089584354,-0.167341370410671,-0.307796356268698,0.084516689125175,-0.111639833571761,-0.214487428259094,0.212900660808173,-0.000793383725460565,-0.236359993870932,0.138558465829448,-0.048900764020742,-0.335416620521182,0.0764043375583113,-0.129506141481435,445.399996833333
176,10.0092567104774,23.8163843151636,16.9128205128205,-0.254300372759295,0.267203696603015,0.00645166192186045,-0.16319438369505,0.323365858351905,0.0800857373284275,-0.322517226287746,0.113041127922858,-0.104738049182444,-0.32315813388497,0.0433354739861887,-0.13991132994939,-0.264891573415801,0.162807811544523,-0.0510418809356388,-0.176282320467214,0.176114784049709,-8.37682087526035e-05,-0.277056036062564,0.139899331880922,-0.0685783520908212,445.500256410256
177,9.84582641583487,23.7234043533959,16.7846153846154,-0.27787500450196,0.171013196452732,-0.0534309040246143,-0.181594367630907,0.300820715968578,0.0596131741688356,-0.253701988815039,0.168118278737443,-0.0427918550387977,-0.333409570095687,-0.0769804459464596,-0.205195008021073,-0.24474527853545,0.155146736328099,-0.0447992711036756,-0.106056970668547,0.212594722803373,0.053268876067413,-0.238067679712771,0.172901832586222,-0.0325829235632745,445.60025974359
178,9.74279071738216,23.6418246672332,16.6923076923077,-0.300113458636606,0.0955364817786712,-0.102288488428967,-0.238984804917913,0.185590906178236,-0.0266969493698388,-0.207056982560449,0.194461755635313,-0.0062976134625678,-0.377546559911989,-0.176204859650322,-0.276875709781156,-0.210259122971102,0.160905981593385,-0.0246765706888585,-0.048853533106036,0.292167539117363,0.121657003005663,-0.248508512669747,0.161626152750689,-0.0434411799595289,445.700256358974
179,9.53064879381846,23.4129409497713,16.4717948717949,-0.371002463841494,-0.03549191913122,-0.203247191486357,-0.199398666893122,0.259359429897856,0.0299803815023669,-0.180817401356506,0.18699267912902,0.00308763888625686,-0.375544185782755,-0.201347949539599,-0.288446067661177,-0.230573802944796,0.171201228795819,-0.0296862870744884,-0.0929167622239876,0.308888280991189,0.1079857593836,-0.334710712210852,0.0524897766341259,-0.141110467788363,445.800000179487
180,9.22075877911515,23.0971899388336,16.1589743589744,-0.331312348855505,0.0203381688397733,-0.155487090007866,-0.202604493919369,0.279172066077158,0.0382837860788941,-0.156269335603331,0.192038322339464,0.0178844933680665,-0.370170697526039,-0.169870198058536,-0.270020447792288,-0.205184334148329,0.217626362674644,0.00622101426315741,-0.164017553247987,0.2656146534692,0.0507985501106063,-0.3848074340142,-0.0137567525975835,-0.199282093305892,445.899996782051
181,8.93363267612928,22.7073929648964,15.8205128205128,-0.296319003396449,0.114219754552198,-0.0910496244221253,-0.274598009274095,0.208867438046308,-0.0328652856138936,-0.131470166445628,0.299494180757411,0.0840120071558912,-0.365283240703026,-0.058286544382441,-0.211784892542734,-0.138990568180485,0.340341471455109,0.100675451637312,-0.213611024411525,0.279805666044353,0.0330973208164142,-0.369505578937567,0.0165259197111737,-0.176489829613197,446.000256564103
182,8.50646260414751,22.0986656009807,15.3025641025641,-0.255303819408771,0.225955071138592,-0.0146743741350896,-0.315878775634442,0.109610650473373,-0.103134062580535,-0.0887613352012289,0.378934198494971,0.145086431646871,-0.371490174883693,-0.0471226278954431,-0.209306401389568,-0.174495601527737,0.337692027891017,0.0815982131816396,-0.17716460340792,0.285712050159802,0.0542737233759414,-0.333681826063808,0.0630801064083222,-0.135300859827743,446.10025974359
183,7.94056530714487,21.2902039236244,14.6153846153846,-0.222745445837441,0.192834070917725,-0.0149556874598584,-0.337601735297282,0.028706719038868,-0.154447508129207,-0.0672663536038238,0.386929695375669,0.159831670885922,-0.360635755571995,-0.0653149720822191,-0.212975363827107,-0.232589761515573,0.246169084373709,0.00678966142906802,-0.12639103313008,0.279376466276615,0.0764927165732679,-0.244466364163047,0.155544589662257,-0.0444608872503947,446.200256358974
184,7.48507080912607,20.5867240626688,14.0358974358974,-0.125514767963371,0.243716526127066,0.0591008790818471,-0.298220157880309,0.127954709121582,-0.0851327243793637,-0.0623108592970933,0.38374707937101,0.160718110036958,-0.375482487815386,-0.124180940146825,-0.249831713981105,-0.292460681730476,0.151959593764466,-0.0702505439830051,-0.117161086713748,0.257170008130641,0.0700044607084462,-0.249954183959006,0.127555905672333,-0.0611991391433365,446.300000076923
185,7.33961519370221,20.2501283960414,13.7948717948718,-0.100939532387273,0.262916949914408,0.0809887087635675,-0.339598679471291,0.0571918960238454,-0.141203391723723,-0.0298141342685916,0.431080475987989,0.200633170859699,-0.35609716807907,-0.0717187677667724,-0.213907967922921,-0.30178420818705,0.134876985969223,-0.0834536111089135,-0.155612670186979,0.235869263720654,0.0401282967668376,-0.226662721369009,0.137990900501074,-0.0443359104339679,446.399996884615
186,7.00826677795941,19.2481434784509,13.1282051282051,-0.111378664354139,0.258137734037477,0.0733795348416689,-0.394728068954083,-0.062611035329966,-0.228669552142025,0.0402471480573778,0.504598998468227,0.272423073262803,-0.333604543823514,-0.0647996925025249,-0.199202118163019,-0.30153789252266,0.159505348499713,-0.0710162720114734,-0.166778982477573,0.214765373316948,0.0239931954196877,-0.208640414379825,0.157015204778847,-0.0258126048004889,446.500256564103
187,5.94877795636746,17.4153246077351,11.6820512820513,-0.164129628554516,0.267706528155753,0.0517884498006186,-0.483051242495708,-0.172035611109007,-0.327543426802358,0.15950105762598,0.67323814125333,0.416369599439655,-0.339880375800232,-0.0442820037816133,-0.192081189790923,-0.338211079287852,0.152992205034397,-0.0926094371267276,-0.124778944436423,0.232942328496695,0.054081692030136,-0.190957351249258,0.166615090407419,-0.0121711304209199,446.60025974359
188,5.31845868522191,16.7328233660601,11.025641025641,-0.16029305481758,0.264769531224841,0.0522382382036303,-0.477259083079714,-0.16499318777778,-0.321126135428747,0.246216998099374,0.786323830840226,0.5162704144698,-0.3631833497274,-0.0620801932418098,-0.212631771484605,-0.375806478691735,0.0783666375419375,-0.148719920574899,-0.0965161389550607,0.24271669550763,0.0731002782762848,-0.214321604644026,0.139844762993531,-0.0372384208252475,446.700256358974
189,5.01362720838458,16.2889368941795,10.6512820512821,-0.0701968991985131,0.421924005539888,0.175863553170688,-0.437452601543236,-0.0996760404609977,-0.268564321002117,0.257017950580372,0.786645843403664,0.521831896992018,-0.342733055466373,-0.0805644115880434,-0.211648733527208,-0.360710269564811,0.0641454127224779,-0.148282428421166,-0.110016218634251,0.214561764964873,0.0522727731653111,-0.232513894229685,0.114135339722585,-0.05918927725355,446.800000076923
190,4.83013415360957,15.959609436134,10.3948717948718,-0.0502234965655448,0.489211166188214,0.219493834811335,-0.386065258368737,0.0131364668726296,-0.186464395748054,0.184339350658584,0.696403732644043,0.440371541651313,-0.326423788470076,-0.0736021249905531,-0.200012956730314,-0.386216084808586,0.00980556397275859,-0.188205260417914,-0.165859911861912,0.158097402757032,-0.00388125455244037,-0.227693789075082,0.152231201087804,-0.0377312939936389,446.899996833333
191,4.59346884514367,15.6014029497281,10.0974358974359,-0.0315187155892317,0.537003292462799,0.252742288436784,-0.332095733910527,0.123522215633427,-0.10428675913855,0.0703407874402566,0.565742745247676,0.318041766343966,-0.32581548212427,-0.0574903167502395,-0.191652899437255,-0.354403407305524,0.0085827743122359,-0.172910316496644,-0.229937124876396,0.132242893427691,-0.0488471157243522,-0.250019506904882,0.154306298875389,-0.0478566040147464,447.000256564103
192,4.237567266358,15.1470481182574,9.69230769230769,-0.056785464653033,0.476753615214066,0.209984075280516,-0.257120431613833,0.184933141258723,-0.0360936451775549,-0.000227717596289044,0.482764485273671,0.241268383838691,-0.355131576613692,-0.0759719898662301,-0.215551783239961,-0.339617172974946,0.0252108664660018,-0.157203153254472,-0.225383540421125,0.154502311501709,-0.0354406144597079,-0.302863799918879,0.0982742909676952,-0.102294754475592,447.10025974359
193,3.94092301537349,14.7360000615496,9.33846153846154,-0.0137982182214393,0.508249245728525,0.247225513753543,-0.208192512937702,0.221831673004858,0.006819580033578,-0.065509984915503,0.373536397254492,0.154013206169495,-0.379661725523539,-0.0602083765340655,-0.219935051028802,-0.357583883221147,0.0510610141470286,-0.153261434537059,-0.231938424762014,0.143541926385139,-0.0441982491884372,-0.308323012037552,0.0902033822654707,-0.109059814886041,447.200256564103
194,3.52530463340081,14.0849517768556,8.80512820512821,0.0312043440521213,0.742689774225472,0.386947059138797,-0.223154605188517,0.188427081018648,-0.0173637620849344,-0.133567480076942,0.29862056828389,0.0825265441034738,-0.367353978016637,-0.0579058653540447,-0.212629921685341,-0.389561585068808,0.0226959775970206,-0.183432803735894,-0.236417086153286,0.145929734487704,-0.0452436758327908,-0.246439447143562,0.154512993553531,-0.0459632267950152,447.300000179487
195,3.01407194970536,13.3654152297818,8.18974358974359,0.0975395678884625,0.880814388655095,0.489176978271779,-0.218456802608673,0.157434931331099,-0.0305109356387874,-0.154650827823029,0.332857391775038,0.0891032819760045,-0.326468168349926,0.0165822794491156,-0.154942944450405,-0.433774387908849,-0.00569316472252087,-0.219733776315685,-0.290274368619859,0.0787857092995312,-0.105744329660164,-0.242573791637369,0.198767913127858,-0.0219029392547555,447.399996782051
196,2.66833261682661,12.921410972917,7.7948717948718,0.141465247260558,0.936590080311588,0.539027663786073,-0.241009029687491,0.292877390356156,0.0259341803343322,-0.111217093843121,0.396246664265952,0.142514785211416,-0.316469358034701,0.0243519460476472,-0.146058705993527,-0.444981006827926,0.0113663500453654,-0.21680732839128,-0.310851155500915,0.0450590941194843,-0.132896030690715,-0.335338725869101,0.140239737690405,-0.0975494940893479,447.500256410256
197,2.41021168520428,12.5538908788983,7.48205128205128,0.0874891580583628,0.832756316078344,0.460122737068353,-0.235715663131233,0.349026239629691,0.0566552882492292,-0.0575001818533278,0.431241957891473,0.186870888019073,-0.269325286897011,0.0798736968392305,-0.0947257950288904,-0.45854118076432,0.0085502048654718,-0.224995487949424,-0.329437630116041,0.0477807555914517,-0.140828437262295,-0.398051037874229,0.0996670998429394,-0.149191969015645,447.600259846154
198,2.30835589976893,12.26600307459,7.28717948717949,0.0337215084935522,0.737436344574279,0.385578926533915,-0.2198618921094,0.305684714577562,0.0429114112340808,-0.0885792059092545,0.395001815499045,0.153211304794895,-0.284976305716383,0.191060090687469,-0.0469581075144567,-0.504995426468754,-0.0323177710299103,-0.268656598749332,-0.257875828972643,0.155703937763928,-0.0510859456043572,-0.395680718010024,0.105957101166875,-0.144861808421575,447.700256358974
199,2.10864859693272,12.0041719158878,7.05641025641026,-0.058536164385562,0.610037397526303,0.275750616570371,-0.262805757556245,0.220269771602745,-0.02126799297675,-0.155819041673251,0.327607171573869,0.0858940649503089,-0.260598408980344,0.36590963706629,0.052655614042973,-0.546940771111678,-0.0895384373834245,-0.318239604247551,-0.183395900294517,0.240041437170298,0.0283227684378903,-0.368412381506766,0.121807247385333,-0.123302567060716,447.800000076923
200,2.03871710430165,11.8689752033907,6.95384615384615,-0.0727254221770078,0.588908885727321,0.258091731775156,-0.246644073902666,0.224399784029184,-0.0111221449367408,-0.157177306323531,0.322578316958696,0.0827005053175823,-0.254852747251259,0.324540007342381,0.0348436300455611,-0.576411185002052,-0.121848447145576,-0.349129816073814,-0.199220977354224,0.221636981611013,0.0112080021283943,-0.407773908162496,0.0577400140981066,-0.175016947032195,447.899996679487
201,1.87116120487635,11.6262746925596,6.74871794871795,-0.0842996433352671,0.500767534994851,0.208233945829792,-0.205772642084147,0.271098075275513,0.032662716595683,-0.172922931648861,0.305398557310412,0.0662378128307756,-0.241626967612908,0.187377055767684,-0.0271249559226118,-0.54469081191425,-0.126484446374255,-0.335587629144253,-0.269726745999603,0.174015302386618,-0.0478557218064924,-0.464352267286065,0.0346712012968243,-0.21484053299462,448.000256410256
202,1.6553569529832,11.2882327906065,6.47179487179487,-0.107958347940993,0.445125624814208,0.168583638436607,-0.183165581627065,0.346969643189649,0.0819020307812921,-0.186688609706757,0.256670698602885,0.0349910444480641,-0.288416179194362,0.044001563650501,-0.122207307771931,-0.488791544807376,-0.0627281434706885,-0.275759844139032,-0.315965661049213,0.170762834359902,-0.0726014133446554,-0.453859987559292,0.0885284980136674,-0.182665744772812,448.10025974359
203,1.4178616634285,10.9616255160587,6.18974358974359,-0.087256567999174,0.348324395039589,0.130533913520208,-0.211206236378847,0.385698664122778,0.0872462138719659,-0.22085044321178,0.211637609534664,-0.00460641683855834,-0.313335249871289,-0.0282548150147034,-0.170795032442996,-0.400053113233748,0.0428843618910752,-0.178584375671337,-0.341221408301848,0.213604083052907,-0.0638086626244706,-0.455003917525512,0.0663171983431391,-0.194343359591187,448.200256358974
204,1.15517096996945,10.5781623633639,5.86666666666667,-0.0929874158114479,0.360182490461353,0.133597537324952,-0.253438057438508,0.26876810156637,0.00766502206393132,-0.24190930385045,0.180077825687321,-0.0309157390815643,-0.331184051706236,-0.0856640495580413,-0.208424050632139,-0.374256500656846,0.12528119001053,-0.124487655323158,-0.338254027420994,0.228763140895013,-0.0547454432629904,-0.476566485693335,-0.0251607163944568,-0.250863601043896,448.300000076923
205,0.846145048907481,10.1384703357079,5.49230769230769,-0.0474825766153347,0.463503810086118,0.208010616735392,-0.255336003641266,0.230911365866522,-0.0122123188873717,-0.199445415519909,0.234552600499756,0.0175535924899233,-0.325164439679428,-0.0796454830302428,-0.202404961354836,-0.389417590517261,0.137811749390626,-0.125802920563318,-0.362062707176436,0.158954764349352,-0.101553971413542,-0.553894452959577,-0.151077584111047,-0.352486018535312,448.39999698718
206,0.556609160925037,9.73057032625445,5.14358974358974,-0.0281752557326719,0.501115070321051,0.236469907294189,-0.329244134606947,0.163008887961694,-0.0831176233226264,-0.154143762691027,0.319508238875599,0.082682238092286,-0.318141371990463,-0.107415866107043,-0.212778619048753,-0.420969945402821,0.0828094070504035,-0.169080269176209,-0.348747269984205,0.148916822725405,-0.0999152236293999,-0.548012297928816,-0.1391507200543,-0.343581508991558,448.500256410256
207,0.370364962947524,9.4552760626935,4.91282051282051,-0.0175682948814699,0.523703445487734,0.253067575303132,-0.32582472620186,0.178792224492742,-0.0735162508545588,-0.0946210630906435,0.449856033268204,0.17761748508878,-0.323129204342646,-0.112984243336166,-0.218056723839406,-0.452359798242873,0.04773013741741,-0.202314830412732,-0.340920453389476,0.163854583653611,-0.0885329348679321,-0.486645207435314,-0.0525578488964822,-0.269601528165898,448.60025974359
208,0.28530398839291,8.48392678083786,4.38461538461538,0.000745614055812208,0.541217310034858,0.270981462045335,-0.320785958252982,0.196071747994104,-0.062357105129439,-0.0600429696707174,0.563275191646859,0.251616110988071,-0.348717375522687,-0.0240902316061141,-0.186403803564401,-0.497935761090436,0.0349019239474316,-0.231516918571502,-0.313217854663539,0.229405590664357,-0.0419061319995907,-0.451985313079078,0.0304432816846791,-0.210771015697199,448.700256358974
209,-0.0675313542236517,7.0111210978134,3.47179487179487,0.0377639878064478,0.707199281713237,0.372481634759842,-0.262419756386384,0.374164359668278,0.0558723016409473,-0.13885014995884,0.493334414857112,0.177242132449136,-0.383957408950963,-0.0286443654926282,-0.206300887221796,-0.539688142538283,0.00740925770161625,-0.266139442418333,-0.271821174440444,0.285953845910483,0.00706633573501952,-0.402539772347578,0.0995536656071436,-0.151493053370217,448.800000179487
210,-0.451400743888087,6.49242638491373,3.02051282051282,0.0360775013043985,0.678993717380124,0.357535609342261,-0.209050508300913,0.516120502106722,0.153534996902904,-0.199040615951901,0.40526640862075,0.103112896334425,-0.361670750970625,-0.0540315303871863,-0.207851140678906,-0.574621047061521,-0.0187759168255922,-0.296698481943556,-0.24037428855456,0.308229356713047,0.0339275340792437,-0.368969804716711,0.108588232388271,-0.13019078616422,448.899996679487
211,-0.464882215307558,6.48539503582038,3.01025641025641,0.0122653893826509,0.508385969551778,0.260325679467214,-0.100674465775327,0.60104080581247,0.250183170018571,-0.323867873583476,0.255476527521183,-0.0341956730311467,-0.318024127619856,-0.00804634289041823,-0.163035235255137,-0.583266608683028,0.000246530635010178,-0.291510039024009,-0.262040758226987,0.305181222544984,0.0215702321589986,-0.272353694508442,0.208345611795761,-0.0320040413563407,449.000256410256
212,-0.504056996687244,6.40149289412314,2.94871794871795,-0.0978700006082125,0.373690931732421,0.137910465562104,-0.0969057380272032,0.51414206263878,0.208618162305788,-0.331309412310409,0.200085264048366,-0.0656120741310216,-0.29492714800106,0.0427146457344812,-0.126106251133289,-0.57342144238363,-0.00976818364958445,-0.291594813016607,-0.284412725769443,0.243221158511164,-0.0205957836291398,-0.111930920283865,0.384452072087481,0.136260575901808,449.10025974359
213,-0.532379292999498,6.34776390838411,2.90769230769231,-0.120575287181182,0.511835229802086,0.195629971310452,-0.182229738518605,0.390829336804586,0.10429979914299,-0.412633813641283,0.0667854109356912,-0.172924201352796,-0.299321749743876,0.0830039572636235,-0.108158896240126,-0.484780466841405,0.0769633256990838,-0.203908570571161,-0.327417841726743,0.164250647766196,-0.0815835969802737,0.0380037231950867,0.569328350632301,0.303666036913694,449.200256358974
214,-0.552311714211811,6.31641427831438,2.88205128205128,-0.0945346203069727,0.668388369831085,0.286926874762056,-0.243973706582286,0.337004995882504,0.046515644650109,-0.414202211146489,0.0870242254387251,-0.163588992853882,-0.306214834650936,0.0905607770469183,-0.107827028802009,-0.425507698762323,0.232643459936218,-0.0964321194130526,-0.361967241180239,0.142654623489118,-0.10965630884556,0.132163497105042,0.69362386610929,0.412893681607166,449.300000076923
215,-0.665757657358832,6.07088586248704,2.7025641025641,0.0237593815078747,0.838169534879813,0.430964458193844,-0.305104040385045,0.244646461708571,-0.0302287893382368,-0.431053873990219,0.152191968500808,-0.139430952744705,-0.310284600503004,0.121828474850349,-0.0942280628263271,-0.429681509892968,0.326085438985824,-0.051798035453572,-0.297779806781802,0.233501307156169,-0.0321392498128164,0.11730721177754,0.665006197247285,0.391156704512412,449.399996679487
216,-0.886651227557093,5.55331789422376,2.33333333333333,0.0459630069631378,0.842782759826804,0.444372883394971,-0.329530007826717,0.233989995477099,-0.047770006174809,-0.406029654499007,0.152079205039838,-0.126975224729584,-0.287383521521636,0.280718254247623,-0.00333263363700678,-0.419822281795264,0.427352689306267,0.00376520375550143,-0.27798929988788,0.292533666043327,0.00727218307772372,0.0781063550126902,0.664519612480004,0.371312983746347,449.500256410256
217,-1.11231496552405,5.09180214501123,1.98974358974359,0.0469466115196281,0.805261024629291,0.42610381807446,-0.382718364269686,0.16295630564957,-0.109881029310058,-0.386027092657911,0.189178910759109,-0.0984240909494011,-0.29540369275619,0.205036992213869,-0.0451833502711602,-0.451411128326233,0.190255197926054,-0.13057796520009,-0.282872481130133,0.337464078074141,0.0272957984720037,0.0534020783659952,0.673108035665505,0.36325505701575,449.60025974359
218,-1.33047546290354,4.83816777059585,1.75384615384615,-0.0739944709821501,0.630323052732373,0.278164290875112,-0.415579925161427,0.129775000898173,-0.142902462131627,-0.301905769305947,0.347697724856933,0.0228959777754934,-0.259825798124301,0.360933576958157,0.0505538894169279,-0.405001581824469,0.23566691612749,-0.0846673328484893,-0.321029820809974,0.276979329654922,-0.0220252455775263,-0.00784029860735026,0.662633949413826,0.327396825403238,449.700256358974
219,-1.39166936524786,4.77628474986325,1.69230769230769,-0.0934654998665316,0.591471617540976,0.249003058837222,-0.457557051241155,0.118613834868035,-0.16947160818656,-0.208147211989313,0.494535562551345,0.143194175281016,-0.270221040016972,0.248687272530101,-0.0107668837434358,-0.35771553762969,0.264056500818536,-0.0468295184055772,-0.357687323857111,0.234676578977777,-0.0615053724396668,0.0496324816484044,0.719229476691885,0.384430979170145,449.800000076923
220,-1.39166936524786,4.77628474986325,1.69230769230769,-0.11850927895802,0.591256165482397,0.236373443262189,-0.45021056591874,0.103367790242162,-0.173421387838289,-0.113213974629362,0.633117471458135,0.259951748414387,-0.174232481123628,0.376697021831084,0.101232270353728,-0.342016358549046,0.301832294754917,-0.0200920318970648,-0.377955662658339,0.196160052058742,-0.0908978052997984,0.0802136234567594,0.773510088534275,0.426861855995517,449.899996679487
221,-1.39166936524786,4.77628474986325,1.69230769230769,-0.0527953715566991,0.598788452956741,0.272996540700021,-0.492205292830288,0.049918584523718,-0.221143354153285,-0.0346006384198406,0.792860742595344,0.379130052087752,-0.0861847750298922,0.666559569895105,0.290187397432607,-0.245778903091129,0.466981281435228,0.11060118917205,-0.353326989779521,0.242879957433492,-0.0552235161730144,0.119000858431569,0.778609958368375,0.448805408399972,450.000256410256
222,-1.39166936524786,4.77628474986325,1.69230769230769,-0.123514946512488,0.790003665691668,0.33324435958959,-0.49434382314203,0.0440989144587873,-0.225122454341621,0.00524300440362727,1.00769772732635,0.506470365864991,-0.0760593921610753,1.02749071879712,0.475715663318023,-0.176683060406689,0.608381937049592,0.215849438321451,-0.320027677484372,0.329549960899329,0.00476114170747867,0.0544782780250336,0.659779214469224,0.357128746247129,450.10025974359
223,-1.39166936524786,4.77628474986325,1.69230769230769,-0.0976484168933216,1.01485995966919,0.458605771387936,-0.466657315980331,0.0279148738754042,-0.219371221052463,-0.0533892947778132,0.816435037213427,0.381522871217807,-0.125362479249152,0.982476774409893,0.428557147580371,-0.126557449224611,0.637614023712989,0.255528287244189,-0.310189369111679,0.385163997099078,0.0374873139936995,-0.0403432406241931,0.556308442051123,0.257982600713465,450.200256564103
224,-1.39166936524786,4.77628474986325,1.69230769230769,-0.0682633720670983,1.00559103491108,0.46866383142199,-0.460526074064678,0.075204421352033,-0.192660826356322,-0.0226741540261726,0.896178465278663,0.436752155626245,-0.145032151721444,0.696270922277594,0.275619385278075,-0.225649624295162,0.462283276530673,0.118316826117755,-0.248609793891462,0.423078195231301,0.0872342006699194,-0.149507345237317,0.411481493294988,0.130987074028836,450.300000282051
225,-1.39595302485079,4.77031199920977,1.68717948717949,-0.101397226050347,0.822642907893887,0.36062284092177,-0.438646644905264,0.149281627591064,-0.1446825086571,-0.0568354300025825,0.801960878660555,0.372562724328986,-0.137086238076195,0.432158214996185,0.147535988459995,-0.370035652331108,0.278958196423235,-0.0455387279539367,-0.227713988173169,0.455740813189373,0.114013412508102,-0.17190623784792,0.378376955797256,0.103235358974668,450.399997141026
226,-1.39595302485079,4.77031199920977,1.68717948717949,-0.0608561708823048,0.51470563195988,0.226924730538788,-0.367063532303008,0.27554129503942,-0.045761118631794,-0.0776990554300542,0.801123457826483,0.361712201198214,-0.140715232451084,0.361147907099279,0.110216337324097,-0.426017711543336,0.265977387370526,-0.0800201620864049,-0.209607417388988,0.523108154920595,0.156750368765804,-0.196716909860046,0.351412696701146,0.07734789342055,450.500256564103
227,-1.39166936524786,4.77628474986325,1.69230769230769,-0.0754839925550472,0.490272448918273,0.207394228181613,-0.3037943112164,0.370321684848999,0.0332636868163,-0.0882284798375031,0.857177492434768,0.384474506298632,-0.181864568322978,0.245335750703698,0.0317355911903597,-0.442872250951368,0.216404949354052,-0.113233650798658,-0.287729210023724,0.442271111678213,0.0772709508272445,-0.207226516853465,0.364857957742169,0.0788157204443522,450.60025974359
228,-1.39166936524786,4.77628474986325,1.69230769230769,-0.0452670152912703,0.540187262455563,0.247460123582146,-0.306906169386251,0.475346069029142,0.0842199498214452,-0.0706171075975126,0.929298891674093,0.42934089203829,-0.21938667770005,0.191426278656149,-0.0139801995219502,-0.451886204557333,0.158458679553864,-0.146713762501735,-0.356007687109289,0.376492190414171,0.0102422516524412,-0.200537310482022,0.348039433157937,0.0737510613379577,450.700256358974
229,-1.39166936524786,4.77628474986325,1.69230769230769,-0.110393151962899,0.509465018010534,0.199535933023818,-0.254767817329331,0.51467718268393,0.1299546826773,0.0322116150717123,1.16460267035048,0.598407142711094,-0.174399226615256,0.376169736977323,0.100885255181034,-0.54422840456846,0.0225798020965752,-0.260824301235942,-0.350691058676786,0.282545046649619,-0.0340730060135836,-0.23593217712973,0.323120845930435,0.0435943344003526,450.800000282051
230,-1.39166936524786,4.77628474986325,1.69230769230769,-0.145163024410806,0.457143768608046,0.15599037209862,-0.296522329061352,0.565003495419732,0.13424058317919,-0.0382230377695643,1.00021614404319,0.480996553136813,-0.152475067818396,0.451652314865441,0.149588623523522,-0.523956848594911,0.0365017179879482,-0.243727565303482,-0.325423114025311,0.259915317000031,-0.0327538985126404,-0.166328616991535,0.481243992337202,0.157457687672833,450.899996884615
231,-1.39166936524786,4.77628474986325,1.69230769230769,-0.155967337560458,0.370289966202315,0.107161314320929,-0.326615766453485,0.578007091048532,0.125695662297524,-0.199524773852726,0.694626551470562,0.247550888808918,-0.11899137719981,0.539460920927197,0.210234771863694,-0.490663464109026,0.126762213108446,-0.18195062550029,-0.34817291697719,0.234465343010287,-0.0568537869834516,-0.00842130717429636,0.727265488785856,0.35942209080578,451.000256410256
232,-1.40462182924299,4.75846798308914,1.67692307692308,-0.153827354486592,0.319404229404775,0.0827884374590918,-0.363492368627906,0.362120882008858,-0.000685743309524292,-0.254698343626353,0.422905177208134,0.0841034167908903,-0.0202157290183035,0.703419233571875,0.341601752276786,-0.55347660263131,0.0655662461153243,-0.243955178257993,-0.33069613403852,0.217018339585949,-0.0568388972262857,0.161799819980331,0.929222139130023,0.545510979555177,451.10025974359
233,-1.40027050395157,4.76437306805413,1.68205128205128,-0.138083500601144,0.281076437231775,0.0714964683153154,-0.283062432887334,0.316728576972384,0.0168330720425246,-0.322905651596188,0.270458791210139,-0.0262234301930247,0.0898643156120428,1.06109659898366,0.575480457297851,-0.541115681024476,0.0217527444840377,-0.259681468270219,-0.368868522607993,0.150352432260572,-0.109258045173711,0.207246500003277,0.994709404302083,0.60097795215268,451.200256564103
234,-1.39595302485079,4.77031199920977,1.68717948717949,-0.0556752052067981,0.364208779276249,0.154266787034725,-0.202534953925248,0.698599038329528,0.24803204220214,-0.372812326450845,0.156078531127949,-0.108366897661448,0.138857456068009,1.19743957033258,0.668148513200296,-0.531866710171732,0.0650691660292651,-0.233398772071233,-0.428755435658892,0.122326906260967,-0.153214264698962,0.181771785066952,0.925987034924835,0.553879409995893,451.300000076923
235,-1.39166936524786,4.77628474986325,1.69230769230769,-0.0783355384527351,0.443342244801125,0.182503353174195,-0.20007736866946,0.636385720894454,0.218154176112497,-0.397885624744526,0.199598816804445,-0.0991434039700404,0.000286261260965648,0.936925567082425,0.468605914171695,-0.567318328483056,0.0751490678841809,-0.246084630299438,-0.447790523298611,0.153232018397923,-0.147279252450344,0.158821820073805,0.818801290669842,0.488811555371824,451.399996833333
236,-1.39166936524786,4.77628474986325,1.69230769230769,-0.0285808146349431,0.753479792556699,0.362449488960878,-0.203605110806101,0.532861259207735,0.164628074200817,-0.393038726772338,0.246799658485956,-0.0731195341431906,-0.121021802194556,0.703408706147192,0.291193451976318,-0.612752807147122,0.0712218669788437,-0.270765470084139,-0.438511973516641,0.229721318098964,-0.104395327708838,0.0746822078057438,0.707002217596571,0.390842212701157,451.500256410256
237,-1.39166936524786,4.77628474986325,1.69230769230769,-0.0119418098425729,0.846980068001012,0.41751912907922,-0.187287432655927,0.611281648080326,0.2119971077122,-0.389548532495678,0.232310388476199,-0.0786190720097393,-0.0815661615416105,0.506686998577593,0.212560418517991,-0.613756869297965,0.0498773834131013,-0.281939742942432,-0.464010948310477,0.255730607833657,-0.10414017023841,-0.0494059420138576,0.613799102807711,0.282196580396926,451.60025974359
238,-1.21868270385289,4.98278526795545,1.88205128205128,0.0944876153575526,1.11692262120678,0.605705118282166,-0.286801318049548,0.485486274397642,0.099342478174047,-0.476201830282637,0.123131672933189,-0.176535078674724,-0.0663551158847906,0.536951772915188,0.235298328515199,-0.549214613541484,0.0958781810642862,-0.226668216238599,-0.401569425934454,0.38281531418694,-0.00937705587375724,0.0394771586186143,0.728491044642388,0.383984101630501,451.700256564103
239,-1.08023685545335,5.26485224006874,2.09230769230769,0.0944511397102397,0.985058523992415,0.539754831851327,-0.302925339632231,0.413321301119915,0.0551979807438419,-0.458912683818767,0.102609621985154,-0.178151530916806,-0.0815828370419991,1.14307724546783,0.530747204212913,-0.487425979870951,0.0789960003430928,-0.204214989763929,-0.320934647282934,0.488767440337334,0.0839163965272004,-0.0148154858546328,0.740901547761242,0.363043030953305,451.800000282051
240,-1.06777852732979,5.32418878374005,2.12820512820513,0.0326134444176143,0.921505331056154,0.477059387736884,-0.436838392190808,0.272286990600739,-0.0822757007950346,-0.46542326543457,0.0274433095370492,-0.21898997794876,0.0342464603361193,1.07096285015436,0.552604655245241,-0.435403597391156,0.0870367293498484,-0.174183434020654,-0.213182389604754,0.593022308676888,0.189919959536067,0.0978137566881485,0.810342911591791,0.45407833413997,451.899996782051
241,-1.10437501082261,5.20693911338671,2.05128205128205,0.0152232102234503,0.658152017157454,0.336687613690452,-0.456454826059188,0.274758876559109,-0.0908479747500394,-0.527707469061396,-0.0509600468169652,-0.28933375793918,0.123430795091634,0.903757333213984,0.513594064152809,-0.40322570694836,0.145882985853994,-0.128671360547183,-0.229919164053914,0.582319909697343,0.176200372821715,0.130064589210278,0.800364922654882,0.46521475593258,452.000256564103
242,-1.17247778881079,5.05965727599028,1.94358974358974,-0.0681984386485302,0.495128467645504,0.213465014498487,-0.501507998986939,0.171823904957836,-0.164842047014551,-0.483272991301813,0.302152383798445,-0.090560303751684,0.101746696639947,0.739854183040764,0.420800439840355,-0.417068591094475,0.219995587261746,-0.0985365019163645,-0.224094409553771,0.525812474365877,0.150859032406053,0.145448890104425,0.80095838838482,0.473203639244623,452.10025974359
243,-1.2027487460969,5.0078769512251,1.9025641025641,-0.0931929919033019,0.50164524454804,0.204226126322369,-0.502092373006759,0.156498250987755,-0.172797061009502,-0.41718063962745,0.295558560797299,-0.0608110394150759,0.0830020877863448,0.770598074712228,0.426800081249286,-0.393132182250133,0.347624809775336,-0.0227536862373985,-0.251920254680372,0.399237386215919,0.0736585657677737,0.183862721411059,0.887803132275837,0.535832926843448,452.200256358974
244,-1.21064892173947,4.99526430635486,1.89230769230769,-0.160633687608507,0.491368291402654,0.165367301897074,-0.604179675488895,0.00761730918999258,-0.298281183149451,-0.429036356621918,0.210876089750729,-0.109080133435595,-0.030301409524772,0.695729841032209,0.332714215753718,-0.44249648535566,0.38964699277399,-0.0264247462908347,-0.156243130293688,0.479055852168359,0.161406360937336,0.243566305666907,1.04606882262458,0.644817564145746,452.300000076923
245,-1.21064892173947,4.99526430635486,1.89230769230769,-0.0914590773829737,0.625972246593563,0.267256584605295,-0.596787300906083,0.0552404239727449,-0.270773438466669,-0.449168551612197,0.202096584646238,-0.123535983482979,-0.0659865026249941,0.655355757867934,0.29468462762147,-0.459262442424721,0.315864427870429,-0.0716990072771457,-0.154918221593316,0.519644096670125,0.182362937538405,0.268057929106172,1.05731015190051,0.66268404050334,452.399996833333
246,-1.21064892173947,4.99526430635486,1.89230769230769,-0.0443351764222727,0.657503223409008,0.306584023493368,-0.605928563170164,0.107136006682227,-0.249396278243968,-0.388006733246591,0.259855914374243,-0.0640754094361743,-0.0552847370342522,0.57027272884848,0.257493995907114,-0.511209090846858,0.167331521577423,-0.171938784634717,-0.0747341375946778,0.657214260070884,0.291240061238103,0.274499579605907,1.02311692761895,0.64880825361243,452.500256564103
247,-1.27868220169695,4.89919502220977,1.81025641025641,-0.0408482215988568,0.672063765336325,0.315607771868734,-0.655212454909427,0.113662096368465,-0.270775179270481,-0.298558506031593,0.345448968465028,0.0234452312167176,-0.10929336155987,0.581123111093777,0.235914874766953,-0.530247206250624,0.105958096230158,-0.212144555010233,-0.0165250385374423,0.725889451899501,0.354682206681029,0.306335146266421,1.03247022857118,0.6694026874188,452.600260512821
248,-1.39166936524786,4.77628474986325,1.69230769230769,0.0250899491122329,0.770522155828893,0.397806052470563,-0.726479609813965,0.0326031829947198,-0.346938213409622,-0.233418987459282,0.45247161351262,0.109526313026669,-0.122217091317403,0.887556090400044,0.38266949954132,-0.45930562549901,0.121910698166903,-0.168697463666053,0.00804250436057878,0.706807375663836,0.357424940012207,0.300855285202741,1.02598639130448,0.663420838253609,452.700256358974
249,-1.39166936524786,4.77628474986325,1.69230769230769,0.1661217837709,1.11183528095983,0.638978532365363,-0.770116131614362,-0.0476536295612757,-0.408884880587819,-0.260916493324846,0.548234963422284,0.143659235048719,-0.125989468788901,0.666606081483552,0.270308306347326,-0.460566766520475,0.105684777879375,-0.17744099432055,0.0536536520477682,0.778226481376224,0.415940066711996,0.186301813713434,0.918467282401086,0.55238454805726,452.800000076923
250,-1.39595302485079,4.77031199920977,1.68717948717949,0.223607789950798,1.38973923827843,0.806673514114613,-0.770350048081104,-0.124273822110965,-0.447311935096035,-0.184695541895024,0.87527949602375,0.345291977064363,-0.120100725929155,0.799262255748829,0.339580764909837,-0.426321568770378,0.163958485663906,-0.131181541553236,-0.0365228950029499,0.674853496172945,0.319165300584998,0.104702147212817,0.872186630859296,0.488444389036057,452.89999724359
251,-1.40027050395157,4.76437306805413,1.68205128205128,0.240707677685269,1.37037327865282,0.805540478169044,-0.779594028292575,-0.170579929819184,-0.47508697905588,-0.170229280599238,0.892710350196239,0.361240534798501,-0.167631635492998,0.805513225218564,0.318940794862783,-0.402902863496145,0.242149147844601,-0.080376857825772,-0.0976919700905667,0.614414539932869,0.258361284921151,0.133691669093127,0.916663338937404,0.525177504015266,453.000256410256
252,-1.48379336214328,4.66328054163046,1.58974358974359,0.155875816235652,0.976631469820907,0.566253643028279,-0.746131946460226,-0.0587273717070104,-0.402429659083618,-0.211299951699643,0.730083533399855,0.259391790850106,-0.115851892371795,0.70587798873771,0.295013048182958,-0.352075972541601,0.352188545824249,5.62866413239049e-05,-0.23556779495644,0.495702898404667,0.130067551724113,0.182968549816917,0.999428061664045,0.591198305740481,453.10025974359
253,-1.5349686989503,4.61189177587337,1.53846153846154,-0.0159484520179404,0.591108031668719,0.287579789825389,-0.678357960594728,0.369226185571938,-0.154565887511395,-0.196097188428091,0.609553058954841,0.206727935263375,-0.177635273289317,1.10252123307816,0.46244297989442,-0.329444130854438,0.391049074096973,0.0308024716212671,-0.190375011336959,0.563747567498302,0.186686278080671,0.213503636426213,1.035944695911,0.624724166168607,453.200256358974
254,-1.5349686989503,4.61189177587337,1.53846153846154,-0.0192101720511668,0.661768173591515,0.321279000770174,-0.673437977032757,0.246051478173983,-0.213693249429387,-0.250432800311924,0.416062496463258,0.0828148480756673,-0.123771138348956,0.863234547647376,0.36973170464921,-0.388549778636651,0.293113543923618,-0.0477181173565162,-0.138914742183758,0.661269721070535,0.261177489443389,0.245168954750134,1.03886196157776,0.642015458163946,453.300000282051
255,-1.5349686989503,4.61189177587337,1.53846153846154,-0.0810541631059474,0.640362626179632,0.279654231536842,-0.672773587244343,0.189396015557422,-0.24168878584346,-0.257678423044913,0.43763846460565,0.0899800207803683,-0.142108724273827,0.609476978875494,0.233684127300834,-0.436838421706412,0.223331622435991,-0.10675339963521,-0.110915080903288,0.705759781309229,0.29742235020297,0.273931532963272,1.04558619064513,0.659758861804203,453.399997192308
256,-1.5349686989503,4.61189177587337,1.53846153846154,-0.105404636441045,0.545982260098738,0.220288811828846,-0.581751400725682,0.150102081920559,-0.215824659402562,-0.230818343192087,0.542537979810889,0.155859818309401,-0.169678831199754,0.518968028925975,0.174644598863111,-0.540934707077903,0.0982267873877285,-0.221353959845087,-0.0921117257506929,0.758969977473453,0.33342912586138,0.277107777396284,1.01395305944321,0.645530418419749,453.500256410256
257,-1.5349686989503,4.61189177587337,1.53846153846154,-0.140645088954838,0.460945156217549,0.160150033631355,-0.496033791426622,0.337274445691307,-0.0793796728676574,-0.149002375911066,0.671335502501126,0.26116656329503,-0.123835686545936,0.793274825680454,0.334719569567259,-0.576030237311704,-0.00365812416330694,-0.289844180737505,-0.129346922925545,0.742622341403589,0.306637709239022,0.255601889947359,0.982689228777419,0.619145559362389,453.60025974359
258,-1.5349686989503,4.61189177587337,1.53846153846154,-0.149736313683291,0.369401938871716,0.109832812594213,-0.551288473803816,0.317775374775527,-0.116756549514145,-0.0816061365510269,0.733335444405823,0.325864653927398,-0.0906448624507706,0.811451365108403,0.360403251328816,-0.65150069045803,-0.0983667169563985,-0.374933703707214,-0.0813788642170695,0.7997522147456,0.359186675264265,0.263138441986305,1.02711191851093,0.645125180248618,453.700257435897
259,-1.5349686989503,4.61189177587337,1.53846153846154,-0.252637040515253,0.151265744470978,-0.0506856480221377,-0.627358596259947,0.192402286684238,-0.217478154787855,-0.0628865741997013,0.678607399543357,0.307860412671828,-0.0359752409896067,0.831034555127771,0.397529657069082,-0.633665586894682,-0.0696024409547306,-0.351634013924706,-0.0409962709512631,0.761217867877027,0.360110798462882,0.219519882905783,1.03799357631798,0.628756729611884,453.800001153846
260,-1.5349686989503,4.61189177587337,1.53846153846154,-0.289748747694728,0.143861298375016,-0.0729437246598563,-0.654939594005491,0.0393264388132441,-0.307806577596124,-0.101754490809518,0.49925442369347,0.198749966441976,0.0950548216293309,1.04633081936502,0.570692820497177,-0.602470885118155,-0.0317120222904511,-0.317091453704303,-0.0367361306513192,0.692136593337998,0.327700231343339,0.171366328582451,0.995663787812256,0.583515058197354,453.89999775641
261,-1.5349686989503,4.61189177587337,1.53846153846154,-0.254529464904643,0.557875788203577,0.151673161649467,-0.659673193908878,0.048214871110841,-0.305729161399018,-0.156407659672238,0.393108259890975,0.118350300109369,0.176239895893547,1.2799430814078,0.728091488650671,-0.573981582029541,0.014347438763403,-0.279817071633069,-0.0481635355528083,0.708436886303944,0.330136675375568,0.175863070223022,0.960496396864665,0.568179733543844,454.000256410256
262,-1.5349686989503,4.61189177587337,1.53846153846154,-0.160069947779843,0.697297345661997,0.268613698941077,-0.636898779547893,0.0902510142073754,-0.273323882670259,-0.169817834020835,0.406083684916902,0.118132925448034,0.145941048745778,0.969000066029574,0.557470557387676,-0.613529919426588,-0.0282937996594702,-0.320911859543029,-0.0192214853600798,0.777477740175922,0.379128127407921,0.263869573657163,0.984779739951624,0.624324656804393,454.10025974359
263,-1.5349686989503,4.61189177587337,1.53846153846154,-0.0115132681592646,0.922067212659388,0.455276972250062,-0.610136849265469,0.0661436853365203,-0.271996581964475,-0.122490134012261,0.554158274471557,0.215834070229648,0.0263251223235795,0.898137287908932,0.462231205116256,-0.664983715725813,-0.114332898035258,-0.389658306880536,0.0364511514251314,0.835318725353667,0.4358849383894,0.293203080546951,1.02192189776755,0.657562489157249,454.200256974359
264,-1.5349686989503,4.61189177587337,1.53846153846154,-0.193808292771395,0.326051625113143,0.0661216661708742,-0.620263798265506,-0.017546887397656,-0.318905342831581,-0.0499312914407079,0.750043549321865,0.350056128940579,-0.113403356401761,0.674542210129379,0.280569426863809,-0.71385636470662,-0.151542662900573,-0.432699513803596,0.113359878743384,0.966396918351083,0.539878398547233,0.391184222905233,1.20311397700151,0.79714909995337,454.300000076923
265,-1.5349686989503,4.61189177587337,1.53846153846154,-0.165674084384687,0.360523701263736,0.0974248084395247,-0.639629826329611,-0.0758592591890927,-0.357744542759352,-0.0357292088961277,0.730231166433374,0.347250978768623,-0.170783102026263,0.360311192690221,0.0947640453319791,-0.661719956987239,-0.0458418536025231,-0.353780905294881,0.124264100633422,0.991439683874651,0.557851892254036,0.488573964526553,1.30612437856287,0.897349171544713,454.399996833333
266,-1.5349686989503,4.61189177587337,1.53846153846154,-0.0356245662829154,0.779553680041834,0.371964556879459,-0.574798392405478,0.0303098700192995,-0.272244261193089,0.0529101306064413,0.835454095458636,0.444182113032539,-0.248542854847169,0.651913032295048,0.201685088723939,-0.675047347191361,0.036180430675129,-0.319433458258116,-0.0262275662173004,0.968850778124104,0.471311605953402,0.308174402066079,1.12053220093485,0.714353301500466,454.500256564103
267,-1.5349686989503,4.61189177587337,1.53846153846154,-0.00770229865220277,0.816727691828231,0.404512696588014,-0.590134420048079,0.0470723997044039,-0.271531010171838,0.00211925845878094,0.725332321179919,0.36372578981935,-0.160941221218135,0.574669876403377,0.206864327592621,-0.663302592102896,0.10557399954528,-0.278864296278808,0.0599089644216198,1.11334514034519,0.586627052383406,0.290591994846059,1.0555521503835,0.673072072614778,454.60025974359
268,-1.5349686989503,4.61189177587337,1.53846153846154,0.028475147141169,0.850894485826966,0.439684816484068,-0.562840360921588,0.0692326932375832,-0.246803833842002,-0.0797951056455266,0.608428060152408,0.26431647725344,-0.0933201452435489,0.441973172347668,0.17432651355206,-0.633025986232053,0.16478782224434,-0.234119081993856,0.0743389300207745,1.12506755232191,0.599703241171341,0.277250252223711,1.0100107165789,0.643630484401304,454.700256358974
269,-1.5349686989503,4.61189177587337,1.53846153846154,0.0846968943534812,0.906876254998436,0.495786574675959,-0.529842200079612,0.239967170098172,-0.14493751499072,-0.143194847785593,0.760255275409277,0.308530213811842,-0.151774338865168,1.07160117828366,0.459913419709244,-0.525777350566657,0.305412128051546,-0.110182611257555,0.0544810589313198,0.968061325215148,0.511271192073234,0.248601211668367,0.99444314771566,0.621522179692014,454.800000076923
270,-1.5349686989503,4.61189177587337,1.53846153846154,0.148611085113821,0.925312685043146,0.536961885078484,-0.522904194304276,0.246075070429899,-0.138414561937188,-0.136232543746347,0.677019281710854,0.270393368982254,0.000990419333857216,0.871454481744319,0.436222450539088,-0.471234934404821,0.33273170473068,-0.0692516148370701,-0.0392076163786051,0.790747367016751,0.375769875319073,0.310622105509909,1.04472123422865,0.67767166986928,454.89999698718
271,-1.5349686989503,4.61189177587337,1.53846153846154,0.222513940605086,1.0332685993764,0.627891269990742,-0.534554444004805,0.170090902253797,-0.182231770875504,-0.172038732097284,0.533087120231502,0.180524194067109,0.00103030278608073,0.672076015691376,0.336553159238728,-0.524328759537686,0.24086537175626,-0.141731693890713,-0.0755849214637939,0.772428199091277,0.348421638813741,0.358654226908257,1.09472686940922,0.72669054815874,455.000256410256
272,-1.5349686989503,4.61189177587337,1.53846153846154,0.155647436180353,1.01124280020447,0.58344511819241,-0.530114732920542,0.0456259038323486,-0.242244414544097,-0.198047104401343,0.575695921512361,0.188824408555509,-0.0867445359511528,0.626856423717719,0.270055943883283,-0.625874495173117,0.131549208260042,-0.247162643456538,-0.0966088322354388,0.789645962608183,0.346518565186372,0.34636851363785,1.13093427530083,0.73865139446934,455.10025974359
273,-1.5349686989503,4.61189177587337,1.53846153846154,0.0564509596219518,0.933052900318172,0.494751929970062,-0.532724470680913,-0.0179392653468594,-0.275331868013886,-0.21333804417716,0.570716825392533,0.178689390607686,-0.159308652517318,0.675177805867847,0.257934576675265,-0.696167905997648,0.0594978154095136,-0.318335045294067,-0.130092089086621,0.822634472922068,0.346271191917724,0.205607353951358,1.05919155502049,0.632399454485926,455.200256564103
274,-1.5349686989503,4.61189177587337,1.53846153846154,-0.0910485782010585,0.605411992634721,0.257181707216831,-0.494758542434437,0.0504753722472736,-0.222141585093582,-0.23777653340809,0.414444198934621,0.0883338327632655,-0.176739072944099,0.586627471893823,0.204944199474862,-0.631374464351655,0.0711626795395579,-0.280105892406049,-0.166086754516028,0.805099814364441,0.319506529924207,0.0776750049451063,0.953421757824164,0.515548381384635,455.300000589744
275,-1.5349686989503,4.61189177587337,1.53846153846154,-0.102219389686295,0.531220302959605,0.214500456636655,-0.4387595628919,0.0998199082136539,-0.169469827339123,-0.212719444281483,0.322179547745829,0.0547300517321729,-0.17465114805133,0.383268037780691,0.104308444864681,-0.669786752994544,0.0201270147960952,-0.324829869099224,-0.138049359687194,0.800946639401995,0.3314486398574,0.0970296514888511,0.880996652447643,0.489013151968247,455.399996679487
276,-1.5349686989503,4.61189177587337,1.53846153846154,-0.10480775416626,0.470587661693039,0.18288995376339,-0.315137364169298,0.511358778269618,0.09811070705016,-0.237452606523587,0.687690097869771,0.225118745673092,-0.165742818682285,0.314995612156824,0.0746263967372695,-0.705486024645268,0.0462490933375479,-0.32961846565386,-0.164618260867485,0.711983364543437,0.273682551837976,-0.0562920754340632,0.787275890026024,0.36549190729598,455.500256717949
277,-1.5349686989503,4.61189177587337,1.53846153846154,-0.0258599210115181,0.628120211317285,0.301130145152883,-0.306558085180192,0.542151482922616,0.117796698871212,-0.147584906796571,0.697997109820303,0.275206101511866,-0.10976413279181,0.428089918192204,0.159162892700197,-0.731781513484365,0.148330490490885,-0.29172551149674,-0.16758820269284,0.743456575198912,0.287934186253036,-0.0999836122123456,0.77331737851022,0.336666883148937,455.60025974359
278,-1.5349686989503,4.61189177587337,1.53846153846154,-0.0566124270994512,0.93178050583075,0.437584039365649,-0.328158729315541,0.496978275443179,0.0844097730638188,-0.160546818144964,0.756878809064455,0.298165995459745,-0.129912296059049,0.499436061831031,0.184761882885991,-0.739533698054115,0.154393555223015,-0.29257007141555,-0.153542705269087,0.88881070289195,0.367633998811431,-0.0236251558523513,0.865449474392906,0.420912159270277,455.700256358974
279,-1.5349686989503,4.61189177587337,1.53846153846154,-0.045931532406008,0.94591675271052,0.449992610152256,-0.304383949667291,0.417962282107031,0.0567891662198696,-0.129537441184657,0.822493720173446,0.346478139494394,-0.132931032329751,1.00268517978425,0.434877073727248,-0.719902983926671,0.0916066463014318,-0.31414816881262,-0.176549057852244,0.969992435343834,0.396721688745795,0.00682688798900797,0.942087478441058,0.474457183215033,455.800000282051
280,-1.5349686989503,4.61189177587337,1.53846153846154,-0.0876243764587619,0.653412628492315,0.282894126016777,-0.310120175757377,0.372477999458993,0.0311789118508078,-0.119164347921575,0.798601244671184,0.339718448374805,-0.0436068253819847,0.922499053653201,0.439446114135608,-0.679967406476948,0.144875306492072,-0.267546049992438,-0.167318021638241,0.890985461135869,0.361833719748814,0.106533846700084,1.05940191866436,0.582967882682225,455.899996833333
281,-1.46910656809221,4.67936297834862,1.60512820512821,-0.255304019281556,0.371648460934582,0.058172220826513,-0.3263794352291,0.311915311461239,-0.0072320618839306,-0.159537539519205,0.703538953124794,0.272000706802794,-0.0605673896614157,0.704336217605257,0.321884413971921,-0.638735017702399,0.24188904859357,-0.198422984554415,-0.140393451248387,0.706274119323231,0.282940334037422,0.194876768387229,1.12203529265493,0.658456030521078,456.000256410256
282,-1.40900702632983,4.75259676991958,1.67179487179487,-0.237658092589501,0.285573522789905,0.0239577151002022,-0.333790686799881,0.284254071951789,-0.024768307424046,-0.204710893418541,0.691659282148409,0.243474194364934,-0.14810181438984,0.824268476698126,0.338083331154143,-0.614747356517121,0.275966440404942,-0.169390458056089,-0.130962359680234,0.724503897264245,0.296770768792006,0.214162017485969,1.07205133119601,0.643106674340989,456.10025974359
283,-1.40462182924299,4.75846798308914,1.67692307692308,-0.199711149621438,0.346666655521691,0.0734777529501268,-0.344758531669833,0.2190321307846,-0.0628632004426163,-0.199263278173321,0.637928603017327,0.219332662422003,-0.0813707726048088,1.05351214080979,0.486070684102489,-0.693592098232258,0.144988262474633,-0.274301917878812,-0.0550147122327942,0.757006215599616,0.350995751683411,0.2159470277724,1.01714538641319,0.616546207092795,456.200256358974
284,-1.38741949736633,4.78229129223812,1.6974358974359,-0.0751495902998037,0.711724257950217,0.318287333825207,-0.378184746444259,0.191194168890038,-0.0934952887771103,-0.156689379722176,0.636489242192522,0.239899931235173,0.0623497220078311,1.00910661046503,0.535728166236429,-0.753755527884701,0.0795491484372545,-0.337103189723723,-0.104835107446237,0.629587079040725,0.262375985797244,0.194872659762506,0.95038860526349,0.572630632512998,456.300000076923
285,-1.30591772166624,4.91617413192265,1.80512820512821,-0.0866944361746446,0.74433404531602,0.328819804570687,-0.327261535641394,0.43275974106949,0.052749102714048,-0.120895131031547,0.769149762303417,0.324127315635935,0.13039893398388,1.44396141597263,0.787180174978255,-0.863768785088375,-0.02984130752276,-0.446805046305568,-0.268543767187218,0.456134929854991,0.0937955813338866,0.131610488788835,0.923436922023649,0.527523705406242,456.400167653846
286,-1.2596702136836,5.01351636752975,1.87692307692308,-0.10969851288652,0.696834889868302,0.293568188490891,-0.278117704948022,0.562759563394375,0.142320929223176,-0.0833210367255375,0.705005406822327,0.310842185048395,0.0299859430411364,1.31558633718645,0.672786140113795,-0.814001933708385,0.0514543544743967,-0.381273789616994,-0.354932786865405,0.417014625152486,0.0310409191435408,0.149942571487163,0.954611958260774,0.552277264873968,456.500512974359
287,-1.2417864893139,5.05717110469851,1.90769230769231,-0.00132149082337467,0.613483514486707,0.306081011831666,-0.341512198147095,0.529595275451205,0.0940415386520552,-0.184775049069726,0.550338412433136,0.182781681681705,-0.107828819139729,1.03482515056104,0.463498165710656,-0.705275744650535,0.231483550930616,-0.236896096859959,-0.354829219868213,0.487607773253431,0.0663892766926087,0.206489159821597,1.03537833425084,0.62093374703622,456.600516307692
288,-1.2417864893139,5.05717110469851,1.90769230769231,-0.182407956143138,0.485961465348041,0.151776754602452,-0.377018602611015,0.435546370178512,0.0292638837837483,-0.221166446542886,0.478735972109934,0.128784762783524,-0.11729007308714,0.503325727673319,0.193017827293089,-0.69940194145135,0.06784947341891,-0.31577623401622,-0.2001384407177,0.663537974063741,0.23169976667302,0.0923341529336663,0.920127296007165,0.506230724470416,456.700513641026
289,-1.2417864893139,5.05717110469851,1.90769230769231,-0.226421853038269,0.549340899540826,0.161459523251278,-0.395187527640749,0.434994837101248,0.0199036547302493,-0.292818103997314,0.405755675081251,0.0564687855419683,-0.0516668543470934,0.657151505652381,0.302742325652644,-0.744322904536999,0.00517881829091913,-0.36957204312304,-0.167496659667885,0.800815568454437,0.316659454393276,0.00302632308346526,0.857507513138652,0.430266918111058,456.800000666667
290,-1.25058468325861,5.035200067874,1.89230769230769,-0.302346344949606,0.292347172127188,-0.00499958641120902,-0.407211389916564,0.460963274139238,0.026875942111337,-0.366197906736076,0.488763998069292,0.061283045666608,-0.0228756425409124,0.86857404188462,0.422849199671854,-0.764099575267706,0.07051262240594,-0.346793476430883,-0.162630569193518,1.03320395549486,0.43528669315067,-0.0735617641194813,0.811549241321761,0.36899373860114,456.899997051282
291,-1.2417864893139,5.05717110469851,1.90769230769231,-0.331617519241982,0.238168995363409,-0.0467242619392867,-0.4188192012785,0.483351461817552,0.032266130269526,-0.305656622888986,0.954595326225809,0.324469351668411,0.0498580363598414,1.84175551561026,0.945806775985048,-0.841841916335807,-0.0116050117931867,-0.426723464064497,-0.186678736967722,1.05128435959172,0.432302811311999,-0.0832328893485561,0.737574279336416,0.32717069499393,457.000512820513
