slice,ci_lower_diskomfort,ci_upper_diskomfort,mean_diskomfort,ci_lower_anger_sm,ci_upper_anger_sm,mean_fl_anger_sm,ci_lower_disgust_sm,ci_upper_disgust_sm,mean_fl_disgust_sm,ci_lower_fear_sm,ci_upper_fear_sm,mean_fl_fear_sm,ci_lower_happiness_sm,ci_upper_happiness_sm,mean_fl_happiness_sm,ci_lower_sadness_sm,ci_upper_sadness_sm,mean_fl_sadness_sm,ci_lower_surprise_sm,ci_upper_surprise_sm,mean_fl_surprise_sm,ci_lower_neutral_sm,ci_upper_neutral_sm,mean_fl_neutral_sm,mean_rel_zeit_s
1,-0.322343426779562,0.968497272933409,0.323076923076923,0.191390246508099,0.89268145614763,0.542035851327865,-0.365328045614868,0.203847781142047,-0.0807401322364101,-0.476315363942516,0.0206687126779219,-0.227823325632297,-0.348782508948978,0.190511231395655,-0.0791356387766615,-0.113715522039475,0.418270722440119,0.152277600200322,0.00993917656377162,0.967019056149465,0.488479116356618,-0.0336013479324214,0.835173677014948,0.400786164541263,48.0000001538462
2,-0.322343426779562,0.968497272933409,0.323076923076923,0.0128623177970559,0.786629155130645,0.399745736463851,-0.343574319248974,0.211329292893885,-0.0661225131775448,-0.438945419987597,0.159660685358228,-0.139642367314685,-0.393440754680717,0.124782452059579,-0.134329151310569,-0.116857440179964,0.417624017711175,0.150383288765605,0.0435536390207902,0.924326249302003,0.483939944161396,-0.15256167896571,0.667072418944731,0.25725536998951,48.1002566666667
3,-0.322343426779562,0.968497272933409,0.323076923076923,-0.0861828024363533,0.660536147192973,0.28717667237831,-0.262644487739782,0.289964718197657,0.0136601152289375,-0.429062039314288,0.16215766791566,-0.133452185699314,-0.471792027833758,0.83978068826064,0.183994330213441,-0.144634173368659,0.368276785606441,0.111821306118891,-0.0378875515791546,0.643090300803669,0.302601374612257,-0.272472299763457,0.371769411573003,0.0496485559047727,48.2002566666667
4,-0.322343426779562,0.968497272933409,0.323076923076923,-0.117023437771785,0.344708372024364,0.11384246712629,-0.218773984459015,0.387660011308542,0.0844430134247631,-0.440675791980687,0.139805731386956,-0.150435030296865,-0.370438056186696,0.59063704436065,0.110099494086977,-0.193697512398947,0.311048624833351,0.0586755562172023,-0.0421309152866821,0.666211277176283,0.312040180944801,-0.255205936446244,0.390297347527992,0.0675457055408743,48.3002565128205
5,-0.322343426779562,0.968497272933409,0.323076923076923,-0.162868539129201,0.29714044581598,0.0671359533433893,-0.185430917490002,0.446993924287739,0.130781503398868,-0.417152589959932,0.204092405250506,-0.106530092354713,-0.310828294480992,0.324081314921561,0.00662651022028474,-0.225866293784942,0.273997758265621,0.0240657322403394,-0.0572656007490993,0.654646799778457,0.298690599514679,-0.201911463265672,0.406569509954783,0.102329023344556,48.4002567692308
6,-0.322343426779562,0.968497272933409,0.323076923076923,-0.161398179529243,0.294083012114372,0.0663424162925646,-0.213658590104603,0.394599147781867,0.0904702788386321,-0.355891275537826,0.257301318677499,-0.0492949784301634,-0.282626215331264,0.124808328158118,-0.0789089435865728,-0.285367004314614,0.189012316213575,-0.0481773440505193,-0.00452902034022916,0.67544765082179,0.33545931524078,-0.134072936418486,0.799699934244119,0.332813498912816,48.5002567179487
7,-0.322343426779562,0.968497272933409,0.323076923076923,-0.170839483811453,0.282230660423132,0.0556955883058393,-0.188221308836474,0.363957543481883,0.0878681173227045,-0.312883155464623,0.360007526606077,0.023562185570727,-0.298509002977673,0.0213088670039228,-0.138600067986875,-0.240322083381911,0.29864938976604,0.0291636531920643,-0.0393247407394148,0.596919896907483,0.278797578084034,-0.082919232609929,0.509944333040464,0.213512550215267,48.6002565641026
8,-0.322343426779562,0.968497272933409,0.323076923076923,-0.183316998087041,0.259732990303361,0.0382079961081602,-0.164989527614798,0.350182262544376,0.0925963674647888,-0.328960860551214,0.357235112658203,0.0141371260534946,-0.308366017452278,0.0154292707403007,-0.146468373355988,-0.263157828519422,0.290968355235572,0.0139052633580747,-0.0538601459352145,0.555655475786607,0.250897664925696,-0.140877047713805,0.371481421634295,0.115302186960245,48.7002566153846
9,-0.322343426779562,0.968497272933409,0.323076923076923,-0.145253922795335,0.269819080457868,0.0622825788312664,-0.158712558687086,0.352064862950679,0.0966761521317967,-0.339056609824928,0.24980892466908,-0.0446238425779241,-0.297931487437419,0.0454711144082511,-0.126230186514584,-0.256267082214832,0.285310219568152,0.0145215686766598,-0.0838932565545353,0.453732896868656,0.18491982015706,-0.176021735148974,0.305863790662724,0.0649210277568747,48.8002567179487
10,-0.322343426779562,0.968497272933409,0.323076923076923,-0.155533556731575,0.258884621094302,0.0516755321813633,-0.156263796047244,0.357993839891081,0.100865021921918,-0.360115008885026,0.119851719909362,-0.120131644487832,-0.326104061806577,0.00856377459968837,-0.158770143603444,-0.243026540273972,0.270560907108345,0.0137671834171861,-0.112378494251925,0.376228451847034,0.131924978797555,-0.141463221269396,0.357909589064352,0.108223183897478,48.9002565128205
11,-0.322343426779562,0.968497272933409,0.323076923076923,-0.179418409432325,0.229459407966837,0.0250204992672558,-0.193390375624737,0.305197337073958,0.0559034807246105,-0.350476752182628,0.0787796607587267,-0.135848545711951,-0.317201694654375,0.000630054292004292,-0.158285820181185,-0.208842484477901,0.365489363492336,0.0783234395072175,-0.166190688550997,0.322694525772049,0.0782519186105261,-0.0820423239540124,0.42214448482223,0.170051080434109,49.0002565641026
12,-0.322343426779562,0.968497272933409,0.323076923076923,-0.288303043723695,0.0560509463043141,-0.116126048709691,-0.252632778201113,0.215080869197822,-0.0187759545016455,-0.282768708017543,0.136644037734334,-0.0730623351416049,-0.294342423104758,-0.0280824064968533,-0.161212414800806,-0.154746374613876,0.397406581065415,0.121330103225769,-0.0867343431409363,0.409066449092529,0.161166052975796,-0.0617950460393225,0.448024434487913,0.193114694224295,49.1002566666667
13,-0.322343426779562,0.968497272933409,0.323076923076923,-0.348571384324315,0.0163555588485458,-0.166107912737884,-0.360479023374936,0.0912307072026227,-0.134624158086157,-0.222981110957979,0.227529648254058,0.00227426864803929,-0.273398678714295,-0.0252070937141392,-0.149302886214217,-0.14427857492089,0.334861520424909,0.0952914727520097,0.0631988706133979,0.624654612340283,0.34392674147684,-0.0972728392979236,0.39600532960618,0.149366245154128,49.2002566153846
14,-0.306993739790059,0.922378355174675,0.307692307692308,-0.354335081983763,0.0317583623899218,-0.161288359796921,-0.416045862234297,-0.00602106880546044,-0.211033465519879,-0.176316381843494,0.380148845471531,0.101916231814018,-0.291418289207017,-0.0614355255454127,-0.176426907376215,-0.224851130983611,0.247248280372097,0.0111985746942426,0.137398217434335,0.751250380090588,0.444324298762462,-0.147473548106821,0.317326106799051,0.0849262793461146,49.3002565641026
15,-0.317226864449728,0.953124300347164,0.317948717948718,-0.369505212694842,0.140700539878454,-0.114402336408194,-0.428292050421244,-0.0535662822914835,-0.240929166356364,-0.183698733124694,0.519409324411386,0.167855295643346,-0.320404983450307,-0.102481083308164,-0.211443033379235,-0.28615203335882,0.205457045845126,-0.0403474937568473,0.133800329113155,0.727056200414334,0.430428264763745,-0.148918523988917,0.321402075467824,0.0862417757394536,49.4002564102564
16,-0.322343426779562,0.968497272933409,0.323076923076923,-0.35023466587271,0.230986918030452,-0.0596238739211287,-0.424787882439688,-0.052982875861362,-0.238885379150525,-0.188676915796033,0.546001458968344,0.178662271586155,-0.31489255199032,-0.00845076374621451,-0.161671657868267,-0.363369414042847,0.107725941828436,-0.127821736107205,0.0532256205504368,0.622864549379616,0.338045084965026,-0.103626266708012,0.367639751748281,0.132006742520134,49.5002565641026
17,-0.322343426779562,0.968497272933409,0.323076923076923,-0.341825761838052,0.175543663357316,-0.0831410492403684,-0.397737907121355,-0.0138683351068491,-0.205803121114102,-0.201210686537286,0.484890475018587,0.141839894240651,-0.31928472047345,0.0669338848348272,-0.126175417819311,-0.409075029029936,0.0271578634780277,-0.190958582775954,0.00824123516256002,0.58737069394153,0.297805964552045,-0.0509643488053739,0.424466682982261,0.186751167088443,49.6002566153846
18,-0.322343426779562,0.968497272933409,0.323076923076923,-0.368778748355507,0.0511759726461202,-0.158801387854694,-0.349008188634917,0.0936771054731747,-0.127665541580871,-0.225533019159807,0.450896953722275,0.112681967281234,-0.302245170748033,0.134299109714526,-0.0839730305167535,-0.389766037448996,0.0131884842450265,-0.188288776601985,-0.0282201163403723,0.562585918173576,0.267182900916602,-0.0278288693068019,0.465797268285039,0.218984199489118,49.7002565128205
19,-0.317226864449728,0.953124300347164,0.317948717948718,-0.353125834801479,0.186341353609895,-0.0833922405957921,-0.32973732256132,0.156145374349658,-0.0867959741058312,-0.283969778169836,0.321937663346182,0.0189839425881728,-0.276262001634324,0.193088996926149,-0.0415865023540872,-0.369766054559347,0.0962550695424619,-0.136755492508442,-0.0664454489004099,0.478968509126922,0.206261530113256,-0.0720458907001624,0.446540518443572,0.187247313871705,49.8002564615385
20,-0.322343426779562,0.968497272933409,0.323076923076923,-0.427935881618121,0.179820051239769,-0.124057915189176,-0.293038748622091,0.20806050160724,-0.0424891235074258,-0.389612190596998,0.143996719930485,-0.122807735333257,-0.246202235191043,0.350413996549736,0.0521058806793462,-0.305472171085784,0.165514757028488,-0.069978707028648,-0.145483776378249,0.394948271598662,0.124732247610206,-0.0852306007558786,0.437869544747843,0.176319471995982,49.9002564102564
21,-0.322343426779562,0.968497272933409,0.323076923076923,-0.384204525805921,0.165264421848264,-0.109470051978828,-0.334014066746216,0.1056806347509,-0.114166715997658,-0.442878069971025,0.0272537317737637,-0.207812169098631,-0.268855589560542,0.446889393828634,0.0890169021340462,-0.279189890689182,0.13258114456055,-0.0733043730643157,-0.179183414084195,0.374061672976323,0.0974391294460638,-0.124751770562806,0.400274627582903,0.137761428510048,50.0002566666667
22,-0.317226864449728,0.953124300347164,0.317948717948718,-0.337055958367814,0.0467733157997356,-0.145141321284039,-0.382558010267027,0.00930455164514202,-0.186626729310943,-0.448675042921788,0.00998968205673604,-0.219342680432526,-0.259700916782942,0.42672256280984,0.0835108230134492,-0.301398804027734,0.0924875767514287,-0.104455613638152,-0.189026550722063,0.360478978572245,0.0857262139250907,-0.118470044270718,0.417048678763237,0.14928931724626,50.1002567179487
23,-0.322343426779562,0.968497272933409,0.323076923076923,-0.299177079526844,0.138485335104669,-0.0803458722110876,-0.370644856215812,-0.0329980315717786,-0.201821443893795,-0.402863482580695,0.143177305754762,-0.129843088412966,-0.242927431900917,0.277269681391764,0.0171711247454234,-0.327306275964599,0.0953182511125276,-0.115994012426036,-0.236832265556885,0.280629924392098,0.0218988294176063,-0.171946392642157,0.385940842948612,0.106997225153228,50.2002567692308
24,-0.312110302119894,0.937751327760919,0.312820512820513,-0.304435643526831,0.155993321150747,-0.074221161188042,-0.286959748281616,0.0848072408386883,-0.101076253721464,-0.426935675774927,0.112656134493895,-0.157139770640516,-0.239566521157463,0.153330856438269,-0.0431178323595972,-0.300358061329711,0.134949181849035,-0.0827044397403383,-0.346472753678914,0.187793919872966,-0.0793394169029738,-0.179260294613141,0.379491481781714,0.100115593584287,50.3002565641026
25,-0.322343426779562,0.968497272933409,0.323076923076923,-0.259003568959087,0.320540135637974,0.0307682833394438,-0.231888252863198,0.207150734599531,-0.0123687591318332,-0.404200309240907,0.104700041149556,-0.149750134045675,-0.253080083058272,0.149212653437886,-0.0519337148101927,-0.32001708986125,0.182042348375926,-0.0689873707426621,-0.385418131202564,0.14556413571546,-0.119926997743552,-0.194867729881302,0.373563023839745,0.0893476469792213,50.4002568205128
26,-0.306993739790059,0.922378355174675,0.307692307692308,-0.315460135672,0.335997851547989,0.0102688579379945,-0.211697520392308,0.271404004105471,0.0298532418565811,-0.345568792066755,0.14164816492527,-0.101960313570742,-0.209876319710738,0.222205820834057,0.00616475056165944,-0.364689928476868,0.196770169535414,-0.0839598794707268,-0.368088884986884,0.131270295205061,-0.118409294890911,-0.194242185505197,0.393956684338188,0.0998572494164956,50.5002565641026
27,-0.312110302119894,0.937751327760919,0.312820512820513,-0.345847640132407,0.371433633996427,0.0127929969320102,-0.219761882139888,0.258338909156908,0.0192885135085099,-0.30530159314623,0.186176498938307,-0.0595625471039615,-0.234762996763607,0.266222770488596,0.0157298868624944,-0.402431942332888,0.195247967368246,-0.103591987482321,-0.309380812456404,0.153592555138465,-0.07789412865897,-0.188926704052533,0.401126644672061,0.106099970309764,50.6002565128205
28,-0.317226864449728,0.953124300347164,0.317948717948718,-0.32616292643549,0.164393755501745,-0.0808845854668723,-0.206316508180214,0.285867248127989,0.0397753699738873,-0.257693790393364,0.234831939158928,-0.0114309256172178,-0.301851657008892,0.243858308679924,-0.0289966741644838,-0.401201243824226,0.209160698474939,-0.0960202726746435,-0.286436989735259,0.169076731878969,-0.0586801289281452,-0.126289430262339,0.500486469603573,0.187098519670617,50.7002566666667
29,-0.317226864449728,0.953124300347164,0.317948717948718,-0.33328381218491,0.113017097479022,-0.110133357352944,-0.230418960351701,0.29395430451855,0.0317676720834243,-0.230903527336507,0.278366971423429,0.0237317220434607,-0.255588607340874,0.2502803045572,-0.00265415139183684,-0.296583214292028,0.283695963489481,-0.00644362540127334,-0.279912174742338,0.206440487526666,-0.0367358436078359,-0.0891446635593867,0.557978820651137,0.234417078545875,50.8002567179487
30,-0.322343426779562,0.968497272933409,0.323076923076923,-0.289887842091047,0.165195087148179,-0.0623463774714337,-0.235049762938022,0.324271620349782,0.0446109287058796,-0.238655871493187,0.284008005308741,0.0226760669077769,-0.250142248455415,0.262115387419037,0.00598656948181092,-0.201486785733269,0.334874788354064,0.0666940013103977,-0.332130589087409,0.238586779285346,-0.0467719049010316,-0.0924622440474406,0.537367649924769,0.222452702938664,50.9002567179487
31,-0.317226864449728,0.953124300347164,0.317948717948718,-0.260357642650014,0.201291391807999,-0.0295331254210075,-0.231480805093298,0.353759903927952,0.0611395494173271,-0.284498057495205,0.255984716753394,-0.0142566703709056,-0.249067540179032,0.303437926414695,0.0271851931178314,-0.10727643457181,0.399073159846139,0.145898362637165,-0.342534762946633,0.282679464277217,-0.0299276493347082,-0.162515027113009,0.424001835239084,0.130743404063038,51.0002567692308
32,-0.322343426779562,0.968497272933409,0.323076923076923,-0.268070788935347,0.160530045499606,-0.0537703717178708,-0.213070400992006,0.340508424028626,0.0637190115183101,-0.289419032403259,0.222636346751623,-0.0333913428258179,-0.256615923302185,0.26803282877268,0.00570845273524735,-0.0827138647452661,0.40195521100489,0.159620673129812,-0.291199687926744,0.306473904754469,0.00763710841386221,-0.201618562749282,0.35212770087835,0.0752545690645337,51.1002566153846
33,-0.322343426779562,0.968497272933409,0.323076923076923,-0.322021529830464,0.0422666312620723,-0.139877449284196,-0.220673478058162,0.273346993509905,0.0263367577258714,-0.256687750866978,0.245205833508112,-0.00574095867943341,-0.261789083066304,0.22630286299349,-0.0177431100364069,-0.0864666095613652,0.372306245202186,0.142919817820411,-0.171270945414439,0.373731201012426,0.101230127798994,-0.173929056146567,0.3415928770305,0.0838319104419666,51.2002564615385
34,-0.322343426779562,0.968497272933409,0.323076923076923,-0.426961525912631,-0.152612584098666,-0.289787055005649,-0.238953656282123,0.223829630133273,-0.00756201307442462,-0.205611166851115,0.325049221659044,0.0597190274039645,-0.287563510702694,0.188112944475579,-0.0497252831135575,-0.0682910097752073,0.393044480093159,0.162376735158976,-0.101017441368302,0.464478957219598,0.181730757925648,-0.111377492220874,0.395867864246633,0.14224518601288,51.3002566666667
35,-0.322343426779562,0.968497272933409,0.323076923076923,-0.498167708575217,-0.277648220524419,-0.387907964549818,-0.267588750105425,0.213904149203428,-0.0268423004509985,-0.167876439025641,0.371760864554849,0.101942212764604,-0.308101776622185,0.0841600893011359,-0.111970843660525,-0.106527724984214,0.368935850109236,0.131204062562511,-0.0974887258613337,0.484003281048596,0.193257277593631,-0.0795151370771427,0.460945763336667,0.190715313129762,51.4002565128205
36,-0.322343426779562,0.968497272933409,0.323076923076923,-0.524025297541199,-0.275860154865859,-0.399942726203529,-0.310368773613589,0.188464506209879,-0.0609521337018547,-0.165055927688209,0.386997832378778,0.110970952345285,-0.332358754082788,-0.0330150362404414,-0.182686895161615,-0.135652634409749,0.384027505479102,0.124187435534676,-0.101817842582334,0.484854024519427,0.191518090968547,-0.0587419707062465,0.516170147715061,0.228714088504407,51.5002564102564
37,-0.322343426779562,0.968497272933409,0.323076923076923,-0.515178856556904,-0.233937790555986,-0.374558323556445,-0.338501387452184,0.117970383977547,-0.110265501737318,-0.186644183088715,0.34534253875428,0.0793491778327827,-0.348223091170751,-0.0703882439856523,-0.209305667578201,-0.135309622300854,0.405955904126797,0.135323140912972,-0.0827431602465561,0.481659646688398,0.199458243220921,-0.103096510675547,0.478752993040028,0.18782824118224,51.6002566666667
38,-0.322343426779562,0.968497272933409,0.323076923076923,-0.466032595953806,-0.162906510897615,-0.31446955342571,-0.294265569544554,0.196629604570475,-0.0488179824870396,-0.259181219334239,0.262975493596172,0.00189713713096624,-0.341899910971037,-0.00532260304353995,-0.173611257007288,-0.0195389230497333,0.537299601291565,0.258880339120916,-0.115753515452872,0.452267331853929,0.168256908200528,-0.153570128837738,0.402858666849561,0.124644269005911,51.7002565641026
39,-0.322343426779562,0.968497272933409,0.323076923076923,-0.484224576353872,-0.165352850669889,-0.324788713511881,-0.185292100003796,0.405336407603828,0.110022153800016,-0.341173095925053,0.165439827327294,-0.0878666342988796,-0.298419460488317,0.108457206675173,-0.0949811269065722,0.0907879770308821,0.690950550353646,0.390869263692264,-0.218556827449051,0.371756849168504,0.0766000108597266,-0.246751537328959,0.289807435216111,0.0215279489435761,51.8002565128205
40,-0.322343426779562,0.968497272933409,0.323076923076923,-0.458341825936105,0.112831450618015,-0.172755187659045,-0.115203837855823,0.552577505055938,0.218686833600057,-0.388316293048204,0.0672575086445378,-0.160529392201833,-0.2655229568359,0.188478560392949,-0.0385221982214756,0.106965696648451,0.752200999796214,0.429583348222333,-0.31808542975423,0.29573789446246,-0.0111737676458848,-0.275215136806663,0.265344930113565,-0.00493510334654948,51.9002566153846
41,-0.322343426779562,0.968497272933409,0.323076923076923,-0.421080945595611,0.19572813864579,-0.112676403474911,-0.126616016098905,0.553041869445756,0.213212926673426,-0.422462954423182,-0.0190127879808187,-0.220737871202001,-0.255871387720933,0.186922509488212,-0.0344744391163609,0.079028829978824,0.724773147234887,0.401900988606855,-0.328319594468994,0.241370075447504,-0.0434747595107451,-0.225025450409338,0.345355528648489,0.0601650391195756,52.0002567692308
42,-0.322343426779562,0.968497272933409,0.323076923076923,-0.390100613392484,0.217989154998819,-0.0860557291968325,-0.191361277439826,0.423706773585605,0.11617274807289,-0.441118059910809,-0.0517233583750189,-0.246420709142914,-0.261648699082,0.0941576302764342,-0.083745534402783,0.0338715004925129,0.678104261195621,0.355987880844067,-0.274189123828396,0.231076995459083,-0.0215560641846561,-0.0970262799048163,0.558563890954079,0.230768805524632,52.1002567692308
43,-0.322343426779562,0.968497272933409,0.323076923076923,-0.333634575872871,0.0239785429447903,-0.15482801646404,-0.216897598256309,0.358420435432309,0.0707614185879997,-0.457392409766197,-0.0847975990123981,-0.271095004389297,-0.28432880734589,0.120355231404357,-0.0819867879707667,0.015281063937204,0.608878214209833,0.312079639073519,-0.268273991927118,0.177603587810671,-0.0453352020582235,-0.0193270072496381,0.662837105438557,0.32175504909446,52.2002566153846
44,-0.312110302119894,0.937751327760919,0.312820512820513,-0.340178528832297,-0.0180999167512157,-0.179139222791756,-0.219633397765653,0.283635406797935,0.032001004516141,-0.407197984786717,-0.018095172377963,-0.21264657858234,-0.320192758570041,0.100366971950991,-0.109912893309525,-0.0359343802425119,0.531166691566501,0.247616155661994,-0.256607037099579,0.201224675681746,-0.0276911807089169,-0.0242645382652376,0.575142112261295,0.275438786998029,52.3002565128205
45,-0.322343426779562,0.968497272933409,0.323076923076923,-0.333694044302389,0.0163126026769661,-0.158690720812712,-0.211124345250418,0.239232089419173,0.0140538720843775,-0.359393992633026,0.0434268065187431,-0.157983593057141,-0.35220331860523,0.0201600579242881,-0.166021630340471,-0.0842284892773598,0.427328765911559,0.171550138317099,-0.240874332583708,0.231887689658299,-0.00449332146270449,-0.0577958703073565,0.46289701570935,0.202550572700997,52.4002565128205
46,-0.312110302119894,0.937751327760919,0.312820512820513,-0.347855485524522,-0.00771001372438641,-0.177782749624454,-0.214635250400587,0.19359927901315,-0.0105179856937184,-0.318278085954143,0.104002078338551,-0.107138003807796,-0.372902548434584,-0.15581035168691,-0.264356450060747,-0.145743808415198,0.323175934521131,0.0887160630529667,-0.188572077374721,0.300933828461688,0.0561808755434834,-0.0489839256002319,0.416456081577931,0.183736077988849,52.5002565128205
47,-0.322343426779562,0.968497272933409,0.323076923076923,-0.311324048911613,0.00843176147079507,-0.151446143720409,-0.210773235739667,0.202189825677204,-0.00429170503123108,-0.280114884106266,0.150682125924939,-0.0647163790906635,-0.374085401580424,-0.199601688260609,-0.286843544920516,-0.195599340977028,0.275935055179903,0.0401678571014377,-0.130630088931534,0.361487764717103,0.115428837892785,-0.071990803832353,0.385499294773822,0.156754245470735,52.6002565128205
48,-0.306993739790059,0.922378355174675,0.307692307692308,-0.293772951908885,0.0626255146781212,-0.115573718615382,-0.196081713025052,0.210671865968795,0.00729507647187158,-0.211510340808943,0.238794482550746,0.0136420708709014,-0.362692173352181,-0.0709088087902738,-0.216800491071227,-0.223031600373857,0.241485182244551,0.00922679093534666,-0.0927228893661829,0.389931103687841,0.148604107160829,-0.15568312405598,0.350072361298547,0.0971946186212833,52.7002567179487
49,-0.322343426779562,0.968497272933409,0.323076923076923,-0.293553477371911,0.129172158469516,-0.0821906594511972,-0.211793832972075,0.186839787433165,-0.0124770227694549,-0.116080316432459,0.394251864976068,0.139085774271805,-0.416501920408572,0.195934021526895,-0.110283949440838,-0.255798054948101,0.224221538696441,-0.0157882581258299,-0.102637790718336,0.368276153265261,0.132819181273463,-0.199895723246472,0.310174697102955,0.0551394869282413,52.8002564615385
50,-0.322343426779562,0.968497272933409,0.323076923076923,-0.280919566953813,0.151109817815626,-0.0649048745690934,-0.277462089226038,0.120410432721954,-0.078525828252042,-0.0496736906558287,0.481878575428781,0.216102442386476,-0.43142263198693,0.311946569484783,-0.0597380312510733,-0.233746124607929,0.238319278119236,0.00228657675565339,-0.142820285973346,0.307756133004357,0.0824679235155054,-0.22818819202483,0.276200502273858,0.0240061551245142,52.9002567179487
51,-0.322343426779562,0.968497272933409,0.323076923076923,-0.298301618772766,0.120544394003924,-0.0888786123844206,-0.355427923910026,0.0447824298404382,-0.155322747034794,-0.0402651813858227,0.504139990585913,0.231937404600045,-0.370548426103034,0.25848628253458,-0.0560310717842272,-0.168739695757027,0.301528141656565,0.0663942229497688,-0.192372777806654,0.243067297416417,0.0253472598048816,-0.27265000130494,0.234950513262673,-0.0188497440211335,53.0002567179487
52,-0.322343426779562,0.968497272933409,0.323076923076923,-0.311889922217308,0.105722303809639,-0.103083809203834,-0.401258022713392,0.00837967439293005,-0.196439174160231,-0.074083099883431,0.479295528126767,0.202606214121668,-0.296980753336502,0.0158634533035226,-0.14055865001649,-0.109354715610003,0.39765998198468,0.144152633187338,-0.198876311405452,0.258705121023867,0.0299144048092079,-0.353110930772882,0.17794157193507,-0.0875846794189059,53.1002566666667
53,-0.322343426779562,0.968497272933409,0.323076923076923,-0.33761011713029,0.11588096005247,-0.11086457853891,-0.424499275152869,-0.0183596919092438,-0.221429483531057,-0.110127241060223,0.454926983763119,0.172399871351448,-0.272471241134197,0.00481565322630856,-0.133827793953944,-0.0922133526178806,0.477436128990302,0.192611388186211,-0.197857637715008,0.283145694546362,0.0426440284156773,-0.349539740824557,0.192911206333075,-0.0783142672457413,53.2002566153846
54,-0.322343426779562,0.968497272933409,0.323076923076923,-0.263902649072169,0.148140165406633,-0.0578812418327681,-0.411872049331014,0.00754594622528319,-0.202163051552866,-0.174932814856136,0.382758187468119,0.103912686305991,-0.303259229151031,-0.0217487295212145,-0.162503979336123,-0.0368517672084074,0.516207981708758,0.239678107250175,-0.140173022236244,0.355551497441113,0.107689237602435,-0.320544655055801,0.210551666105231,-0.0549964944752847,53.3002564615385
55,-0.322343426779562,0.968497272933409,0.323076923076923,-0.164869575499325,0.237996330826109,0.0365633776633921,-0.440678841799363,-0.031231549541063,-0.235955195670213,-0.253003068185745,0.291626291204151,0.0193116115092029,-0.302738010903001,-0.00435291946912948,-0.153545465186065,0.0325806863593887,0.539619346542419,0.286100016450904,-0.0868477562362059,0.408287061239856,0.160719652501825,-0.218986834171537,0.29141282529845,0.0362129955634569,53.4002565128205
56,-0.322343426779562,0.968497272933409,0.323076923076923,-0.109795647260185,0.339266780106721,0.114735566423268,-0.434164504313954,-0.00660652416301692,-0.220385514238485,-0.331746995198296,0.197459951028504,-0.0671435220848964,-0.321858533463038,-0.004454552631022,-0.16315654304703,0.00659715195013888,0.459110313404611,0.232853732677375,-0.0528407698494914,0.470153312528684,0.208656271339596,-0.143551735695765,0.344577594502378,0.100512929403306,53.5002564615385
57,-0.322343426779562,0.968497272933409,0.323076923076923,-0.114724744317778,0.365582619643289,0.125428937662755,-0.414752048686997,-0.00317294620982963,-0.208962497448413,-0.334885388792014,0.164913551543976,-0.0849859186240194,-0.318937176787068,0.00683474777571518,-0.156051214505676,-0.086846204828239,0.384490170688974,0.148821982930367,-0.0503094652164819,0.473356854642571,0.211523694713045,-0.140641368958825,0.356073772307781,0.107716201674478,53.6002564615385
58,-0.312110302119894,0.937751327760919,0.312820512820513,-0.047841500072619,0.458551488517415,0.205354994222398,-0.387175580387227,0.121611966888422,-0.132781806749403,-0.349430314325961,0.117445629446382,-0.115992342439789,-0.317101171157063,0.00531748631441579,-0.155891842421323,-0.185091970485979,0.317337778800574,0.0661229041572975,-0.0713151497360214,0.411720007239145,0.170202428751562,-0.167411547390941,0.378679251632224,0.105633852120641,53.7002564615385
59,-0.322343426779562,0.968497272933409,0.323076923076923,-0.0957483972335832,0.384339116177319,0.144295359471868,-0.384758153366595,0.148355089227402,-0.118201532069596,-0.383409506753871,0.0745734772433194,-0.154418014755276,-0.295230648799057,0.0765362294667853,-0.109347209666136,-0.14808166822723,0.35498033127441,0.10344933152359,-0.103170570194084,0.364512971407079,0.130671200606498,-0.160976168405291,0.420789769882823,0.129906800738766,53.8002564615385
60,-0.322343426779562,0.968497272933409,0.323076923076923,-0.162438120756189,0.28835379722943,0.0629578382366203,-0.354270012992478,0.165388368535064,-0.0944408222287068,-0.410113155838202,0.029065814090453,-0.190523670873874,-0.269842984881139,0.13140151091201,-0.0692207369845643,-0.0859131121799813,0.412108969389105,0.163097928604562,-0.0949547100334158,0.377889973466788,0.141467631716686,-0.116132452112184,0.46337972153375,0.173623634710783,53.9002565641026
61,-0.322343426779562,0.968497272933409,0.323076923076923,-0.256976167688923,0.126417685377494,-0.0652792411557148,-0.305687147895073,0.161984609004116,-0.0718512694454785,-0.393655796880617,0.0544129726254186,-0.169621412127599,-0.246424335402856,0.122460047874111,-0.0619821437643727,-0.0836884355552649,0.381894948573817,0.149103256509276,-0.0720590300812384,0.414575489533126,0.171258229725944,-0.0908380065485945,0.428242573885546,0.168702283668475,54.0002565641026
62,-0.322343426779562,0.968497272933409,0.323076923076923,-0.234504317224222,0.199895657829783,-0.0173043296972195,-0.242516434937055,0.215476814524833,-0.0135198102061111,-0.3353705077177,0.152245044590274,-0.0915627315637125,-0.233091551247291,0.0629581600068418,-0.0850666956202244,-0.133290414201694,0.276807175806765,0.0717583808025357,-0.0953297139405525,0.417339605226599,0.161004945643023,-0.179430469263364,0.285171554335921,0.0528705425362785,54.1002564615385
63,-0.322343426779562,0.968497272933409,0.323076923076923,-0.270506550357574,0.242302518287049,-0.0141020160352627,-0.18253928482177,0.269077806330048,0.0432692607541386,-0.303044528333056,0.241123730008035,-0.0309603991625105,-0.229108860596815,0.0849398706618877,-0.0720844949674638,-0.200979181136039,0.198900412744551,-0.00103938419574383,-0.155106137398875,0.386450951986133,0.115672407293629,-0.2925967925113,0.139105242042673,-0.0767457752343132,54.2002566666667
64,-0.322343426779562,0.968497272933409,0.323076923076923,-0.257280116790771,0.285404920594775,0.0140624019020019,-0.167744144464859,0.302387822853935,0.0673218391945379,-0.299750475155709,0.258475970192689,-0.0206372524815104,-0.220818590255459,0.192336145048238,-0.0142412226036106,-0.229293495503862,0.211807803721697,-0.00874284589108281,-0.206365828609595,0.373281007359047,0.0834575893747257,-0.352377993540589,0.0880530556928955,-0.132162468923847,54.3002566153846
65,-0.322343426779562,0.968497272933409,0.323076923076923,-0.209191734855827,0.361514897363218,0.0761615812536954,-0.220291954837372,0.276467511582836,0.0280877783727319,-0.276842779347279,0.250758588804636,-0.013042095271322,-0.197998719034303,0.233689031149836,0.0178451560577664,-0.210032705171539,0.243333145751699,0.0166502202900799,-0.195034976241367,0.42417137418386,0.114568198971246,-0.337974490131837,0.122608795058121,-0.107682847536858,54.4002566153846
66,-0.322343426779562,0.968497272933409,0.323076923076923,-0.131042535031669,0.498133116583721,0.183545290776026,-0.262031079445776,0.214018545555989,-0.0240062669448937,-0.232140631761118,0.317255301008856,0.042557334623869,-0.225056931033344,0.16896521621466,-0.0280458574093417,-0.236023612271644,0.236186122344842,8.12550365988803e-05,-0.166214304134693,0.50063108150433,0.167208388684819,-0.315203198810475,0.156097116136379,-0.0795530413370477,54.5002564102564
67,-0.322343426779562,0.968497272933409,0.323076923076923,-0.116638928812466,0.520901073558467,0.202131072373,-0.248374630149825,0.265939036545118,0.00878220319764674,-0.226783515799399,0.290744265626142,0.0319803749133717,-0.299537530527854,0.0413369501785761,-0.129100290174639,-0.284881474629542,0.180224412757964,-0.0523285309357887,-0.111839018997151,0.498112393280828,0.193136687141839,-0.340482767737152,0.113549479752023,-0.113466643992565,54.6002566153846
68,-0.322343426779562,0.968497272933409,0.323076923076923,-0.109049088515489,0.416604983878049,0.15377794768128,-0.215699357625202,0.374860175231384,0.0795804088030909,-0.284299777191328,0.20146991506781,-0.0414149310617592,-0.333663384761335,-0.0513187978614238,-0.192491091311379,-0.29834835917249,0.152208516364861,-0.0730699214038149,-0.156251013972141,0.379106834815569,0.111427910421714,-0.35266138859181,0.0851494382126517,-0.133755975189579,54.7002564102564
69,-0.322343426779562,0.968497272933409,0.323076923076923,-0.090496390363981,0.423277136079417,0.166390372857718,-0.22821477206275,0.378311473711439,0.0750483508243447,-0.377312410588986,0.0860181400836233,-0.145647135252681,-0.343166710225938,-0.0774695246147745,-0.210318117420356,-0.219220620418324,0.190399843183754,-0.0144103886172849,-0.182442971281148,0.274235773671356,0.0458964011951036,-0.339383856690723,0.0838287024694235,-0.12777757711065,54.8002565128205
70,-0.322343426779562,0.968497272933409,0.323076923076923,-0.0613664777628542,0.50334992231767,0.220991722277408,-0.300392291761231,0.203509488539783,-0.048441401610724,-0.428308375036309,0.0064159349181466,-0.210946220059081,-0.327862542908362,-0.0374350571690503,-0.182648800038706,-0.130887937914151,0.318793679089524,0.0939528705876865,-0.207612747201491,0.219520026433837,0.00595363961617318,-0.284843739725498,0.123429068943444,-0.0807073353910269,54.9002565128205
71,-0.332576551439231,0.999243218105898,0.333333333333333,-0.0633138912601245,0.456067646036304,0.19637687738809,-0.31771115389277,0.150116965022503,-0.0837970944351337,-0.425856544922071,-0.00195190291477283,-0.213904223918422,-0.31473726161686,-0.0119988450334944,-0.163368053325177,-0.161524495298571,0.30404789931594,0.0712617020086845,-0.228586225057488,0.196632229005935,-0.0159769980257766,-0.263967175682812,0.154940124187541,-0.0545135257476353,55.0002564102564
72,-0.332576551439231,0.999243218105898,0.333333333333333,-0.140411119646894,0.542042337239938,0.200815608796522,-0.319419919739835,0.161378819303414,-0.0790205502182108,-0.417132429103756,-0.00138844011872776,-0.209260434611242,-0.290833059031415,0.0117194859878837,-0.139556786521766,-0.24736181790264,0.190196976167304,-0.0285824208676677,-0.242604984790851,0.182602488031918,-0.0300012483794664,-0.264385805471906,0.177661873729349,-0.0433619658712785,55.1002565128205
73,-0.337693113769065,1.01461619069214,0.338461538461539,-0.176101879447478,0.406759793246837,0.11532895689968,-0.265898971323196,0.184010470464823,-0.0409442504291866,-0.418104074248697,-0.0014633942387722,-0.209783734243735,-0.29564090953557,-0.0431218581066024,-0.169381383821086,-0.238763314054746,0.176313147252318,-0.031225083401214,-0.245257077935906,0.175912448845658,-0.0346723145451238,-0.259695735997303,0.182054419990904,-0.0388206580031994,55.2002565128205
74,-0.337693113769065,1.01461619069214,0.338461538461539,-0.173209639091097,0.417805211213042,0.122297786060973,-0.237707231935161,0.153059293419566,-0.0423239692577974,-0.409880572154723,0.0100076926196986,-0.199936439767512,-0.298177311138876,-0.0891602243799154,-0.193668767759396,-0.171566938660691,0.233458192358922,0.0309456268491153,-0.186451729209349,0.239713782199311,0.0266310264949805,-0.274933600131936,0.160025063909589,-0.0574542681111737,55.3002564102564
75,-0.322343426779562,0.968497272933409,0.323076923076923,-0.19718135643491,0.298200834642157,0.0505097391036234,-0.264443932490829,0.148233148019031,-0.0581053922358993,-0.426376007706335,-0.00626983130354069,-0.216322919504938,-0.342833552467309,-0.126536524694375,-0.234685038580842,-0.133944059909516,0.287229030061797,0.0766424850761402,-0.15561148147865,0.294121588265511,0.0692550533934302,-0.238882475149,0.180363634535471,-0.0292594203067646,55.4002564615385
76,-0.327459989109397,0.983870245519653,0.328205128205128,-0.184168037938952,0.274453080190494,0.0451425211257711,-0.307627711483561,0.0971333768756688,-0.105247167303946,-0.377675377699884,0.047700463052328,-0.164987457323778,-0.37259374449074,-0.105852624484268,-0.239223184487504,-0.170070393163264,0.241007871326355,0.0354687390815458,-0.134812049809391,0.332310630661189,0.0987492904258988,-0.18363639184165,0.228231675340576,0.0222976417494627,55.5002565641026
77,-0.337693113769065,1.01461619069214,0.338461538461539,-0.203034643971291,0.135967064724988,-0.0335337896231513,-0.355340015212787,0.0526831829439804,-0.151328416134403,-0.308852005642569,0.129952309764388,-0.0894498479390902,-0.365180764756688,-0.116081032965906,-0.240630898861297,-0.250005701124907,0.224343594098526,-0.0128310535131904,-0.129671359747636,0.370278074778505,0.120303357515435,-0.101889122516756,0.33885741708072,0.118484147281982,55.6002564102564
78,-0.322343426779562,0.968497272933409,0.323076923076923,-0.198471554575671,0.126875164725896,-0.0357981949248874,-0.383876168208405,0.00733714450395648,-0.188269511852224,-0.239917591938905,0.203580392403326,-0.0181685997677898,-0.348390542279212,-0.10591265845389,-0.227151600366551,-0.271351732417755,0.223313028890258,-0.0240193517637483,-0.17199498792465,0.326191625038005,0.0770983185566774,-0.0311301570648701,0.434419973143633,0.201644908039381,55.7002564615385
79,-0.322343426779562,0.968497272933409,0.323076923076923,-0.172655821172748,0.216544650839388,0.0219444148333198,-0.398348672686688,-0.0169533337907894,-0.207651003238739,-0.208878104054489,0.200097223449467,-0.00439044030251095,-0.335763743314897,-0.100082032860922,-0.217922888087909,-0.270132230348807,0.181054008283857,-0.0445391110324749,-0.235152747180413,0.196696628193964,-0.0192280594932244,0.00757081360249765,0.500934286763056,0.254252550182777,55.8002564615385
80,-0.322343426779562,0.968497272933409,0.323076923076923,-0.141370851179932,0.280847625807642,0.0697383873138553,-0.43274447917147,-0.0332207968237053,-0.232982637997588,-0.235151750801017,0.172435093681716,-0.0313583285596503,-0.339882071524037,-0.0547330454366278,-0.197307558480332,-0.24567384332969,0.160125397400785,-0.0427742229644525,-0.275692658985639,0.0796533219326934,-0.0980196685264727,0.0267123474435019,0.527827979379039,0.27727016341127,55.9002565128205
81,-0.306993739790059,0.922378355174675,0.307692307692308,-0.0650667706411229,0.43701489738795,0.185974063373414,-0.407067836994358,-0.0150430930998261,-0.211055465047092,-0.254606444055195,0.199003248030624,-0.0278015980122852,-0.314729299112686,-0.0458188438090748,-0.180274071460881,-0.240667982575972,0.167983720762157,-0.0363421309069072,-0.358425142939367,-0.0137533534721961,-0.186089248205782,0.0628259500294169,0.52902251039683,0.295924230213124,56.0002565128205
82,-0.312110302119894,0.937751327760919,0.312820512820513,-0.0625981837874048,0.616535135484891,0.276968475848743,-0.395662083676739,-0.0353173220920666,-0.215489702884403,-0.281978463642012,0.224708982580614,-0.0286347405306988,-0.289846164774869,0.0581286102800749,-0.115858777247397,-0.277122686576319,0.177715806543445,-0.0497034400164372,-0.396302154438852,-0.00724295449516523,-0.201772554467009,0.0812912176314607,0.564516410956966,0.322903814294213,56.1002565128205
83,-0.312110302119894,0.937751327760919,0.312820512820513,-0.0794837623275114,0.626367568301408,0.273441902986949,-0.37881598972351,0.0390245092207823,-0.169895740251364,-0.279690646235708,0.291203296662439,0.00575632521336584,-0.260700715635459,0.147904761362422,-0.0563979771365188,-0.287825037318324,0.195806978766678,-0.0460090292758228,-0.477172861670412,-0.061296837500944,-0.269234849585678,0.0276424898416288,0.549976056929084,0.288809273385356,56.2002564615385
84,-0.306993739790059,0.922378355174675,0.307692307692308,-0.123248904755286,0.476159089243512,0.176455092244113,-0.416654790405644,-0.0067300042447557,-0.2116923973252,-0.266370587152784,0.306973049096765,0.0203012309719904,-0.235047408086191,0.251188385993232,0.00807048895352075,-0.241718738664529,0.221738640511899,-0.00999004907631467,-0.488443736383796,-0.0571344494655431,-0.272789092924669,0.0454579734683169,0.578549080896284,0.3120035271823,56.3002564102564
85,-0.306993739790059,0.922378355174675,0.307692307692308,-0.226631053434428,0.209110053612812,-0.00876049991080789,-0.43945163525416,-0.0271773434146165,-0.233314489334388,-0.305910866094244,0.274280398879119,-0.0158152336075623,-0.215643664166583,0.277893976157772,0.0311251559955946,-0.149313693052589,0.266503994308584,0.0585951506279977,-0.506316636145698,-0.0210439981530478,-0.263680317149373,0.0789631013205654,0.623485251735261,0.351224176527913,56.4004274358974
86,-0.306993739790059,0.922378355174675,0.307692307692308,-0.272957953255099,0.0988491545816345,-0.0870543993367323,-0.491896475935791,-0.0562537768648856,-0.274075126400338,-0.354531153629382,0.190648350669162,-0.0819414014801104,-0.199347068029322,0.294106312172878,0.0473796220717778,-0.11416230526074,0.296028815770893,0.0909332552550766,-0.491605086081239,0.0769951142248475,-0.207304985928196,0.16714768720795,0.722731465696366,0.444939576452158,56.500512974359
87,-0.234635223134129,1.05514804364695,0.41025641025641,-0.309927791909633,0.0399749080087453,-0.134976441950444,-0.442588854313019,-0.0318129698099736,-0.237200912061496,-0.370730843246181,0.112692155678164,-0.129019343784009,-0.162702657107019,0.434013705835766,0.135655524364374,-0.17825674405223,0.231003857546126,0.0263735567469481,-0.488351512006433,0.144462238539709,-0.171944636733362,0.257268825523462,0.815376396352163,0.536322610937813,56.600512974359
88,-0.247701767484407,0.934881254663894,0.343589743589744,-0.253764287361113,0.106175630295834,-0.0737943285326399,-0.428390891739923,-0.00134434440057798,-0.214867618070251,-0.357526407746973,0.0941439002471069,-0.131691253749933,-0.168851442251691,0.394985919313096,0.113067238530702,-0.27670020353723,0.131191492915294,-0.0727543553109682,-0.517531605330989,0.13771073230523,-0.18991043651288,0.265332154039054,0.81784181793006,0.541586985984557,56.7005128205128
89,-0.291644052800556,0.876259437415941,0.292307692307692,-0.188217227194268,0.311540173289153,0.0616614730474422,-0.419547501987875,0.0218283346672954,-0.19885958366029,-0.359432332699271,0.157894521848122,-0.100768905425574,-0.16207349718964,0.266361765938036,0.0521441343741978,-0.377086034544615,0.039825175612893,-0.168630429465861,-0.533096849048974,0.132692782301087,-0.200202033373944,0.211159534943126,0.77227181452093,0.491715674732028,56.8005128717949
90,-0.306993739790059,0.922378355174675,0.307692307692308,-0.213603068352547,0.463087005467022,0.124741968557237,-0.418243111981477,0.00472903007653962,-0.206757040952469,-0.369623279660877,0.181747447371477,-0.0939379161446997,-0.14288613735672,0.28703861766829,0.0720762401557852,-0.405931811210149,-0.0475807134697012,-0.226756262339925,-0.504971624558644,0.0928325509426935,-0.206069536807975,0.129260848204964,0.671233322525706,0.400247085365335,56.9005128205128
91,-0.291644052800556,0.876259437415941,0.292307692307692,-0.228886381472464,0.394819764644593,0.0829666915860645,-0.395848374544034,-0.0187939627053117,-0.207321168624673,-0.346519699677584,0.20182633331722,-0.072346683180182,-0.0676930744868959,0.444582311583354,0.188444618548229,-0.336723919672638,-0.0347268976596902,-0.185725408666164,-0.478492389951457,-0.0217815919489088,-0.250136990950183,0.0565724333873434,0.552548470422051,0.304560451904697,57.0005128205128
92,-0.276587918984352,0.891972534368967,0.307692307692308,-0.275919426922251,0.163203691007102,-0.0563578679575744,-0.360535923122933,0.0240405714311323,-0.1682476758459,-0.297765660967443,0.251549636909315,-0.0231080120290639,-0.0237929902088556,0.603701930048213,0.289954469919679,-0.292747510663768,0.0484340273887655,-0.122156741637501,-0.505879880646075,-0.18177265683327,-0.343826268739673,-0.0327194667766393,0.437808389879029,0.202544461551195,57.1005128717949
93,-0.241023394378911,0.948715702071219,0.353846153846154,-0.310626179259247,0.0579562811905754,-0.126334949034336,-0.368475141861823,0.0218305167156157,-0.173322312573104,-0.245106572107143,0.28740810168743,0.0211507647901437,-0.0404240863459414,0.589810507948434,0.274693210801246,-0.320348465235865,0.0436012995762797,-0.138373582829793,-0.533997370028696,-0.211339106949661,-0.372668238489179,-0.0220071323499766,0.441039356833381,0.209516112241702,57.2005128717949
94,-0.226372731394335,0.903295808317412,0.338461538461539,-0.358623249002663,0.0205529338743393,-0.169035157564162,-0.403253524075769,-0.0435002175931005,-0.223376870834435,-0.163267542732526,0.45027450873365,0.143503483000562,-0.0115797209009185,0.644618784643451,0.316519531871266,-0.368988685959293,0.0232315904970662,-0.172878547731113,-0.50869973184477,-0.159676402396042,-0.334188067120406,0.0535135454771065,0.529145582804674,0.29132956414089,57.3005128205128
95,-0.2038432456131,0.880766322536177,0.338461538461539,-0.274961235370007,0.108839180193027,-0.0830610275884898,-0.441992669356778,-0.0960566283323616,-0.26902464884457,-0.146076906102301,0.372323630263898,0.113123362080798,-0.0708214825491955,0.601049242895991,0.265113880173397,-0.399002088195169,0.0507323210482299,-0.17413488357347,-0.466837031136897,-0.0914826701716766,-0.279159850654287,0.16972589492979,0.721203235707133,0.445464565318462,57.4005128205128
96,-0.185774199593553,0.85244086626022,0.333333333333333,-0.280388155977176,0.163966768913463,-0.0582106935318564,-0.469549471874722,-0.114008398075354,-0.291778934975038,-0.192260411105213,0.341584137856755,0.0746618633757714,-0.140013679553991,0.567391920327193,0.213689120386601,-0.357075398915689,0.143082490143139,-0.106996454386275,-0.471142235756536,-0.0723290104235669,-0.271735623090051,0.251738335927032,0.896129889731437,0.573934112829234,57.5005129230769
97,-0.184021601898474,0.86094467882155,0.338461538461539,-0.265404480683708,0.177310737443525,-0.0440468716200912,-0.436090531615328,-0.0431312914997745,-0.239610911557551,-0.240840148430021,0.33395033751269,0.0465550945413348,-0.191028264264082,0.501410263264532,0.155190999500225,-0.338546040821791,0.121163804428133,-0.108691118196829,-0.462056000153296,-0.0154128878523877,-0.238734444002842,0.237486769288743,0.897210289753906,0.567348529521324,57.6005128717949
98,-0.176529521680554,0.925247470398502,0.374358974358974,-0.281968367151904,0.127340498144226,-0.0773139345038391,-0.40546963116471,0.0175482485241352,-0.193960691320287,-0.32284835263765,0.25429753806937,-0.03427540728414,-0.160019829766792,0.451912770259909,0.145946470246558,-0.343925862312584,0.118415486599699,-0.112755187856443,-0.469835541495176,-0.00919346231093105,-0.239514501903053,0.138864111138554,0.729823349765928,0.434343730452241,57.700513025641
99,-0.175671057024868,0.955158236512048,0.38974358974359,-0.301200781272097,0.161938735321485,-0.0696310229753057,-0.370557210729601,0.047714911645672,-0.161421149541964,-0.409618197448956,0.116400503542736,-0.14660884695311,-0.106536119408883,0.479881576836688,0.186672728713902,-0.378690014334187,0.0959437958681159,-0.141373109233035,-0.459150078517454,0.0101581833938818,-0.224495947561786,0.0311996881475371,0.553290222002497,0.292244955075017,57.8005128205128
100,-0.175806970425621,0.975806970425621,0.4,-0.266784220338499,0.228703093377735,-0.0190405634803819,-0.385175743523861,0.0188462147732407,-0.18316476437531,-0.408078372815943,0.083521171172704,-0.16227860082162,-0.0786498242699922,0.40268350683403,0.162016841282019,-0.360699272656009,0.0962159974737277,-0.132241637591141,-0.45697395483941,-0.0169719981826444,-0.236972976511027,0.00207405452626829,0.512071645991968,0.257072850259118,57.9005128205128
101,-0.175806970425621,0.975806970425621,0.4,-0.20532493286297,0.243107872689295,0.0188914699131628,-0.413651960700277,-0.00585650355346676,-0.209754232126872,-0.387159646529909,0.205809545939478,-0.0906750502952156,-0.0548493011838075,0.508713677543518,0.226932188179855,-0.294110206508556,0.152272405848739,-0.0709189003299087,-0.450609838491221,-0.00629534283240918,-0.228452590661815,0.0129040110144828,0.539053731296242,0.275978871155362,58.0005128717949
102,-0.175806970425621,0.975806970425621,0.4,-0.190290448640877,0.227546520012545,0.0186280356858341,-0.437204023952269,-0.0667292855576852,-0.251966654754977,-0.335020997858392,0.319332269397074,-0.00784436423065907,-0.158278219594269,0.518890185562174,0.180305982983952,-0.277899580212613,0.189323102347167,-0.044288238932723,-0.361382121664268,0.0734575659397122,-0.143962277862278,0.0200751782138171,0.516324054907729,0.268199616560773,58.100512974359
103,-0.175806970425621,0.975806970425621,0.4,-0.164626049611764,0.294529759926517,0.0649518551573765,-0.382750637101304,-0.0144439196892051,-0.198597278395255,-0.323120833759969,0.255142607644667,-0.0339891130576512,-0.244406156845965,0.753855653602541,0.254724748378288,-0.288143983871969,0.232483659199173,-0.0278301623363978,-0.338007575821373,0.0926775023546039,-0.122665036733385,0.0177030267821637,0.491396498427262,0.254549762604713,58.2005128717949
104,-0.175806970425621,0.975806970425621,0.4,-0.135199473798569,0.434559834578543,0.149680180389987,-0.30581538928207,0.11811269911196,-0.0938513450850549,-0.387891153164699,0.0971663165588746,-0.145362418302912,-0.19697555052608,0.192427900791234,-0.00227382486742328,-0.258878574464706,0.258468659196825,-0.000204957633940708,-0.419683743444134,0.0467932522813172,-0.186445245581408,0.0292041572258064,0.52866640744175,0.278935282333778,58.3112842051282
105,-0.175806970425621,0.975806970425621,0.4,-0.105499555215496,0.45930850778765,0.176904476286077,-0.234455528014437,0.320037135796939,0.0427908038912508,-0.425055753923485,0.114330979459931,-0.155362387231777,-0.291840067816343,0.805039127939622,0.25659953006164,-0.214082796589242,0.277712173154198,0.0318146882824779,-0.507580702842553,-0.0680598727200019,-0.287820287781278,-0.00584136366885539,0.529758363815126,0.261958500073135,58.4161538461539
106,-0.175806970425621,0.975806970425621,0.4,-0.151389042036864,0.403908036232176,0.126259497097656,-0.173181398973618,0.422963236447704,0.124890918737043,-0.432977239364229,0.0967915981201732,-0.168092820622028,-0.252029634492693,0.466879994378638,0.107425179942972,-0.12975831456374,0.30347468446864,0.08685818495245,-0.503704732137284,-0.0913257463464721,-0.297515239241878,-0.0262718929183361,0.507468228671092,0.240598167876378,58.5158977435897
107,-0.175806970425621,0.975806970425621,0.4,-0.181663266139314,0.268176730768419,0.0432567323145528,-0.13083084786383,0.408251440719712,0.138710296427941,-0.419583160226527,0.0441489573977633,-0.187717101414382,-0.221646708923554,0.154674849951779,-0.0334859294858873,-0.139429837729794,0.288458224926324,0.0745141935982651,-0.437835035972271,0.0130444828600567,-0.212395276556107,-0.0370997184342765,0.493733175957683,0.228316728761704,58.616154
108,-0.175806970425621,0.975806970425621,0.4,-0.232720568997457,0.116620228138449,-0.0580501704295038,-0.0787064613532838,0.398467699527401,0.159880619087059,-0.418673546597873,0.00683832170890168,-0.205917612444486,-0.193379423037136,0.156407528570797,-0.0184859472331696,-0.12560611584569,0.36125240435435,0.11782314425433,-0.38830010137862,0.138275130775841,-0.125012485301389,-0.101855157570551,0.418982998922416,0.158563920675933,58.716154
109,-0.175806970425621,0.975806970425621,0.4,-0.268357663694945,0.0917409379735793,-0.0883083628606829,-0.0340019684855992,0.473855247723625,0.219926639619013,-0.401071666396121,0.0482892673586859,-0.176391199518718,-0.182254968149862,0.324603789690985,0.0711744107705615,-0.190058599531826,0.352446006028438,0.0811937032483063,-0.372939742620594,0.210887495869078,-0.0810261233757579,-0.195349191230014,0.35549238196303,0.0800715953665079,58.8164102948718
110,-0.175806970425621,0.975806970425621,0.4,-0.276672695879222,0.234890512189216,-0.0208910918450027,-0.0865113231614815,0.43279332184253,0.173140999340524,-0.373695958418786,0.15610039313535,-0.108797782641718,-0.191645249145657,0.335959948032877,0.07215734944361,-0.263914211104361,0.262866385013926,-0.000523913045217139,-0.297457587834942,0.362309923882589,0.0324261680238235,-0.220172869466551,0.336872233870056,0.0583496822017526,58.9166666666667
111,-0.175806970425621,0.975806970425621,0.4,-0.267732330283402,0.327468246704976,0.0298679582107869,-0.127803138436012,0.354478345113471,0.11333760333873,-0.31729410333366,0.28229320121625,-0.0175004510587049,-0.200279927314209,0.227251786270396,0.0134859294780931,-0.305471777085133,0.159792699861079,-0.072839538612027,-0.208457336280259,0.427232852967401,0.109387758343571,-0.251723532638588,0.310722654908881,0.0294995611351466,59.0166666666667
112,-0.175806970425621,0.975806970425621,0.4,-0.238084269845229,0.220223896573639,-0.0089301866357948,-0.204154916128369,0.252418674402605,0.0241318791371179,-0.271938209026676,0.349602934938868,0.0388323629560958,-0.225777260964187,0.107349937177151,-0.0592136618935179,-0.343882192542662,0.104811110430833,-0.119535541055914,-0.153741092122651,0.386984147440248,0.116621527658798,-0.245249507487599,0.299344552532519,0.0270475225224602,59.1166667692308
113,-0.175806970425621,0.975806970425621,0.4,-0.296453157209158,0.0863836427929513,-0.105034757208103,-0.232808618139572,0.231348898309132,-0.000729859915219879,-0.264785805750612,0.361885060396982,0.0485496273231848,-0.278510812382491,0.0388634002590463,-0.119823706061722,-0.336018745688324,0.10676735556489,-0.114625695061717,-0.167081482710202,0.313615308181021,0.0732669127354093,-0.203975180633236,0.285434586808337,0.0407297030875507,59.2164103076923
114,-0.175806970425621,0.975806970425621,0.4,-0.348025273993252,-0.0018116216881226,-0.174918447840687,-0.21661716445513,0.217781937434848,0.000582386489858633,-0.251951211749474,0.338460324658535,0.0432545564545308,-0.288241689216129,0.0159304703689007,-0.136155609423614,-0.353495998764951,0.0913261994880997,-0.131084899638425,-0.139078284036835,0.339258857850853,0.100090286907009,-0.149726050053309,0.311660900588142,0.0809674252674164,59.316153948718
115,-0.175806970425621,0.975806970425621,0.4,-0.336529474949276,-0.0101166142318751,-0.173323044590576,-0.201393805108848,0.251457128939536,0.0250316619153443,-0.221611536052169,0.335988900758264,0.0571886823530473,-0.308420681604608,-0.0147070957794997,-0.161563888692054,-0.33452650367656,0.125666568812162,-0.104429967432199,-0.152220029809704,0.335344755434666,0.0915623628124811,-0.209930160248911,0.260714364454567,0.025392102102828,59.4161539358974
116,-0.175806970425621,0.975806970425621,0.4,-0.35852155668676,-0.0415474167842433,-0.200034486735501,-0.167768267062305,0.330596140261256,0.0814139365994752,-0.208158649409279,0.312665555587246,0.0522534530889835,-0.311153972033732,0.00412341186774165,-0.153515280082995,-0.267175771056459,0.209198548117439,-0.0289886114695096,-0.204474689574709,0.30928599823014,0.0524056543277152,-0.228890004327352,0.264808950622919,0.0179594731477832,59.5161539230769
117,-0.160576129104483,0.991345359873714,0.415384615384615,-0.343272190887572,0.00168904578549011,-0.170791572551041,-0.120947767873663,0.436692651237892,0.157872441682115,-0.172096370447072,0.319703058849951,0.0738033442014395,-0.321764250350578,0.0114931568181604,-0.155135546766209,-0.255586888439652,0.239626284471083,-0.0079803019842844,-0.182548048314968,0.296458482548131,0.0569552171165813,-0.258971874386702,0.214813867769102,-0.0220790033088001,59.6158975128205
118,-0.0981204430729077,1.18529993025239,0.543589743589744,-0.303378065518337,0.123438440527418,-0.0899698124954593,-0.0444573359225889,0.526611608902673,0.241077136490042,-0.154905664641653,0.322741429462298,0.0839178824103221,-0.284866464584093,0.0381122870911348,-0.123377088746479,-0.257838919930673,0.300899525735495,0.0215303029024109,-0.210831871211235,0.222277741505194,0.00572293514697982,-0.284265012377612,0.161107635191054,-0.0615786885932791,59.7161540384616
119,-0.0916684969998705,1.35320695853833,0.630769230769231,-0.362272472390163,-0.0101616407714848,-0.186217056580824,-0.0272416392827921,0.519671186411791,0.246214773564499,-0.178333527499915,0.383144560943197,0.102405516721641,-0.26464104873302,0.0597336101391625,-0.102453719296929,-0.298570037824722,0.298792617707337,0.000111289941307678,-0.203572372248457,0.197794909993211,-0.00288873112762305,-0.342429212676254,0.122482113130063,-0.109973549773096,59.8164103076923
120,-0.112068012076327,1.55822185823017,0.723076923076923,-0.32830737864845,0.0552520902093384,-0.136527644219556,-0.0473225922767895,0.493409077536899,0.223043242630055,-0.225177802163747,0.468648552448755,0.121735375142504,-0.262034337824478,0.067737943380036,-0.0971481972222208,-0.283889134499025,0.30894743132758,0.0125291484142778,-0.230627435642043,0.173772194906167,-0.0284276203679382,-0.391459282807726,0.104174776228016,-0.143642253289855,59.9158974358975
121,-0.129037590783169,1.6572427189883,0.764102564102564,-0.33778858963438,0.0647550338263547,-0.136516777904012,-0.0510841767656457,0.474047756654323,0.211481789944338,-0.260195250794599,0.487874142026444,0.113839445615922,-0.273527207047511,0.022852692523138,-0.125337257262186,-0.227611937710591,0.314002345604506,0.0431952039469576,-0.248474200206838,0.215939685168008,-0.0162672575194149,-0.378199285151029,0.159996582024709,-0.10910135156316,60.0158976153846
122,-0.12552117465547,1.62295707209137,0.748717948717949,-0.332943574005446,0.0871084527347483,-0.122917560635349,-0.0290980853798526,0.500616968371478,0.235759441495813,-0.234407443296161,0.179266619074471,-0.0275704121108449,-0.296207677611111,0.000568541100997786,-0.147819568255056,-0.151455111358602,0.377298433397605,0.112921661019501,-0.280554210360479,0.235052788836036,-0.0227507107622211,-0.262408369422865,0.227906898336589,-0.017250735543138,60.1164103076923
123,-0.124437288304946,1.63212959599725,0.753846153846154,-0.357979282800672,0.0367894341812094,-0.160594924309731,-0.0230194082788766,0.519758261227847,0.248369426474485,-0.220844324818088,0.215628845080055,-0.0026077398690164,-0.287709041950665,0.138825942323548,-0.0744415498135584,-0.109146052203057,0.452565974842256,0.171709961319599,-0.323130029163081,0.178790314334802,-0.0721698574141394,-0.218540840835287,0.296790997795551,0.0391250784801319,60.2164104102564
124,-0.124437288304946,1.63212959599725,0.753846153846154,-0.315560726349065,0.0633089999842291,-0.126125863182418,-0.0328549229728173,0.50621781915822,0.236681448092701,-0.231963839107225,0.233204416280333,0.000620288586554107,-0.249394771713463,0.346981434431979,0.0487933313592579,-0.088381672063727,0.485632612616437,0.198625470276355,-0.328265313019865,0.148831149364227,-0.0897170818278192,-0.222910368784179,0.300464430222299,0.0387770307190601,60.316153948718
125,-0.124437288304946,1.63212959599725,0.753846153846154,-0.319033734740703,0.10575581135504,-0.106638961692831,-0.0656961682266155,0.482812030049366,0.208557930911375,-0.216631560979244,0.358802952124831,0.0710856955727934,-0.173931452352519,0.827638233068312,0.326853390357896,-0.104929933046216,0.444838948619466,0.169954507786625,-0.307303565001487,0.149603756442151,-0.0788499042796676,-0.242473084422896,0.276303959144435,0.0169154373607692,60.4161540384616
126,-0.12552117465547,1.62295707209137,0.748717948717949,-0.348722407850184,0.0878721723202841,-0.13042511776495,-0.11351912469129,0.426313260737601,0.156397068023155,-0.24156699438925,0.344678782723032,0.0515558941668909,-0.177815176504162,0.814724914870082,0.31845486918296,-0.143075775933891,0.412627118231344,0.134775671148727,-0.286372655986122,0.223205116761969,-0.0315837696120765,-0.26269556321725,0.263164709032276,0.000234572907512825,60.516153948718
127,-0.122569334718259,1.65077446292339,0.764102564102564,-0.404812446694813,0.0287607883772721,-0.188025829158771,-0.168799040581312,0.348952416212404,0.0900766878155461,-0.201346100036127,0.382090156599139,0.090372028281506,-0.196254545751187,0.504527800551296,0.154136627400054,-0.200668266741573,0.351176878605083,0.0752543059317553,-0.213586768797408,0.27242884098829,0.0294210360954409,-0.220369543388539,0.264140068300771,0.0218852624561164,60.6161538846154
128,-0.118887207398568,1.72914361765498,0.805128205128205,-0.37523669605376,0.112134567317152,-0.131551064368304,-0.252162534144898,0.181764876000787,-0.0351988290720557,-0.162393992092984,0.368734550353667,0.103170279130342,-0.228207221173975,0.165585893091362,-0.0313106640413066,-0.229107908104364,0.289012198991193,0.0299521454434146,-0.128881032224082,0.320741265936004,0.0959301168559614,-0.194027861198738,0.269690917490411,0.0378315281458367,60.7158974358974
129,-0.11943467683289,1.78097313837135,0.830769230769231,-0.31922300130238,0.243426880153865,-0.0378980605742574,-0.266473822570274,0.122549760903761,-0.0719620308332568,-0.139205322128681,0.366174965837031,0.113484821854175,-0.248595820943127,0.0846517496274818,-0.0819720356578226,-0.281584657560484,0.20507242940191,-0.0382561140792871,-0.0963578770400551,0.35446910687075,0.129055614915347,-0.240292256691152,0.204732498728248,-0.0177798789814519,60.8158976153846
130,-0.123481009815549,1.91835280468734,0.897435897435897,-0.265802033579508,0.278943913606227,0.00657094001335933,-0.203508737997784,0.174345223684162,-0.0145817571568108,-0.15437572823321,0.35145235201244,0.0985383118896151,-0.273704702374886,0.519568280200659,0.122931788912887,-0.322598289661914,0.161786871393959,-0.0804057091339776,-0.15197327761815,0.333281305912508,0.0906540141471788,-0.333555719303297,0.126546636230297,-0.1035045415365,60.9164103076923
131,-0.0817141002830726,2.32786794643692,1.12307692307692,-0.349478523786132,0.153707398513044,-0.0978855626365444,-0.198261905012211,0.457046813066492,0.12939245402714,-0.163588920832333,0.31962214091274,0.0780166100402038,-0.258884697007715,0.702662292062892,0.221888797527589,-0.337888710737218,0.126510640498636,-0.105689035119291,-0.221894739441777,0.301934199960891,0.040019730259557,-0.368773963675223,0.0895928147814077,-0.139590574446908,61.0164104615385
132,-0.0178998381422813,2.62302804327049,1.3025641025641,-0.354775523941412,0.0882980841937786,-0.133238719873817,-0.190429699853611,0.484276882645508,0.146923591395949,-0.190542071342084,0.241667640528947,0.0255627845934317,-0.255200677027138,0.657738750443583,0.201269036708223,-0.299239660216542,0.138156783386697,-0.0805414384149225,-0.26362148038155,0.245431191561248,-0.00909514441015132,-0.301847880819554,0.153265961157077,-0.0742909598312387,61.1161538974359
133,0.00399806007203365,2.74471988864592,1.37435897435897,-0.325096345186552,0.146442014715971,-0.0893271652352903,-0.16183427865026,0.471295363212868,0.154730542281304,-0.20920190412464,0.176585908282044,-0.0163079979212981,-0.203582283514951,0.475101904262534,0.135759810373791,-0.252342358291715,0.169269132834001,-0.0415366127288571,-0.257706530695486,0.207988725943783,-0.0248589023758515,-0.280196607128485,0.144982281991158,-0.0676071625686636,61.2161539871795
134,0.00590056338039918,2.76333020585037,1.38461538461538,-0.309497254814745,0.174203623580411,-0.0676468156171672,-0.08959212685659,0.375996082734636,0.143201977939023,-0.193165499252588,0.215785564259969,0.0113100325036907,-0.206274714275965,0.235748564838227,0.0147369252811313,-0.222237983333788,0.182033035135402,-0.0201024740991932,-0.279708911710501,0.142557863615561,-0.06857552404747,-0.282102256099755,0.12117783988723,-0.0804622081062621,61.3164103076923
135,0.00279509930038543,2.7869484904432,1.39487179487179,-0.241214080078301,0.205189437399231,-0.0180123213395346,-0.0855707728263369,0.38770553909192,0.151067383132791,-0.156185959634372,0.30190755102867,0.0728607956971492,-0.205741775598926,0.284450183502236,0.0393542039516552,-0.250676611044061,0.167323162096221,-0.0416767244739199,-0.300208416949542,0.0895850998602785,-0.105311658544632,-0.288463704901508,0.111919735638248,-0.08827198463163,61.4164105641026
136,-0.0134127598029575,2.74161788800809,1.36410256410256,-0.25379633891913,0.203607303326568,-0.0250945177962808,-0.10899518535527,0.344139418413898,0.117572116529314,-0.113310181724156,0.374509849341061,0.130599833808453,-0.190771130532568,0.322718048754477,0.0659734591109542,-0.301345357003579,0.136787995072627,-0.0822786809654763,-0.333838149100976,0.0412185319620897,-0.146309808569443,-0.245806230650594,0.172241209360603,-0.0367825106449954,61.5164104615385
137,-0.0322347490321866,2.69890141569885,1.33333333333333,-0.292782725016649,0.13379136499319,-0.0794956800117297,-0.151143030977833,0.290983051869439,0.069920010445803,-0.110707442921864,0.3333987759526,0.111345666515368,-0.189477022274257,0.296737295496821,0.0536301366112823,-0.336725104467217,0.138619639714258,-0.0990527323764792,-0.325414975668467,0.0443227141226113,-0.140546130772928,-0.243590502145614,0.201125310510333,-0.0212325958176403,61.616153948718
138,-0.00505058294074943,3.50248648037665,1.74871794871795,-0.32109721166767,0.0130869772133365,-0.154005117227167,-0.180725424664903,0.247400261433826,0.0333374183844613,-0.135247010948885,0.252026013205701,0.0583895011284081,-0.190366363925956,0.182766664657532,-0.00379984963421198,-0.370241860609938,0.103439725800215,-0.133401067404861,-0.286995803225168,0.0921632346285034,-0.0974162842983324,-0.257302420116855,0.206584441545089,-0.0253589892858831,61.7161539358974
139,-0.0243904003090576,3.61413399005265,1.7948717948718,-0.330772488798585,0.00736562668439004,-0.161703431057098,-0.200977215387877,0.217366527677069,0.00819465614459626,-0.187800651189829,0.183381304937061,-0.00220967312638394,-0.177067020027092,0.181619321539257,0.00227615075608251,-0.377642898209571,0.127181683547315,-0.125230607331128,-0.277020035591866,0.129850138426882,-0.0735849485824921,-0.281803836129586,0.183584428652108,-0.0491097037387391,61.8158974871795
140,-0.119740064474119,3.34025288498694,1.61025641025641,-0.282872420375257,0.0531723233251718,-0.114850048525043,-0.211755785793447,0.201417742655467,-0.0051690215689899,-0.234140044199191,0.159953576365696,-0.0370932339167478,-0.158711327094174,0.248317583403004,0.0448031281544151,-0.382546957253761,0.11816345256193,-0.132191752345915,-0.279337483462741,0.144636995609498,-0.0673502439266216,-0.282030509589607,0.172226637994301,-0.0549019357976529,61.9158976666667
141,-0.238461177837898,3.22307656245328,1.49230769230769,-0.282430452877041,0.0330235600459865,-0.124703446415528,-0.215311064210271,0.180852458302911,-0.0172293029536797,-0.280448313835899,0.129227322411199,-0.0756104957123499,-0.142815441297728,0.306872302456097,0.0820284305791842,-0.394924371080879,0.132913979611342,-0.131005195734768,-0.296364208401133,0.129744654664474,-0.0833097768683297,-0.262544339136671,0.172938378493061,-0.0448029803218054,62.0164103589744
142,-0.242856569705109,3.25824118508972,1.50769230769231,-0.304529764563245,0.0105052283327045,-0.14701226811527,-0.207156172863759,0.168571092950255,-0.0192925399567521,-0.290288705996783,0.126059377977783,-0.0821146640095,-0.184209840379477,0.242965558097103,0.0293778588588127,-0.381408641531889,0.125400544049208,-0.12800404874134,-0.290577639421055,0.12809501062169,-0.0812413143996829,-0.252701872615999,0.157167392354472,-0.0477672401307639,62.1161538461539
143,-0.241680039091917,3.26732106473294,1.51282051282051,-0.3220671641062,-0.0152040968197629,-0.168635630462981,-0.194491933322309,0.400244411765094,0.102876239221393,-0.265929454058705,0.153473192973928,-0.0562281305423884,-0.352831611742463,0.793133075387402,0.22015073182247,-0.345997779124647,0.135276888935713,-0.105360445094467,-0.338015689474081,0.0710586500045575,-0.133478519734762,-0.326974142836631,0.0967937349783879,-0.115090203929122,62.2161539358974
144,-0.23818865912654,3.27408609502398,1.51794871794872,-0.333941633271692,-0.0642801371366973,-0.199110885204195,-0.184432676070174,0.289668549189957,0.0526179365598914,-0.253184840687834,0.160759054839966,-0.0462128929239341,-0.304447834302997,0.259379554915156,-0.0225341396939205,-0.293593699750206,0.179075722183017,-0.0572589887835943,-0.336487965060551,0.063660834784508,-0.136413565138022,-0.3342576627547,0.0570535430595904,-0.138602059847555,62.3164105641026
145,-0.237300191544371,3.2629412171854,1.51282051282051,-0.334532884451011,-0.0418983437964047,-0.188215614123708,-0.184624524909246,0.182393955788442,-0.00111528456040193,-0.252247990907706,0.172870776223883,-0.0396886073419114,-0.305546970421083,-0.0625859695649692,-0.184066469993026,-0.308101525729494,0.160438692869139,-0.0738314164301775,-0.299708416502484,0.0908869701488408,-0.104410723176822,-0.336555359126107,0.0608514206746387,-0.137851969225734,62.4161538461539
146,-0.244490014572971,3.28038745047041,1.51794871794872,-0.35503950502632,-0.0364387218631746,-0.195739113444748,-0.218374317046481,0.112021203510856,-0.0531765567678128,-0.276068086155143,0.151463413392979,-0.0623023363810823,-0.322298181106663,-0.118753710028673,-0.220525945567668,-0.3407346740685,0.0946938068536225,-0.123020433607439,-0.22640024656106,0.169638506215351,-0.0283808701728548,-0.306440776935519,0.117579293565198,-0.0944307416851604,62.5153847051282
147,-0.208732795304549,3.3574507440225,1.57435897435897,-0.296256277551313,0.0603731994471675,-0.117941539052073,-0.245059775823734,0.0909458810581924,-0.0770569473827707,-0.26512589677586,0.181233116532029,-0.0419463901219154,-0.306244550429467,-0.100921615151604,-0.203583082790535,-0.359939037559413,0.062371384006519,-0.148783826776447,-0.191061497221218,0.220829323006524,0.0148839128926531,-0.291128254076185,0.146275100618984,-0.0724265767286005,62.6153848205128
148,0.0653122067143009,3.78084163943955,1.92307692307692,-0.268138525339886,0.085112313082143,-0.0915131061288715,-0.229488888870777,0.0985120054880059,-0.0654884416913854,-0.288147045048904,0.141417012191285,-0.0733650164288097,-0.298031013529102,-0.0766380184545637,-0.187334515991833,-0.344472667508733,0.102581594364716,-0.120945536572008,-0.20305992898457,0.202204670449642,-0.000427629267464307,-0.266360791476411,0.145994552704781,-0.0601831193858149,62.7161539871795
149,0.19327282958577,4.09390665759372,2.14358974358974,-0.316866857028718,0.0540040849570571,-0.13143138603583,-0.211040756672246,0.10928166079409,-0.0508795479390779,-0.254655893054593,0.169624838700344,-0.0425155271771246,-0.295917532081382,-0.0171510129936523,-0.156534272537517,-0.309681175794806,0.141921340231691,-0.0838799177815579,-0.221413005147171,0.172533475954694,-0.0244397645962384,-0.246742874774926,0.129545727653246,-0.0585985735608401,62.8164103076923
150,0.240705331613049,4.28237159146387,2.26153846153846,-0.365606511328328,-0.0288809892623386,-0.197243750295333,-0.192069022385453,0.100388252850657,-0.0458403847673979,-0.213231066617168,0.217749697101762,0.00225931524229687,-0.298639331100513,0.0491578200087959,-0.124740755545859,-0.321652092233346,0.129039241621271,-0.0963064253060376,-0.206380620469068,0.186913269141846,-0.00973367566361104,-0.272192712761087,0.119856023319517,-0.0761683447207846,62.9164103076923
151,0.339436919175854,4.55287077313184,2.44615384615385,-0.418392952215676,-0.0670260675473951,-0.242709509881535,-0.175348908185691,0.0785005317628053,-0.0484241882114427,-0.185077847440435,0.233927111027562,0.0244246317935632,-0.279340059495547,0.0652748296116998,-0.107032614941923,-0.340454368128901,0.13571372678987,-0.102370320669515,-0.14660607602343,0.237428422132329,0.0454111730544495,-0.279461816388041,0.13938282914233,-0.0700394936228551,63.0158978717949
152,0.432617314323953,4.91097242926579,2.67179487179487,-0.446664486087624,-0.0723702562509092,-0.259517371169266,-0.20503806493841,0.0582287853901711,-0.0734046397741192,-0.189827430916817,0.21574457808198,0.0129585735825812,-0.290719742969977,-0.00788045961760188,-0.149300101293789,-0.370304746448706,0.119241566570175,-0.125531589939266,-0.127429019557681,0.268018012678908,0.0702944965606138,-0.260768801065483,0.179885686306255,-0.040441557379614,63.1158975641026
153,0.447653766148422,5.12157700308235,2.78461538461538,-0.394236855323376,0.0723105055666062,-0.160963174878385,-0.25497443354496,0.0641359487637586,-0.0954192423906005,-0.244034816397983,0.115019067125309,-0.0645078746363372,-0.325187105930655,-0.087207985707068,-0.206197545818861,-0.353114038607711,0.106932625053267,-0.123090706777222,-0.158123328144256,0.245110457087928,0.0434935644718358,-0.212243649755221,0.232972628016002,0.0103644891303908,63.2164104102564
154,0.477214169438294,5.35868326645914,2.91794871794872,-0.337136867642476,0.188760155111838,-0.0741883562653189,-0.31148368465292,0.0931135435506955,-0.109185070551112,-0.275477108259916,0.0767898468907676,-0.0993436306845741,-0.34077743686563,-0.143788794409356,-0.242283115637493,-0.309019652941939,0.132159887620925,-0.0884298826605074,-0.192844097963728,0.201412913723002,0.00428440787963735,-0.212802122105144,0.221065410339495,0.00413164411717552,63.3158975897436
155,0.470910706820248,5.38549954959001,2.92820512820513,-0.302119138011033,0.210467453126203,-0.0458258424424152,-0.310747412078129,0.116543211043982,-0.0971021005170733,-0.341341042591208,0.0138156563831287,-0.16376269310404,-0.310590165431416,-0.0846860283955633,-0.197638096913489,-0.231806106389121,0.266581545603646,0.0173877196072629,-0.17946281753953,0.186614083636643,0.00357563304855615,-0.244010370307587,0.189033303671173,-0.0274885333182072,63.4158975897436
156,0.477636323104499,5.49159444612627,2.98461538461538,-0.28568984518542,0.0846569040705346,-0.100516470557443,-0.27511293507866,0.119406098883091,-0.0778534180977841,-0.348987394271758,0.00774208169860266,-0.170622656286578,-0.321181766437796,0.0259392300447804,-0.147621268196508,-0.144301713428433,0.392657475740868,0.124177881156217,-0.123239005369216,0.217319588173467,0.0470402914021257,-0.279574348355084,0.114323294131761,-0.0826255271116612,63.5164103589744
157,0.482866318386604,5.56841573289545,3.02564102564103,-0.347725723204493,-0.0320297213949282,-0.189877722299711,-0.261698891832526,0.161384055986436,-0.0501574179230446,-0.333939886866818,0.0215446251967217,-0.156197630835048,-0.291198827813174,0.0486414320198418,-0.121278697896666,-0.0947046916435893,0.436990258722,0.171142783539205,-0.0899964923324798,0.24537545545499,0.0776894815612549,-0.297896077729682,0.0897971081421121,-0.104049484793785,63.6156411282051
158,0.570793984495872,5.74715473345285,3.15897435897436,-0.328663848221938,0.000796688491889063,-0.163933579865024,-0.253012647369885,0.296975809807818,0.0219815812189666,-0.312690122759059,0.0379759339400885,-0.137357094409485,-0.276078753010113,0.00584912096811814,-0.135114816020997,-0.12719537120884,0.395292140805348,0.134048384798254,-0.110831142348278,0.264933229888909,0.0770510437703153,-0.332093821912557,0.0590663857669547,-0.136513718072801,63.7156412435898
159,0.709285520329383,6.00866319761934,3.35897435897436,-0.306216195601458,0.0508452395306455,-0.127685478035406,-0.204959255545631,0.341673760181213,0.068357252317791,-0.319035518699244,0.0328918247553621,-0.143071846971941,-0.293225841940658,-0.0941948627732357,-0.193710352356947,-0.132664389739105,0.394325788146461,0.130830699203678,-0.14723653256959,0.248831173000139,0.0507973202152743,-0.410129636456511,-0.0518765277717842,-0.231003082114148,63.816153948718
160,0.862289098640827,6.35822372187199,3.61025641025641,-0.177646894284193,0.210413497751641,0.0163833017337237,-0.131788457844435,0.301008560874726,0.0846100515151456,-0.334776791811119,8.14592504241703e-05,-0.167347666280347,-0.328715536696318,-0.170240760576657,-0.249478148636487,-0.139695887485243,0.327258530655682,0.0937813215852192,-0.166259923451435,0.230022863552572,0.0318814700505683,-0.487908209359472,-0.117170302078752,-0.302539255719112,63.9161539871795
161,1.15248048898049,6.82700669050669,3.98974358974359,-0.155689753666964,0.224877720583321,0.0345939834581785,-0.17426009610895,0.210548291446334,0.0181440976686916,-0.33993458252424,0.0168800692733844,-0.161527256625428,-0.36633014179305,-0.197587896530564,-0.281959019161807,-0.150974360699623,0.288884699121813,0.0689551692110946,-0.142852966908549,0.267203196394707,0.0621751147430791,-0.53396327405563,-0.146169771937739,-0.340066522996685,64.016154
162,1.39115724116124,7.23448378447979,4.31282051282051,-0.148000109469505,0.241835646685172,0.0469177686078333,-0.218988259866403,0.162441426381571,-0.0282734167424156,-0.328228466878568,0.0566566661701336,-0.135785900354217,-0.393264359971876,-0.139159522647905,-0.266211941309891,-0.176362205842547,0.260914764380248,0.0422762792688504,-0.132880724038803,0.277515893490286,0.0723175847257414,-0.518051403702625,-0.120152729014407,-0.319102066358516,64.1161539358975
163,1.56325743804952,7.63674256195048,4.6,-0.270889743875991,0.0703172802020158,-0.100286231836988,-0.24954299312731,0.153635549670617,-0.0479537217283467,-0.33190891694914,0.0775006227609448,-0.127204147094098,-0.391368642934045,-0.0944316306463376,-0.242900136790191,-0.131261998290718,0.276699670292036,0.0727188360006589,-0.129154758824074,0.278616643173514,0.07473094217472,-0.495271291639989,-0.105519616173766,-0.300395453906877,64.2164103589744
164,1.71889094022434,8.03495521362181,4.87692307692308,-0.258809704809038,0.104330425191253,-0.0772396398088929,-0.227567773009386,0.184924967202555,-0.0213214029034154,-0.348881375187699,0.0444711497525896,-0.152205112717555,-0.376507716061614,-0.0915959629990086,-0.234051839530311,-0.0945811052463118,0.268858568600085,0.0871387316768864,-0.14591892385111,0.243336517193883,0.0487087966713863,-0.521620304604031,-0.130979940869198,-0.326300122736614,64.3161538974359
165,1.83601574598491,8.35885604888688,5.0974358974359,-0.309296554554358,0.0323513196683083,-0.138472617443025,-0.214141710796903,0.218319257174938,0.00208877318901733,-0.367848292584763,0.0370630616530376,-0.165392615465863,-0.380234112189272,-0.152937424410096,-0.266585768299684,-0.134144367340366,0.221802835677268,0.0438292341684506,-0.147017367532126,0.253536888829788,0.0532597606488308,-0.53849571146495,-0.142260491943774,-0.340378101704362,64.4156410641026
166,1.82332074636158,8.36129463825381,5.09230769230769,-0.311984686767407,0.0333227354613609,-0.139330975653023,-0.217426281755018,0.208478679719343,-0.00447380101783716,-0.336327014716739,0.083949053495355,-0.126188980610692,-0.380229157691683,-0.137115695750054,-0.258672426720869,-0.179929402576229,0.194577418820431,0.00732400812210094,-0.143441049363462,0.288331252712796,0.0724451016746674,-0.568909691114772,-0.162239781393018,-0.365574736253895,64.5156411025641
167,1.80780355006469,8.37681183455069,5.09230769230769,-0.306282605778553,0.0047761473884658,-0.150753229195044,-0.193572049256412,0.244683223148022,0.025555586945805,-0.321252795309744,0.0852565964387404,-0.117998099435502,-0.400998288775766,-0.0728837785043558,-0.236941033640061,-0.189583579277719,0.191144889561175,0.000780655141727919,-0.183837684380025,0.261076961394331,0.0386196385071529,-0.57510598930092,-0.176215704651119,-0.375660846976019,64.6161539358975
168,1.91815334994443,8.47159023979916,5.1948717948718,-0.288393937603566,0.0649762075444925,-0.111708865029537,-0.125779472142598,0.274254102422738,0.07423731514007,-0.313726635081764,0.0564842984260436,-0.12862116832786,-0.372952137726544,-0.0284985677013745,-0.200725352713959,-0.172469913127585,0.191789129601255,0.00965960823683489,-0.195303571597798,0.21972524733728,0.0122108378697407,-0.628944277693812,-0.229758032079537,-0.429351154886674,64.7161538461539
169,1.97842394343718,8.47285810784488,5.22564102564103,-0.246217899710805,0.26122714763137,0.00750462396028254,-0.108865499411761,0.307158359225926,0.0991464299070824,-0.361035034850037,-0.0237139520636952,-0.192374493456866,-0.329948311535133,0.00381716695966737,-0.163065572287733,-0.197536472965933,0.187798255276287,-0.00486910884482268,-0.224229122392273,0.15545555594907,-0.0343867832216016,-0.660245679815172,-0.249468742926903,-0.454857211371038,64.8161540897436
170,2.02105737765526,8.46099390439602,5.24102564102564,-0.249794588620026,0.477631211690233,0.113918311535103,-0.136299134024297,0.291732719177274,0.0777167925764881,-0.403614784623386,-0.0502642239947862,-0.226939504309086,-0.306627192414447,0.0496252370048444,-0.128500977704802,-0.246294424413122,0.16746742858082,-0.0394134979161507,-0.231457186273788,0.162352351735712,-0.0345524172690381,-0.621024665829987,-0.215384260000509,-0.418204462915248,64.9161538461539
171,2.0638532407454,8.47973650284434,5.27179487179487,-0.183453464250595,0.484690047209326,0.150618291479365,-0.173889918544528,0.286343047379289,0.0562265644173806,-0.43509056263681,-0.0816308197626117,-0.258360691199711,-0.284548792243269,0.132830867675365,-0.0758589622839517,-0.26041224431418,0.197632497339394,-0.0313898734873929,-0.291517002951883,0.145883017588231,-0.0728169926818261,-0.571200035585842,-0.180008118521911,-0.375604077053877,65.015897474359
172,2.09611571971999,8.56542274181847,5.33076923076923,-0.19322416031719,0.314334328771947,0.0605550842273786,-0.190915497360248,0.240550616953829,0.0248175597967907,-0.428009371199086,-0.0610216391880831,-0.244515505193584,-0.248476826215226,0.218984883431987,-0.0147459713916196,-0.27698333940496,0.173471742889674,-0.0517557982576432,-0.33677383841435,0.159064830716838,-0.0888545038487563,-0.605741692547899,-0.185465432520131,-0.395603562534015,65.1161539358975
173,2.13614686191535,8.49975057398209,5.31794871794872,-0.200609685322961,0.170557633695414,-0.0150260258137737,-0.208118508874333,0.19848425392959,-0.00481712747237144,-0.408039501043485,-0.0300239421903389,-0.219031721616912,-0.224937960255075,0.249679545143822,0.0123707924443733,-0.251524759185077,0.180753548607698,-0.0353856052886894,-0.329681074243546,0.202084206069386,-0.0637984340870802,-0.654685131075152,-0.232866800085705,-0.443775965580429,65.2164102564103
174,2.14589083690841,8.46949377847621,5.30769230769231,-0.268802114889911,0.214676584775506,-0.0270627650572024,-0.224381097734587,0.143650664372911,-0.0403652166808379,-0.362688701383732,0.0185117707499803,-0.172088465316876,-0.212961356935591,0.179066366245461,-0.0169474953450649,-0.23708428692308,0.230598744248353,-0.00324277133736334,-0.273295333951454,0.24538973251895,-0.0139528007162518,-0.666976934031353,-0.279666056126829,-0.473321495079091,65.3161538974359
175,2.05468987641073,8.43761781589697,5.24615384615385,-0.268308731073273,0.207384937104335,-0.030461896984469,-0.238262905218411,0.131829512179278,-0.0532166965195665,-0.363794180672118,0.00423492858419088,-0.179779626043964,-0.234347473096609,0.164916422339934,-0.0347155253783375,-0.131933368986587,0.361327772082122,0.114697201547767,-0.225901899084283,0.235957096765263,0.00502759884049017,-0.627664790952213,-0.25915930649904,-0.443412048725627,65.415897525641
176,2.03670802847588,8.48636889460104,5.26153846153846,-0.154094246093661,0.314514015739038,0.0802098848226883,-0.230096098042132,0.170803623191281,-0.0296462374254254,-0.361899821253199,-0.00309881997894496,-0.182499320616072,-0.268299840877682,0.155010668633339,-0.0566445861221714,-0.0420429421503164,0.443579576304766,0.200768317077225,-0.207633187069418,0.2330535459486,0.0127101794395908,-0.57136407191823,-0.210754630876288,-0.391059351397259,65.5158978589744
177,1.93667407612909,8.39153105207604,5.16410256410256,-0.0993850916214698,0.646806356845203,0.273710632611867,-0.206816460055659,0.216646160219437,0.00491485008188886,-0.387759465382495,-0.0652006355924207,-0.226480050487458,-0.273370919577827,0.214150647462942,-0.0296101360574426,-0.0281295047936263,0.440386110081619,0.206128302643997,-0.235089405442223,0.191707944131845,-0.0216907306551887,-0.468161915251086,-0.0861549964343205,-0.277158455842703,65.6158978205128
178,2.03268715032997,8.46987695223414,5.25128205128205,-0.0608006883363726,0.83348170006642,0.386340505865024,-0.202308902909155,0.252841711683933,0.0252664043873888,-0.396605129149626,-0.0897734876511257,-0.243189308400376,-0.271276593855471,0.183942322492719,-0.043667135681376,-0.048230846645879,0.434668825766752,0.193218989560437,-0.285565212228686,0.142608682058638,-0.0714782650850242,-0.39637251813185,-0.00878752975358623,-0.202580023942718,65.7161539871795
179,2.09312957642611,8.47610119280466,5.28461538461538,-0.0730302819096627,0.75878398736452,0.342876852727429,-0.237565690172431,0.199869614947236,-0.0188480376125978,-0.384064709731889,-0.0620172179849919,-0.22304096385844,-0.266640770643887,0.148680667514005,-0.0589800515649409,-0.0663248106306937,0.425223402428212,0.179449295898759,-0.31324322671694,0.0952492441551472,-0.108996991280896,-0.358462151106014,0.0131146005859689,-0.172673775260023,65.8158974871795
180,2.05309007868621,8.56742274182661,5.31025641025641,-0.129099856137993,0.462021173284468,0.166460658573238,-0.26204383273727,0.149498814196346,-0.0562725092704619,-0.362541506021505,0.0131340034902684,-0.174703751265618,-0.270964026651745,0.110019266364056,-0.0804723801438445,-0.0492836930393373,0.442051844301357,0.19638407563101,-0.294147354121653,0.140638009807097,-0.0767546721572783,-0.396021992151204,-0.00944428610817172,-0.202733139129688,65.9158975641026
181,2.04383244791456,8.7151419110598,5.37948717948718,-0.0529513384474456,0.418662739472261,0.182855700512408,-0.308198785020429,0.124091348414996,-0.0920537183027165,-0.360870776406921,0.0198448139301707,-0.170512981238375,-0.261274632961981,0.182475810096097,-0.0393994114329421,-0.0641933417910341,0.427626778449332,0.181716718329149,-0.226329983610734,0.277511110252717,0.0255905633209913,-0.43857451087703,-0.00332681735728639,-0.220950664117158,66.016153948718
182,2.01290560069874,8.76658157878844,5.38974358974359,-0.0600220120824712,0.43422332156945,0.18710065474349,-0.305423409369715,0.155759877267613,-0.074831766051051,-0.378675191404972,-0.0123731058265864,-0.195524148615779,-0.279002318536387,0.147364541666596,-0.0658188884348954,-0.0973633734486834,0.373279326627549,0.137957976589433,-0.202219401761493,0.369756404594805,0.0837685014166559,-0.434891538155999,0.0139516960126194,-0.21046992107169,66.1158977948718
183,2.05650314863315,8.84606095393095,5.45128205128205,-0.0438620986018818,0.4799599104936,0.218048905945859,-0.285891078533845,0.19227543697354,-0.0468078207801526,-0.375047215573423,-0.0277641711894638,-0.201405693381444,-0.286550099715901,0.0833404682924891,-0.101604815711706,-0.0827444225145037,0.363251923495061,0.140253750490279,-0.217356422484873,0.409769752055274,0.0962066647852004,-0.392549162354164,0.0415323495485224,-0.175508406402821,66.2161540384615
184,2.15482249009004,8.78876725349971,5.47179487179487,-0.03215717187636,0.541643999008215,0.254743413565927,-0.261844036346932,0.235809829724524,-0.013017103311204,-0.337208630386451,0.0280213063886784,-0.154593661998886,-0.308193156102502,-0.0487160098731777,-0.17845458298784,-0.0186951915938131,0.457178759665146,0.219241784035666,-0.298744369392985,0.284407976980858,-0.00716819620606355,-0.343878890871213,0.0810632682491632,-0.131407811311025,66.3161538974359
185,2.06928389723131,8.49481866687125,5.28205128205128,-0.00318112310543191,0.602041824913238,0.299430350903903,-0.286836696385289,0.175839273009416,-0.0554987116879368,-0.31331956280441,0.0651114635960244,-0.124104049604193,-0.320334924353371,-0.0782848651646097,-0.19930989475899,0.121988907317091,0.603501458966902,0.362745183141996,-0.351198278019098,0.153975622116973,-0.0986113279510628,-0.321051316562061,0.100766748626444,-0.110142283967809,66.4161539358975
186,1.81137839869509,8.23990365258696,5.02564102564103,0.0138917102755183,0.633386330229699,0.323639020252609,-0.322377514892653,0.0505663805995545,-0.135905567146549,-0.280902624417729,0.133189547012967,-0.073856538702381,-0.333315539308877,-0.0546752323382188,-0.193995385823548,0.157037861725584,0.650151014270934,0.403594437998259,-0.329240842179491,0.131831681717838,-0.0987045802308262,-0.341555735470291,0.0848111323307029,-0.128372301569794,66.5164103076923
187,1.83890978444179,8.32519277966078,5.08205128205128,-0.0487868637938101,0.484117215881996,0.217665176044093,-0.387124832907918,-0.064559430086444,-0.225842131497181,-0.271096414730658,0.189346475324168,-0.040874969703245,-0.376146139813917,-0.0252125912945782,-0.200679365554248,0.104022890665657,0.587632878303564,0.345827884484611,-0.256335111060128,0.227293057086839,-0.0145210269866445,-0.365209444653963,0.0645510616051084,-0.150329191524427,66.6164104102564
188,2.33450797524016,9.16292792219574,5.74871794871795,-0.117638523671075,0.361559342054738,0.121960409191832,-0.396701927119997,-0.0790946648381452,-0.237898295979071,-0.247393939815877,0.198181874307805,-0.0246060327540358,-0.390484402324315,0.00276674457064491,-0.193858828876835,0.0223401983367188,0.517149066227456,0.269744632282087,-0.152225122501691,0.331018445879969,0.0893966616891389,-0.37148216438087,0.047007444185631,-0.162237360097619,66.7161539230769
189,2.68348716594643,9.92164103918178,6.3025641025641,-0.0817018654308409,0.447247549194502,0.182772841881831,-0.388331532481708,-0.0509393659978635,-0.219635449239786,-0.249189750798413,0.144236274923248,-0.0524767379375826,-0.364836078317564,-0.0477302173894325,-0.206283147853498,-0.00252130735544861,0.475059236649296,0.236268964646923,-0.155490900174544,0.301879266252157,0.0731941830388062,-0.347500914786432,0.0732464892834921,-0.13712721275147,66.8161540128205
190,2.68759704305499,10.2457362902783,6.46666666666667,-0.0852647881969699,0.480589610736751,0.197662411269891,-0.351342101110553,0.0465355221061271,-0.152403289502213,-0.248125779442604,0.136910845947495,-0.0556074667475544,-0.342427966885127,-0.0667974630719695,-0.204612714978548,0.000817847157597042,0.451306069128975,0.226061958143286,-0.18687812824993,0.257233616604026,0.035177744177048,-0.353300362335279,0.079424166457478,-0.136938097938901,66.9164103076923
191,2.75077046210871,10.541537230199,6.64615384615385,-0.131235489234487,0.500793137987249,0.184778824376381,-0.314300228243978,0.117762071105987,-0.0982690785689957,-0.21945307351586,0.163375825647714,-0.0280386239340732,-0.328555470704436,-0.0673287780826106,-0.197942124393523,-0.0197032922929415,0.413657980760566,0.196977344233812,-0.209852938186276,0.229857744714619,0.0100024032641712,-0.366383393893714,0.057031194491225,-0.154676099701244,67.0164103076923
192,2.77822042901597,10.821779570984,6.8,-0.18781392273429,0.383436387363677,0.0978112323146936,-0.298219345191106,0.127009225309998,-0.0856050599405537,-0.184706399379278,0.200745855675774,0.00801972814824811,-0.306067267397482,-0.0134833584502687,-0.159775312923875,-0.0501947066120361,0.364483919443943,0.157144606415953,-0.200802536781051,0.222530761573268,0.0108641123961085,-0.417192130380801,-0.00983097297367909,-0.21351155167724,67.1164103076923
193,2.87744340318943,11.1123001865542,6.9948717948718,-0.11840693911289,0.403125818167012,0.142359439527061,-0.267579694355712,0.146388272284429,-0.0605957110356413,-0.195799138080591,0.176655108765626,-0.00957201465748242,-0.292668168312272,-0.00116956677783824,-0.146918867545055,-0.125954587862726,0.285820735288729,0.0799330737130016,-0.223123601526849,0.179160942344813,-0.0219813295910176,-0.455283436250426,-0.0654312124533787,-0.260357324351903,67.2164106666667
194,2.91852092615609,11.3789149712798,7.14871794871795,-0.102813806255686,0.382059836202698,0.139623014973506,-0.248834304690047,0.163369240085585,-0.0427325323022308,-0.242626572437319,0.119145855919852,-0.0617403582587337,-0.277165731078081,0.0132378592726329,-0.131963935902724,-0.195258071874187,0.238566968140769,0.021654448133291,-0.280043178315171,0.131089340738268,-0.0744769187884515,-0.42788177007813,-0.0355700446161556,-0.231725907347143,67.3164103589744
195,2.70815901033401,11.1995332973583,6.95384615384615,-0.121806425845993,0.339937477636998,0.109065525895502,-0.212618185780246,0.196929037789829,-0.00784457399520833,-0.237829170977878,0.107760989330697,-0.0650340908235906,-0.289038523595517,0.0206964537851949,-0.134171034905161,-0.251099820996036,0.203268811141576,-0.0239155049272298,-0.297531712288354,0.144181451386883,-0.0766751304507356,-0.430650457862016,-0.0415844456908903,-0.236117451776453,67.4158976410257
196,2.69312162108913,11.2145706866032,6.95384615384615,-0.113396074349209,0.359505044406795,0.123054485028793,-0.211202082437779,0.186883147923446,-0.0121594672571663,-0.259682169285149,0.1142489763315,-0.0727165964768245,-0.292288466060834,0.0378037950942272,-0.127242335483303,-0.261795840358576,0.200746800344959,-0.0305245200068083,-0.247811228042068,0.200713978191786,-0.0235486249251409,-0.413772000666874,-0.00162846086805784,-0.207700230767466,67.5158975128205
197,2.65807703480129,11.2291024523782,6.94358974358974,-0.0554017260283971,0.489424553669793,0.217011413820698,-0.242511714408098,0.205140570874269,-0.0186855717669144,-0.260501799553267,0.105683274590238,-0.0774092624815146,-0.328155081843982,0.0262626463331377,-0.150946217755422,-0.254045246256024,0.221382152109059,-0.0163315470734824,-0.216747647311437,0.221118399078644,0.00218537588360371,-0.398679317149203,0.0360044553432955,-0.181337430902954,67.6164103589744
198,2.67034222328413,11.4629911100492,7.06666666666667,0.0135504252738797,0.571598869566545,0.292574647420212,-0.264836197928091,0.185969080477779,-0.039433558725156,-0.309907672175416,0.0423775787028525,-0.133765046736282,-0.344592422892891,0.0243388350571341,-0.160126793917879,-0.245714914335997,0.22257120224998,-0.0115718560430087,-0.202317907119375,0.224304567623418,0.0109933302520215,-0.360789988347744,0.11640424464659,-0.122192871850577,67.7161538461539
199,2.90061106035088,11.8481068883671,7.37435897435898,0.0299423450836313,0.564403196363223,0.297172770723427,-0.250401989135378,0.144100607093602,-0.053150691020888,-0.372132982419981,-0.0293656831225227,-0.200749332771252,-0.337815803240215,0.0429805918581461,-0.147417605691034,-0.200600317042774,0.283574102000422,0.0414868924788242,-0.247035865197027,0.174638594257995,-0.0361986354695158,-0.363701339000659,0.119155520677584,-0.122272909161538,67.815897525641
200,3.13149879205099,12.0326037720516,7.58205128205128,-0.0969940523383062,0.432811444090997,0.167908695876345,-0.212879783075954,0.151939435890619,-0.0304701735926677,-0.418587237780215,-0.090211321897838,-0.254399279839027,-0.290099169943947,0.0782398442343664,-0.10592966285479,-0.1503859112555,0.319704869567427,0.0846594791559638,-0.264694880446592,0.193642291164593,-0.0355262946409993,-0.380607500753945,0.0811497464816632,-0.149728877136141,67.915897474359
201,3.17055360724968,11.6730361363401,7.42179487179487,-0.200036501171592,0.361745861108014,0.0808546799682108,-0.219752489851895,0.14032579446999,-0.0397133476909524,-0.405076626145689,-0.0849397269207773,-0.245008176533233,-0.286867163873514,0.162223441679271,-0.0623218610971214,-0.0707375134557232,0.421052398501777,0.175157442523027,-0.277011424871643,0.223228651818504,-0.0268913865265695,-0.378833132344813,0.0740307973344608,-0.152401167505176,68.0161538846154
202,2.84905769876245,10.638121788417,6.74358974358974,-0.19858747724689,0.310421333413654,0.0559169280833821,-0.266720790805406,0.102981967744329,-0.0818694115305385,-0.373022680472337,-0.0469814111075296,-0.210002045789933,-0.311752755663181,0.140243805947264,-0.0857544748579586,-0.0625163330920967,0.433345385976661,0.185414526442282,-0.29393177906706,0.239897800552593,-0.0270169892572332,-0.377589315519718,0.100409245656119,-0.1385900349318,68.1164104615385
203,2.17448738483346,9.53833312798705,5.85641025641026,-0.125542157214624,0.325961312773412,0.100209577779394,-0.354523687961278,0.00353651938607575,-0.175493584287601,-0.304750130548162,-0.00714899576831559,-0.155949563158239,-0.310003720614081,0.102048469134397,-0.103977625739842,-0.0678466529990058,0.424484862525488,0.178319104763241,-0.319104848975459,0.178475198940886,-0.0703148250172862,-0.393616077695226,0.101971111677844,-0.145822483008691,68.2164102564103
204,1.83562193468966,9.17976268069495,5.50769230769231,-0.134828607371177,0.369056889389653,0.117114141009238,-0.358420330884485,-0.00396947496618667,-0.181194902925336,-0.302844162648221,-0.00887566248512089,-0.155859912566671,-0.337936469758057,0.122969559653143,-0.107483455052457,-0.122280798792993,0.344436354418966,0.111077777812986,-0.353719206108167,0.0940539160029765,-0.129832645052595,-0.453796041627667,0.0565172863902336,-0.198639377618717,68.3161538461538
205,1.79282052550472,9.19179485911066,5.49230769230769,-0.181998076782392,0.289322481477508,0.0536622023475581,-0.352013199849704,0.0165335790454091,-0.167739810402148,-0.295911900351706,0.0224547556427704,-0.136728572354468,-0.360225810038604,0.146828426767501,-0.106698691635551,-0.116080724767572,0.342683426429479,0.113301350830954,-0.360328346004468,0.0591586984973281,-0.15058482375357,-0.463456386204434,0.0162262249133816,-0.223615080645526,68.4161539358975
206,1.7572555680487,9.15556494477182,5.45641025641026,-0.213083185105743,0.192206640407192,-0.0104382723492755,-0.351300505646069,0.0337512140032071,-0.158774645821431,-0.305107869907738,0.0344768484238424,-0.135315510741948,-0.31667617196111,0.0818970809978602,-0.117389545481625,-0.11407932931779,0.346850306818209,0.11638548875021,-0.335391835393131,0.0813065996325802,-0.127042617880275,-0.438506065000012,0.0509309213036691,-0.193787571848171,68.5164102564103
207,1.74446311321279,9.20425483550516,5.47435897435897,-0.198617250809305,0.195666463709641,-0.00147539354983244,-0.370019602008305,0.0315003775302815,-0.169259612239012,-0.276349212095757,0.0465421626134205,-0.114903524741168,-0.297083599698425,-0.0206375116214555,-0.15886055565994,-0.143260433668104,0.337329501647333,0.0970345339896149,-0.293715954621431,0.121226089258081,-0.0862449326816747,-0.386549046899303,0.110768335998158,-0.137890355450573,68.6156412307692
208,1.75964882177532,9.31727425514776,5.53846153846154,-0.195578480613144,0.177356857894792,-0.00911081135917574,-0.414754712639404,0.0154212759682184,-0.199666718335593,-0.24100979268421,0.0965574766573144,-0.0722261580134475,-0.28662795145106,-0.00974478205634818,-0.148186366753704,-0.181092418123525,0.320522548654897,0.0697150652656861,-0.241855637729207,0.15205791089569,-0.0448988634167586,-0.314734352288083,0.151933442710383,-0.0814004547888503,68.7156413333333
209,2.19477200767739,9.96933055642518,6.08205128205128,-0.146496691633943,0.29097641077248,0.0722398595692682,-0.447515689484446,-0.00924449150849846,-0.228380090496472,-0.158315989326194,0.200786367709017,0.0212351891914115,-0.281446086501636,-0.0503350545763166,-0.165890570538976,-0.26344063088805,0.215465964734145,-0.0239873330769523,-0.209832687452838,0.187793169418082,-0.011019759017378,-0.314795332018157,0.104671984864015,-0.105061673577071,68.8158974871795
210,2.47440067825398,10.5820095781563,6.52820512820513,-0.150705259476275,0.29008761913237,0.0696911798280478,-0.498559386011384,-0.0607862751441189,-0.279672830577751,-0.0767857245469674,0.309043268033822,0.116128771743427,-0.27594929330748,-0.0483764117832012,-0.162162852545341,-0.312669635894668,0.139154015961702,-0.0867578099664828,-0.208980534824958,0.206247725585393,-0.00136640461978211,-0.307416940588337,0.079523125813039,-0.113946907387649,68.9156411410257
211,2.59649797983149,11.3522199688865,6.97435897435897,-0.127908865196889,0.299580864677686,0.0858359997403984,-0.495504784676746,-0.0778746426269979,-0.286689713651872,-0.0475406614743872,0.393829437725072,0.173144388125342,-0.248637998159393,0.0666868621834759,-0.0909755679879586,-0.42174344204099,-0.015535262173906,-0.218639352107448,-0.177364329821719,0.256651461116731,0.039643565647506,-0.286554290094162,0.0976718682083275,-0.0944412109429174,69.0158975769231
212,2.6428998243439,11.7981258166817,7.22051282051282,-0.194456012110586,0.145993667075427,-0.0242311725175796,-0.496345704906497,-0.0852806215577659,-0.290813163232131,-0.0827215948607733,0.374542315828232,0.145910360483729,-0.167727947362411,0.277075945277934,0.0546739989577615,-0.423666331631323,-0.0282430205310975,-0.22595467608121,-0.178338142927825,0.275473811525448,0.0485678342988111,-0.204605707268056,0.190716331661459,-0.0069446878032985,69.1161542051282
213,2.8562500413883,12.025801240663,7.44102564102564,-0.221855055570259,0.0917238058429631,-0.065065624863648,-0.513417360323214,-0.109705509236294,-0.311561434779754,-0.102165931635942,0.375026990338704,0.136430529351381,-0.138434342131991,0.490649357220718,0.176107507544363,-0.429463422399595,-0.0367957556815559,-0.233129589040575,-0.149343055282288,0.305755905970523,0.0782064253441172,-0.175225947905051,0.225860920960533,0.0253174865277406,69.2161538461539
214,3.00855256654376,12.1452935873024,7.57692307692308,-0.215833953991088,0.109693145599064,-0.053070404196012,-0.545446371544785,-0.131619085762911,-0.338532728653848,-0.0838063187964222,0.359869942524712,0.138031811864145,-0.125566732945458,0.516303056638729,0.195368161846635,-0.438158261297636,-0.0676228479432615,-0.252890554620449,-0.1251784638484,0.268920504174165,0.0718710201628825,-0.187662373463915,0.206905512095218,0.00962156931565168,69.3153850128205
215,3.5216213123577,12.7911992004628,8.15641025641026,-0.187437871589847,0.171969437962629,-0.00773421681360908,-0.561936617996569,-0.133425550586219,-0.347681084291394,-0.0381945933506628,0.428454288630705,0.195129847640021,-0.117529277531758,0.4101485767221,0.146309649595171,-0.474070611518644,-0.110090255339045,-0.292080433428845,-0.080052437372017,0.275960877745184,0.0979542201865835,-0.223006801337231,0.199912834200872,-0.0115469835681794,69.4153848205128
216,3.65593032076941,12.6004799356409,8.12820512820513,-0.179610334782392,0.184285078357505,0.0023373717875566,-0.55821002075701,-0.0575488314428711,-0.307879426099941,-0.0667550751447558,0.397280307184428,0.165262616019836,-0.0838511628048163,0.312412964049269,0.114280900622226,-0.525989598260305,-0.145767829811889,-0.335878714036097,-0.100105396932604,0.276061306346305,0.0879779547068503,-0.19637831174668,0.256922553781157,0.0302721210172386,69.5161541282051
217,3.19775011802851,11.5714806512023,7.38461538461538,-0.162846207507843,0.249757684127752,0.0434557383099545,-0.530552582764148,-0.0194565540883533,-0.275004568426251,-0.0585608282460736,0.426497635950999,0.183968403852462,-0.0826439797146188,0.509144950922274,0.213250485603828,-0.534862452706281,-0.141089406742468,-0.337975929724374,-0.118736639729921,0.332316592879186,0.106789976574632,-0.13512266650215,0.32635079177558,0.0956140626367151,69.6158974358974
218,2.90042287742398,11.2841925071914,7.09230769230769,-0.185435980849474,0.318067269627342,0.0663156443889341,-0.485234446080299,-0.00873195674560664,-0.246983201412953,-0.0388835283356803,0.483290512909069,0.222203492286694,-0.0770326460419627,0.618662729445225,0.270815041701631,-0.5193285082538,-0.124261889995,-0.3217951991244,-0.120229580411392,0.349852336341534,0.114811377965071,-0.0745034835503762,0.40001105698585,0.162753786717737,69.7156411923077
219,2.68758967521939,11.2303590427293,6.95897435897436,-0.214409827391993,0.314290324770885,0.0499402486894461,-0.450845928964265,-0.0279229023181494,-0.239384415641207,-0.0108889904567512,0.535145824857837,0.262128417200543,-0.0755385199573669,0.571549566354333,0.248005523198483,-0.47470654690706,-0.0632169998317908,-0.268961773369425,-0.111921875733791,0.374117780785828,0.131097952526019,-0.0445638178062231,0.435672176316958,0.195554179255368,69.8161539871795
220,2.62149513643235,11.2451715302343,6.93333333333333,-0.244905946684597,0.324215687973448,0.0396548706444254,-0.42964459292598,-0.0129405010356717,-0.221292546980826,0.00499883482558582,0.546070967379404,0.275534901102495,-0.101994145780115,0.459907509231392,0.178956681725638,-0.432169401314203,-0.000578913241395134,-0.216374157277799,-0.122218666688096,0.407698694238569,0.142740013775237,-0.0846556600708063,0.384822180616673,0.150083260272933,69.9161538974359
221,2.63890615733695,11.3610938426631,7,-0.286101758623197,0.272136827842043,-0.00698246539057709,-0.383155446485524,0.0651410613381397,-0.159007192573692,-0.0419203967370096,0.496123298438957,0.227101450850974,-0.133088791290257,0.381727454997919,0.124319331853831,-0.394978612261018,0.0449730215467668,-0.175002795357126,-0.13378730192493,0.410213143969528,0.138212921022299,-0.114884651665797,0.359630397349962,0.122372872842083,70.0156411025641
222,2.65872821872147,11.4643487043555,7.06153846153846,-0.273359086034074,0.311567939986764,0.0191044269763455,-0.355378551347519,0.137258276321781,-0.109060137512869,-0.0612265128173768,0.476853050578592,0.207813268880608,-0.156350343675045,0.272482847933064,0.0580662521290098,-0.401572454028507,0.0506555298562037,-0.175458462086152,-0.15210906185504,0.383987976621372,0.115939457383166,-0.146526945094509,0.314965959259709,0.0842195070825996,70.1156411025641
223,2.65557777853514,11.4880119650546,7.07179487179487,-0.258884001299524,0.302440296898807,0.0217781477996412,-0.30534272660393,0.187986715666447,-0.0586780054687415,-0.075193695754572,0.449129390638612,0.18696784744202,-0.151888443024695,0.263929079440599,0.0560203182079519,-0.439604488914387,0.0538412040692722,-0.192881642422557,-0.190000439698527,0.292210375558101,0.0511049679297869,-0.118894048340331,0.315165967599607,0.0981359596296381,70.215897525641
224,2.65783568645268,11.5011386725217,7.07948717948718,-0.217888817484265,0.246997828806336,0.0145545056610355,-0.312874785822141,0.192853815675532,-0.0600104850733045,-0.0558619845853926,0.46396547631625,0.204051745865429,-0.168223643244201,0.227582127590537,0.0296792421731684,-0.504370261993489,0.0384439926401469,-0.232963134676671,-0.213760018370611,0.269765483486077,0.0280027325577329,-0.116979576976922,0.292765947798775,0.0878931854109267,70.3158976153846
225,2.4836439459854,11.1317406693992,6.80769230769231,-0.262571270622136,0.132128944852652,-0.065221162884742,-0.310749005671353,0.202161494460733,-0.05429375560531,-0.051504018358518,0.441537528518669,0.195016755080075,-0.133059628536723,0.306695080979281,0.0868177262212791,-0.529681244596016,0.0604822596197896,-0.234599492488113,-0.206833515164661,0.254885295864889,0.0240258903501143,-0.0706743724497142,0.352650190960604,0.140987909255445,70.4161539358974
226,1.94769972958011,10.2676848858045,6.10769230769231,-0.276402995822656,0.0927555066066448,-0.0918237446080056,-0.306417602983543,0.199505932758351,-0.0534558351125962,-0.0596507419094491,0.392233262515585,0.166291260303068,-0.148327300784296,0.245730929074634,0.0487018141451688,-0.484807749872108,0.10328448088603,-0.190761634493039,-0.215485032047734,0.225432569637477,0.00497376879487131,-0.0492119927503229,0.39664622536159,0.173717116305634,70.5164103589744
227,1.89575696428911,10.1042430357109,6,-0.309042584125078,0.0580174541962168,-0.125512564964431,-0.311674924113098,0.175149930475651,-0.0682624968187233,-0.10254763799242,0.348477115052338,0.122964738529959,-0.141259925450835,0.309725356058131,0.0842327153036481,-0.391518382632287,0.159189932495661,-0.116164225068313,-0.243446060039397,0.167258668825052,-0.0380936956071724,-0.00913173166625571,0.423582472740207,0.207225370536975,70.6161538974359
228,2.00060464083022,10.2250363848108,6.11282051282051,-0.255921884489985,0.169854913665005,-0.0430334854124902,-0.311597864767218,0.17248183374648,-0.0695580155103693,-0.0956587316951631,0.332599504668342,0.11847038648659,-0.149516127342724,0.367177430954476,0.108830651805876,-0.349307629979566,0.151263903676489,-0.0990218631515381,-0.292244478808151,0.113624409655217,-0.089310034576467,-0.0532908659058171,0.363662231928936,0.15518568301156,70.715897474359
229,2.06630328569442,10.3285685091774,6.1974358974359,-0.214357985063814,0.275416436731294,0.0305292258337399,-0.33693794364813,0.114073514385307,-0.111432214631411,-0.0458726436867866,0.40020072934422,0.177164042828716,-0.127819366912364,0.382980388149263,0.12758051061845,-0.352746490954061,0.112463257710797,-0.120141616621632,-0.264992837164282,0.155248612360326,-0.0548721124019779,-0.0882949314390599,0.303321518898149,0.107513293729544,70.8158975769231
230,2.14667965760839,10.4251152141865,6.28589743589744,-0.231587042222016,0.272469103293549,0.0204410305357664,-0.33552371610465,0.128002055327674,-0.103760830388488,9.75474314051866e-05,0.438188891875173,0.219143219653289,-0.143162999025348,0.316240789643365,0.0865388953090085,-0.383531007951674,0.0385640569797326,-0.172483475485971,-0.21846392879077,0.201658991360729,-0.00840246871502053,-0.0827447828990871,0.319543216113154,0.118399216607034,70.9161538846154
231,2.28989814275278,10.5818967290421,6.43589743589744,-0.202222502289889,0.270313229336007,0.034045363523059,-0.308792997215036,0.134207354410264,-0.0872928214023863,0.0177152657457656,0.418441474365351,0.218078370055558,-0.172666316116753,0.263096482938098,0.0452150834106726,-0.359754459809232,0.0574126044536322,-0.1511709276778,-0.224835668513213,0.174162101471288,-0.0253367835209624,-0.0579969605675638,0.359328711823464,0.15066587562795,71.016154
232,2.42933358869834,10.7706664113017,6.6,-0.281699378921475,0.103905771377517,-0.0888968037719788,-0.2931529003975,0.161257486129099,-0.0659477071342008,0.0072906833523731,0.401789258814022,0.204539971083197,-0.227584113398801,0.193155396021538,-0.0172143586886317,-0.330364236806394,0.117822221095192,-0.106271007855601,-0.2490741999184,0.140811519890819,-0.0541313400137901,-0.0222863420859015,0.412912174797197,0.195312916355648,71.1161541282051
233,2.54415268615645,10.943026801023,6.74358974358974,-0.288542936995867,0.128102270556493,-0.0802203332196869,-0.247411854881211,0.193883137899571,-0.0267643584908201,0.0110229310208186,0.413485788847602,0.21225435993421,-0.225439204110215,0.202758994696173,-0.0113401047070213,-0.256160544951008,0.234026651276107,-0.0110669468374508,-0.26126545751851,0.138035769820642,-0.0616148438489344,-0.0986147979793035,0.360084157743385,0.130734679882041,71.2161541025641
234,2.64267888019082,11.0906544531425,6.86666666666667,-0.322575312940596,0.0910702051722538,-0.115752553884171,-0.26678747578812,0.168759899189437,-0.0490137882993417,-0.0209131101823721,0.417405524408088,0.198246207112858,-0.232901799135152,0.171994528695454,-0.0304536352198487,-0.213370533767835,0.296876341845781,0.0417529040389728,-0.20988080301632,0.253839317333613,0.0219792571586464,-0.114686868357661,0.358373260935203,0.121843196288771,71.3156412820513
235,2.70731708558418,11.1593495810825,6.93333333333333,-0.2656301185423,0.166548075460542,-0.0495410215408791,-0.302708841389894,0.11399693796443,-0.0943559517127317,-0.101309673517497,0.331043135672401,0.114866731077452,-0.220726774779732,0.16148666065119,-0.0296200570642713,-0.148496961672272,0.410846168681012,0.13117460350437,-0.163233329937698,0.335153960623459,0.0859603153428803,-0.0539167171647203,0.433449786619624,0.189766534727452,71.4158976794872
236,2.78800203311544,11.2530236079102,7.02051282051282,-0.275371811985939,0.469243458840801,0.096935823427431,-0.332217838841217,0.0628578005900586,-0.134680019125579,-0.16110867599532,0.223145053485851,0.0310181887452657,-0.17599816476926,0.210989237024061,0.0174955361274003,-0.156213035611018,0.445363122523442,0.144575043456212,-0.117059207156219,0.384701315257873,0.133821054050827,-0.00935903205878067,0.473562548470421,0.23210175820582,71.5164103589744
237,2.95405776120015,11.4356858285434,7.1948717948718,-0.210080241716044,0.419178045915499,0.104548902099728,-0.293433528205475,0.130100674973727,-0.0816664266158736,-0.175045286162706,0.187867852085526,0.00641128296140964,-0.161696583637008,0.19520844071628,0.0167559285396361,-0.14110092724695,0.449284499324179,0.154091786038615,-0.130372022141287,0.3457895362014,0.107708757030057,0.0192781344033839,0.494915472182249,0.257096803292816,71.6164102564103
238,2.9466482612943,11.3918132771672,7.16923076923077,-0.219003415227149,0.313442121469822,0.0472193531213364,-0.269966389005752,0.171621520160639,-0.0491724344225565,-0.173693888138169,0.201289265610912,0.0137976887363713,-0.152930016625669,0.231879143360854,0.039474563367592,-0.176971849450788,0.361405486756445,0.0922168186528285,-0.109635793071286,0.342980821535268,0.116672514231991,0.0800977274269893,0.514616459628455,0.297357093527722,71.7164102564103
239,2.92511399464172,11.3005270309993,7.11282051282051,-0.184700454282637,0.291684947011707,0.0534922463645348,-0.191045177762613,0.299280739741644,0.0541177809895153,-0.162230233385298,0.215439004300956,0.0266043854578293,-0.110540645541256,0.343438397557211,0.116448876007977,-0.223535104588438,0.290212879102911,0.0333388872572366,-0.141106597263115,0.309521718933457,0.0842075608351713,0.0459306973762151,0.477610376017058,0.261770536696637,71.8164103589744
240,2.93517933048948,11.300718105408,7.11794871794872,-0.150706513604179,0.34917169846197,0.0992325924288954,-0.150041396176173,0.367023650692747,0.108491127258287,-0.11916436092593,0.242714635263616,0.0617751371688432,-0.0198295867385,0.501277454156004,0.240723933708752,-0.23079747472356,0.272551542509813,0.0208770338931267,-0.232231743538563,0.214490154829864,-0.00887079435434977,-0.0390712475184982,0.424147696646673,0.192538224564088,71.916154
241,2.58957866390647,10.797600823273,6.69358974358974,-0.161874430325254,0.365110672118421,0.101618120896583,-0.138847774044682,0.511506483779694,0.186329354867506,-0.117236089364315,0.281796341164983,0.082280125900334,-0.0325721404801952,0.463189902800494,0.21530888116015,-0.209549288975974,0.32132422481918,0.0558874679216033,-0.296707068660865,0.126486843705788,-0.0851101124775384,-0.0963406790407118,0.375667851393026,0.139663586176157,72.0161539871795
242,2.29554718959092,10.3300938360501,6.31282051282051,-0.157015029259203,0.42801366391166,0.135499317326229,-0.183055614683473,0.570997772303206,0.193971078809866,-0.110737474434448,0.298234428511965,0.0937484770387589,-0.0784598216422098,0.361603078260902,0.141571628309346,-0.207163806231449,0.322036156851315,0.0574361753099333,-0.301890794534408,0.09680488380747,-0.102542955363469,-0.100200322171285,0.375368770687135,0.137584224257925,72.1161538974359
243,2.19257800509584,10.1869091743913,6.18974358974359,-0.224460088675883,0.346344559784641,0.0609422355543792,-0.200658872447166,0.475573175156298,0.137457151354566,-0.113256094487383,0.339575057470156,0.113159481491387,-0.0812382572779338,0.330672828981865,0.124717285851966,-0.25534687747761,0.263403155425012,0.00402813897370134,-0.224349331436829,0.142214771888989,-0.0410672797739202,-0.14298140535542,0.338146135168985,0.0975823649067824,72.2161538846154
244,2.24021794279065,10.3341410315683,6.28717948717949,-0.258763385591521,0.254291969481652,-0.00223570805493464,-0.203127697830091,0.351064801891826,0.0739685520308677,-0.170029272278183,0.35582444315615,0.0928975854389834,-0.0817824295536219,0.399310305612014,0.158763938029196,-0.327873344021876,0.187827944380645,-0.0700226998206156,-0.187056026592409,0.192177404754844,0.00256068908121745,-0.19686075610247,0.293412845827834,0.0482760448626821,72.3164103076923
245,2.43333680408218,10.6538426830973,6.54358974358974,-0.224243184579217,0.263912261989154,0.0198345387049686,-0.253937068024755,0.200636458792907,-0.0266503046159237,-0.178596159596169,0.371079332016252,0.0962415862100414,-0.109734702289697,0.540308968695535,0.215287133202919,-0.345520850419862,0.17487605354145,-0.0853223984392061,-0.199067469572847,0.215508651594927,0.00822059101103985,-0.189783289506385,0.281412792578795,0.0458147515362047,72.416154
246,2.45977339515158,10.729970194592,6.5948717948718,-0.206185651939989,0.293930191793416,0.0438722699267136,-0.279777686586495,0.111726284281268,-0.0840257011526136,-0.150522725559809,0.40390826597462,0.126692770207405,-0.130600021885606,0.909026625905656,0.389213302010025,-0.360486752123792,0.128646298196711,-0.11592022696354,-0.219869713043533,0.199305236866627,-0.010282238088453,-0.188871178268894,0.288255732495864,0.0496922771134851,72.5161538846154
247,2.46141485728039,10.7693543734888,6.61538461538462,-0.212151639651652,0.450639678639038,0.119244019493693,-0.342105913242378,0.0471501382413524,-0.147477887500513,-0.148414485766729,0.485726788759566,0.168656151496418,-0.187041697619954,0.803549162636142,0.308253732508094,-0.358806895498657,0.106633555153695,-0.126086670172481,-0.198346108686473,0.211860743488904,0.00675731740121509,-0.177460934861288,0.309277899766578,0.0659084824526451,72.6164103076923
248,2.24372217903342,10.5562778209666,6.4,-0.161382800002307,0.51598933778709,0.177303268892391,-0.394401786074232,-0.00624325631120384,-0.200322521192718,-0.150685015990862,0.502801975259135,0.176058479634137,-0.21978607876167,0.685619985246149,0.232916953242239,-0.326150024759253,0.101064138999946,-0.112542942879654,-0.213685382476787,0.20094798777888,-0.00636869734895334,-0.217780497432145,0.289086183586648,0.0356528430772517,72.7161538461539
249,2.24376008074458,10.545983508999,6.3948717948718,-0.10347182371051,0.594921061946629,0.24572461911806,-0.388717658234021,-0.0205088643270791,-0.20461326128055,-0.134058741284971,0.423811762402494,0.144876510558761,-0.231780156439606,0.465742173579584,0.116981008569989,-0.326658183168901,0.0921223844304531,-0.117267899369224,-0.239368080398376,0.196051670953936,-0.02165820472222,-0.201090800931056,0.327200625626086,0.0630549123475148,72.815897474359
250,2.07538883424538,10.2733291144726,6.17435897435898,-0.0601433314032165,0.68604486460929,0.312950766603037,-0.397463935643672,0.105975205352572,-0.14574436514555,-0.102082236116443,0.40129926152364,0.149608512703598,-0.179055813235166,0.42551474982502,0.123229468294927,-0.382590435583612,0.0403835992038214,-0.171103418189895,-0.263526219587939,0.233683542888041,-0.0149213383499493,-0.0793301879090807,0.450016548227763,0.185343180159341,72.9161539230769
251,1.83040677388587,9.95420861072951,5.89230769230769,0.0296356924508851,0.817013664467778,0.423324678459331,-0.418394993593275,0.198249536372841,-0.110072728610217,-0.0925027237967581,0.450650412410638,0.17907384430694,-0.161445199975531,0.425825886880732,0.132190343452601,-0.457770306199487,-0.026254381801306,-0.242012344000397,-0.225891667754907,0.296996897475152,0.0355526148601223,-0.0752120334205028,0.479580979175649,0.202184472877573,73.0161541025641
252,1.58366299313824,9.43428572481048,5.50897435897436,0.104205281730462,0.93742313959586,0.520814210663161,-0.421514980720544,0.233796109333372,-0.0938594356935863,-0.104303078707226,0.45209937815388,0.173898149723327,-0.213636720154512,0.370278712807943,0.0783209963267153,-0.469784637108558,-0.0180741385734299,-0.243929387840994,-0.19468189544247,0.339528787799279,0.0724234461784045,-0.097493259336959,0.430742365044015,0.166624552853528,73.1161539102564
253,1.18827323070613,8.9348036923708,5.06153846153846,0.0662862111529023,0.816739190443306,0.441512700798104,-0.387099207937775,0.219070216768582,-0.0840144955845966,-0.156600478488658,0.360245426046526,0.101822473778934,-0.273795381441245,0.321970834993299,0.024087726776027,-0.450185663542088,0.0262451764617986,-0.211970243540144,-0.180242006763353,0.327847011559615,0.0738025023981309,-0.129349338224602,0.378701846525299,0.124676254150348,73.216153948718
254,1.00484811134681,8.7028441963455,4.85384615384615,-0.0311269813694014,0.549584846731414,0.259228932681006,-0.34005890625887,0.182776848876745,-0.0786410286910623,-0.137128583028447,0.320802492511363,0.0918369547414582,-0.222754944574981,0.545103468312765,0.161174261868892,-0.419478350450551,0.0874049641384038,-0.166036693156074,-0.195845973474403,0.305086469037524,0.0546202477815603,-0.221458675697749,0.26404931018795,0.0212953172451005,73.3156410769231
255,0.568598828178502,7.97499091541124,4.27179487179487,-0.141554613439864,0.393090529070731,0.125767957815433,-0.354134957715303,0.114382208653715,-0.119876374530794,-0.127324901046629,0.322902554636591,0.0977888267949813,-0.197212855286839,0.549963075251556,0.176375109982359,-0.398043931503204,0.127613687842075,-0.135215121830564,-0.1714228666357,0.342416351191013,0.0854967422776567,-0.240741637309876,0.231228159542833,-0.00475673888352175,73.4153847435898
256,-0.0149553798529269,6.99957076446831,3.49230769230769,-0.188337281810586,0.352478017529692,0.0820703678595529,-0.401628051591208,0.0637006009823794,-0.168963725304414,-0.0832408637569656,0.359438401207663,0.138098768725349,-0.205845166013549,0.43519603838646,0.114675436186456,-0.397854022667347,0.140934307723942,-0.128459857471702,-0.168233551332117,0.384914062035555,0.108340255351719,-0.20108511516494,0.26791279013854,0.0334138374868003,73.515897525641
257,-0.200762287028492,6.87768536395157,3.33846153846154,-0.234734585648548,0.317531670244286,0.0413985422978688,-0.412093134989961,0.0402354757134296,-0.185928829638266,-0.0735337896948187,0.420742842483252,0.173604526394217,-0.256146929806063,0.14539793605111,-0.0553744968774765,-0.391741587258496,0.153831173571225,-0.118955206843635,-0.119530023879881,0.44837362749631,0.164421801808214,-0.16736426724745,0.363340545852855,0.0979881393027025,73.6161538461539
258,-0.169682670303372,7.56455446517517,3.6974358974359,-0.267002742685629,0.211690976138799,-0.0276558832734151,-0.386574880048412,0.0415487552983771,-0.172513062375017,-0.115896040668848,0.42180462285107,0.152954291091111,-0.312575021166058,0.0426508627546993,-0.134962079205679,-0.400659134540984,0.153500692414203,-0.12357922106339,-0.130963417287858,0.439622955740587,0.154329769226364,-0.164962783136124,0.409008959513655,0.122023088188765,73.716153948718
259,-0.20104836572641,8.00617657085462,3.9025641025641,-0.293533582688075,0.268758292672183,-0.0123876450079463,-0.331405299097479,0.126379342085408,-0.102512978506035,-0.183940284208008,0.382654270694496,0.0993569932432439,-0.303950342494085,0.0802248198455465,-0.111862761324269,-0.380303127852187,0.165853961422674,-0.107224583214756,-0.193768633331826,0.425732502319412,0.115981934493793,-0.210468382903345,0.346611116107995,0.0680713666023249,73.8158974871795
260,-0.194595255940028,7.57921064055541,3.69230769230769,-0.257868744853104,0.282618602150929,0.0123749286489124,-0.337262111985928,0.128688922473179,-0.104286594756374,-0.197485290964587,0.338972130420913,0.0707434197281631,-0.197217789720745,0.214135213848766,0.00845871206401056,-0.376582846017523,0.147898302734819,-0.114342271641352,-0.235948448326361,0.385071459244132,0.0745615054588859,-0.213618162763628,0.312860948609358,0.0496213929228652,73.915897525641
261,-0.125823312602041,6.66941305619178,3.27179487179487,-0.24988668152126,0.284940033082711,0.0175266757807253,-0.343524535716268,0.0980691131778801,-0.122727711269194,-0.207474197440143,0.344779293462473,0.0686525480111647,-0.189622759101993,0.242565417322694,0.0264713291103504,-0.336858733973627,0.189007965953104,-0.0739253840102615,-0.255291230374443,0.352571384684499,0.0486400771550277,-0.232338475584125,0.265695413724674,0.0166784690702745,74.016154
262,-0.0922429770133148,5.85634554111588,2.88205128205128,-0.290338420601677,0.23180221395689,-0.0292681033223934,-0.362201122178137,0.0921399323585084,-0.135030594909814,-0.1794947373816,0.391773796214941,0.10613952941667,-0.197225572570505,0.228929154130631,0.0158517907800632,-0.31491589273571,0.223806254885148,-0.0455548189252811,-0.275410628853792,0.368701629631897,0.0466455003890523,-0.25444060354678,0.219419557977262,-0.0175105227847591,74.1158974871795
263,-0.109078462435911,5.22959128294873,2.56025641025641,-0.301896828379835,0.1938335597469,-0.0540316343164678,-0.354455885104237,0.151014800084369,-0.101720542509934,-0.165037693618208,0.380812886690578,0.107887596536185,-0.243695626065669,0.19754650311356,-0.0230745614760545,-0.283363919979485,0.243713615297153,-0.0198251523411659,-0.286591942543976,0.330164587504096,0.0217863224800596,-0.249533204323124,0.199538738787208,-0.024997232767958,74.2151282435898
264,-0.258250948267354,4.67876376878018,2.21025641025641,-0.308137289930732,0.161029876707381,-0.0735537066116751,-0.309657080774657,0.242965438948571,-0.0333458209130427,-0.143897110865614,0.324377984094832,0.0902404366146089,-0.279742133437774,0.369320604332595,0.0447892354474104,-0.251636623679697,0.254989395685673,0.0016763860029881,-0.292456471418943,0.229893094534832,-0.0312816884420558,-0.188875956145748,0.245543204130829,0.0283336239925407,74.3153859102564
265,-0.31590873468822,4.32616514494463,2.00512820512821,-0.320270163818203,0.105191255718709,-0.107539454049747,-0.281043216908352,0.344509720804219,0.0317332519479334,-0.106676524187459,0.365404957178751,0.129364216495646,-0.229345280818311,0.488930741269704,0.129792730225696,-0.222689559914801,0.296458094597315,0.0368842673412572,-0.310860057707948,0.11363209398852,-0.0986139818597139,-0.216496748936124,0.219486486121268,0.0014948685925723,74.4158974358974
266,-0.269092710981012,4.14601578790409,1.93846153846154,-0.266884243533158,0.175943693747632,-0.0454702748927634,-0.241854256888536,0.491462119816398,0.124803931463931,-0.0881029521607928,0.433046588686206,0.172471818262707,-0.13761148799289,0.632322325493662,0.247355418750386,-0.244635728472469,0.295953195692302,0.025658733609917,-0.345670023804375,0.0581613960873896,-0.143754313858493,-0.331872400160228,0.105563488247395,-0.113154455956416,74.5158976282051
267,-0.247070303171655,4.01117286727422,1.88205128205128,-0.227213271212878,0.386821880081742,0.0798043044344319,-0.2277459923005,0.598410393359521,0.18533220052951,-0.0733585350523006,0.459678203197046,0.193159834072373,-0.103380309664126,0.562483174552398,0.229551432444136,-0.292448565252747,0.241121923702039,-0.025663320775354,-0.356556345512868,0.142898052436637,-0.106829146538116,-0.446461593874311,0.0181347538421059,-0.214163420016103,74.6161538974359
268,-0.217827123728901,3.88962199552377,1.83589743589744,-0.103952252451327,0.586891601739722,0.241469674644197,-0.233825806453239,0.505074594061002,0.135624393803882,-0.142514343885646,0.355909826508398,0.106697741311376,-0.117471971846917,0.452853000408588,0.167690514280836,-0.338981244813739,0.135588483294415,-0.101696380759662,-0.336943891465881,0.278987685090862,-0.0289781031875092,-0.448714916124525,0.0201261350407479,-0.214294390541888,74.7161542051282
269,-0.213014259732832,3.75147579819437,1.76923076923077,-0.12181231834279,0.510647094040176,0.194417387848693,-0.198342662319759,0.350814135980907,0.0762357368305739,-0.213583759394226,0.243484070126306,0.01495015536604,-0.151271887889656,0.341248391034372,0.0949882515723577,-0.346549276615426,0.120202118986586,-0.11317357881442,-0.267456677638703,0.352700442676152,0.0426218825187249,-0.436194598557031,0.018990904950351,-0.20860184680334,74.8161538974359
270,-0.197480038791947,3.59235183366374,1.6974358974359,-0.207925978205628,0.284351906012353,0.0382129639033628,-0.166145587945532,0.314868564549975,0.0743614883022216,-0.237062674531416,0.22128028896262,-0.00789119278439786,-0.21001284401871,0.425486425215463,0.107736790598377,-0.338097573141314,0.119530036911844,-0.109283768114735,-0.206205763273818,0.327182524539749,0.0604883806329653,-0.445840324389423,-0.00052857267382301,-0.223184448531623,74.9158974358974
271,-0.186271611816506,3.50934853489343,1.66153846153846,-0.276306804555267,0.211282966724697,-0.032511918915285,-0.0989461694127909,0.427849339831783,0.164451585209496,-0.202188833064145,0.307547006592033,0.052679086763944,-0.231369307131936,0.388333355212044,0.0784820240400543,-0.345757199658251,0.126098757140316,-0.109829221258967,-0.174567612894635,0.291657616334827,0.0585450017200958,-0.538000587987423,-0.0848314084504489,-0.311415998218936,75.0158104102564
272,-0.164329836045922,3.38484265655874,1.61025641025641,-0.252741951961171,0.219447180047791,-0.01664738595669,-0.00250175644209468,0.558081480578299,0.277789862068102,-0.154699308278162,0.414940097173847,0.130120394447842,-0.233958395631366,0.327880567426739,0.0469610858976863,-0.336934091247031,0.124728684240332,-0.106102703503349,-0.187283513330441,0.273281698764842,0.0429990927172005,-0.610279835623767,-0.12678512514043,-0.368532480382099,75.1000000512821
273,-0.15818601920667,3.05049371151436,1.44615384615385,-0.182533776891472,0.316570333593019,0.0670182783507737,0.101194405087682,0.71669314065949,0.408943772873586,-0.166272546690593,0.514546841963734,0.17413714763657,-0.201311174360519,0.204310592958836,0.00149970929915872,-0.302952231522137,0.146837196064716,-0.0780575177287104,-0.21179359292887,0.293198768697293,0.0407025878842114,-0.706267728620094,-0.184473920813606,-0.44537082471685,75.2000007692308
274,-0.169935469446721,2.92890982842108,1.37948717948718,-0.188580581493752,0.227275534317451,0.0193474764118499,0.286706673896028,0.916203322087732,0.60145499799188,-0.143653927678017,0.631458836252627,0.243902454287305,-0.135767502936401,0.339603836305776,0.101918166684688,-0.261717819167685,0.210451584426827,-0.025633117370429,-0.197518617682403,0.333879889581458,0.0681806359495275,-0.744059632756405,-0.212846003567957,-0.478452818162181,75.3
275,-0.181217755378947,2.9299357040969,1.37435897435897,-0.209433647247626,0.145301821791967,-0.0320659127278296,0.520917061718401,1.18104347990955,0.850980270813976,-0.117774907342161,0.714503915870262,0.29836450426405,-0.00326249787954066,0.5082400643746,0.25248878324753,-0.20546329976546,0.335469322100888,0.0650030111677142,-0.222717634804931,0.324325200871807,0.0508037830334377,-0.813478860572917,-0.26220005662017,-0.537839458596544,75.4
276,-0.173133637751739,2.94236440698251,1.38461538461538,-0.307968032089124,0.0998503119984002,-0.104058860045362,0.635809386438511,1.43513014907424,1.03546976775638,-0.0947009767174092,0.715649759094275,0.310474391188433,0.119592387571928,0.691302761693178,0.405447574632553,-0.183621081634775,0.434535762716991,0.125457340541108,-0.285444719178206,0.273481546952409,-0.00598158611289854,-0.969227798951486,-0.370100462266171,-0.669664130608829,75.5000001538462
277,-0.175407570765946,2.86258705794543,1.34358974358974,-0.31338181312417,0.163967029784944,-0.0747073916696134,0.641234473861091,1.47020306735008,1.05571877060559,-0.0483866619637562,0.815325574996239,0.383469456516241,0.141508085595481,0.768518983709288,0.455013534652385,-0.193516440935656,0.491635281095894,0.149059420080119,-0.307240042468536,0.28674420356495,-0.0102479194517931,-1.02517415683629,-0.404852034964747,-0.715013095900519,75.6000001025641
278,-0.208532156908265,2.71109625947237,1.25128205128205,-0.352894643828582,0.100222349105689,-0.126336147361447,0.611120387955665,1.4020705621744,1.00659547506503,-0.0180502170139312,0.845557184542258,0.413753483764164,0.154014629452324,0.860359187904823,0.507186908678574,-0.22932340279265,0.539545473026179,0.155111035116765,-0.284295190694517,0.353768520461832,0.0347366648836574,-0.986562606093016,-0.395477555350121,-0.691020080721568,75.7000001025641
279,-0.331172863792626,2.5055318381516,1.08717948717949,-0.333543843976532,0.130063525033376,-0.101740159471578,0.599301194191444,1.37108420508168,0.985192699636563,-0.00263438588178373,0.826783208514108,0.412074411316162,0.0924135193190053,0.834312844124022,0.463363181721514,-0.267121339343864,0.504755824789338,0.118817242722737,-0.271577404831523,0.430864685404037,0.0796436402862571,-0.915782802632794,-0.38157823519757,-0.648680518915183,75.8000000512821
280,-0.357085574878771,2.48016249795569,1.06153846153846,-0.345914268500302,0.180820536108213,-0.0825468661960444,0.611284169301801,1.31032307486322,0.960803622082513,0.0285673614441101,0.807577308369661,0.418072334906886,0.0413680833044444,0.643281750310913,0.342324916807679,-0.27056603975108,0.396903715631768,0.0631688379403444,-0.301655744821526,0.335740736628756,0.0170424959036151,-0.817719809513304,-0.336083664200352,-0.576901736856828,75.900171025641
281,-0.360911529028744,2.47373204184926,1.05641025641026,-0.32091600815997,0.210797915101067,-0.0550590465294515,0.519460916027215,1.15739335682852,0.838427136427869,0.016666537542951,0.743962019738187,0.380314278640569,-0.10118087546938,0.363010331784922,0.130914728157771,-0.295013451316998,0.238581549096803,-0.0282159511100975,-0.361026145045678,0.217478515075305,-0.0717738149851862,-0.670925541280198,-0.232359774171918,-0.451642657726058,76.0002564615385
282,-0.357085574878771,2.48016249795569,1.06153846153846,-0.352933492580379,0.0996723882343177,-0.126630552173031,0.323418860914067,0.934529710066326,0.628974285490197,-0.0264721916055275,0.652233365577763,0.312880586986118,-0.201290605278051,0.265162434582176,0.0319359146520628,-0.278864545688197,0.189432650998068,-0.0447159473450647,-0.401866815958521,0.139858057512916,-0.131004379222802,-0.484014557914674,-0.0775324899165913,-0.280773523915633,76.1002566666667
283,-0.353332340530869,2.4866656738642,1.06666666666667,-0.38636916280468,0.000787558440721001,-0.192790802181979,0.244541378824588,0.85976395038504,0.552152664604814,-0.0360775309927648,0.551251397654487,0.257586933330861,-0.208643338530191,0.219667878178758,0.00551226982428362,-0.293313928213166,0.186175176886777,-0.0535693756631948,-0.466837271993374,0.0440795917127511,-0.211378840140311,-0.387581245475472,-0.0124254233554668,-0.200003334415469,76.2002565128205
284,-0.353219349370266,2.46603986219078,1.05641025641026,-0.401918236737184,-0.0435831825834833,-0.222750709660334,0.152444018876313,0.729738279851036,0.441091149363675,-0.0796972670856923,0.453689846495322,0.186996289704815,-0.190987567699243,0.24599881956968,0.0275056259352188,-0.274241883513451,0.229176458922608,-0.0225327122954212,-0.497420872171418,-0.0308880961389351,-0.264154484155177,-0.417671829529105,-0.0503445440463994,-0.234008186787752,76.3002566666667
285,-0.322936778963603,2.35370600973283,1.01538461538462,-0.370984191911666,-0.0029764084247557,-0.186980300168211,0.126837027461609,0.686091168572274,0.406464098016942,-0.0853168472108959,0.408716608414147,0.161699880601626,-0.183319805509341,0.403901156921123,0.110290675705891,-0.296868845672758,0.22483642706491,-0.0360162093039241,-0.481484345554329,-0.00933203486597986,-0.245408190210154,-0.518701711170568,-0.123247294455346,-0.320974502812957,76.4002566153846
286,-0.294056708028193,2.22226183623332,0.964102564102564,-0.375124436218624,-0.00159674382404894,-0.188360590021336,0.0935581354772668,0.648185328948539,0.370871732212903,-0.102441205396351,0.353715247825732,0.12563702121469,-0.183692613618842,0.55488147425858,0.185594430319869,-0.296828451138274,0.19504462269785,-0.0508919142202119,-0.424749093103435,0.0619351141861692,-0.181406989458633,-0.582073992203229,-0.137385492170015,-0.359729742186622,76.5002578974359
287,-0.253370047514286,2.07901107315531,0.912820512820513,-0.393532655650532,-0.0515292703130525,-0.222530962981792,0.135242475970784,0.67855256497652,0.406897520473652,-0.0929665065677844,0.409460405977845,0.15824694970503,-0.209732327575578,0.500334138549018,0.14530090548672,-0.361504808714353,0.112819562351917,-0.124342623181218,-0.401373138942906,0.113185167540717,-0.144093985701094,-0.557099547443905,-0.0764358404001382,-0.316767693922021,76.6002564615385
288,-0.237695571508638,2.01205454586761,0.887179487179487,-0.415852732632516,-0.12060169779379,-0.268227215213153,0.112539906282564,0.577001616948297,0.344770761615431,-0.105170338163092,0.445117811093802,0.169973736465355,-0.139694649676787,0.272214861332142,0.0662601058276775,-0.379418705851055,0.128536636930733,-0.125441034460161,-0.416334682978962,0.12682740796967,-0.144753637504646,-0.447392887618593,0.0110334424019764,-0.218179722608308,76.7002565128205
289,-0.22576047815536,1.95909381148869,0.866666666666667,-0.370904787708873,-0.0613952182944114,-0.216150003001642,0.0194763296912502,0.429922680211468,0.224699504951359,-0.0907307518689264,0.539399603677415,0.224334425904244,-0.144043207676961,0.16109570985258,0.0085262510878096,-0.406499983929055,0.138190287754564,-0.134154848087246,-0.399531308019435,0.152768255626932,-0.123381526196251,-0.367094586217614,0.0424260388792139,-0.1623342736692,76.8002565128205
290,-0.208982526580672,1.88077739837554,0.835897435897436,-0.31917567157575,0.0400450947295881,-0.139565288423081,-0.081612739965325,0.321333632217286,0.11986044612598,-0.0518059794120757,0.564607627355113,0.256400823971518,-0.113736582007823,0.215814242293302,0.0510388301427397,-0.377149484471978,0.208588844519502,-0.0842803199762381,-0.383350846656813,0.137028115467417,-0.123161365594698,-0.339766346163445,0.0840516852525706,-0.127857330455437,76.9002564615385
291,-0.197805962419756,1.77729314190694,0.78974358974359,-0.239703667077012,0.166675462377653,-0.0365141023496797,-0.134626890685306,0.299315052654172,0.0823440809844331,0.0364870820737055,0.627742769953929,0.332114926013817,-0.0891041641456676,0.358273486667173,0.134584661260753,-0.388723257634736,0.167450810330968,-0.110636223651884,-0.366954275367201,0.101459724168112,-0.132747275599544,-0.360223069307028,0.115579049043045,-0.122322010131991,77.0002564102564
292,-0.17531343670896,1.67274933414486,0.748717948717949,-0.206240697915494,0.302481634084743,0.0481204680846247,-0.191705764305383,0.322544408600985,0.065419322147801,0.0974469825149124,0.64094825585692,0.369197619185916,-0.0524921757198324,0.420763295896013,0.18413556008809,-0.394541337245283,0.143109651364104,-0.125715842940589,-0.401323755939038,0.0429949278765425,-0.179164414031248,-0.366192435439354,0.125401042103942,-0.120395696667706,77.1002564102564
293,-0.163991202826896,1.55886299769869,0.697435897435897,-0.176357330892598,0.39074534983588,0.107194009471641,-0.242445509327859,0.367500755350902,0.0625276230115215,0.0741857694012445,0.562903539242307,0.318544654321776,-0.0179830763469641,0.507577846294947,0.244797384973991,-0.366184125615374,0.163666127341037,-0.101258999137169,-0.401646975134283,0.0294524576280378,-0.186097258753123,-0.341197260035428,0.124434789983693,-0.108381235025868,77.2002565128205
294,-0.157947182084888,1.43999846413617,0.641025641025641,-0.0959137503861745,0.431853835923365,0.167970042768595,-0.278326104324445,0.382192304914125,0.0519331002948399,0.00490358192601175,0.442759580244022,0.223831581085017,-0.027231752325569,0.51390527493053,0.243336761302481,-0.343015979571989,0.260613696764294,-0.0412011414038476,-0.394010672016758,0.0755841468161466,-0.159213262600306,-0.294866365596261,0.141065013708239,-0.0769006759440114,77.3002564102564
295,-0.156934187886229,1.30565213660418,0.574358974358974,-0.0851858741255527,0.3477311920599,0.131272658967174,-0.314155891500696,0.337634469193882,0.0117392888465928,-0.124855284890148,0.28098806973077,0.0780663924203111,-0.0866967360575766,0.551727407474308,0.232515335708366,-0.296189996888858,0.404383210680063,0.0540966068956021,-0.365084391330528,0.141569989102819,-0.111757201113854,-0.261073004321585,0.194277523348494,-0.0333977404865455,77.400257948718
296,-0.212838821605223,1.14617215493856,0.466666666666667,-0.0637894784928556,0.357485936021608,0.146848228764376,-0.313436650261135,0.269801734965835,-0.0218174576476499,-0.197143020074885,0.242492716826849,0.0226748483759817,-0.11864198208876,0.636622461449886,0.258990239680563,-0.32376864861788,0.397339289440499,0.0367853204113092,-0.338247235820655,0.164828402847653,-0.086709416486501,-0.246934623665308,0.24877034768945,0.000917862012070912,77.5002564102564
297,-0.250702714365238,1.09172835539088,0.420512820512821,-0.147467425512791,0.258455633800897,0.0554941041440532,-0.299962253032179,0.208954284076334,-0.0455039844779226,-0.211595383271909,0.295861135841962,0.0421328762850263,-0.0598123473983374,0.733371660982066,0.336779656791864,-0.312964761603624,0.309979926165346,-0.00149241771913899,-0.333394894793671,0.13457425591331,-0.0994103194401805,-0.238355799866238,0.26528284126036,0.013463520697061,77.6002564615385
298,-0.246366984290835,1.1079054458293,0.430769230769231,-0.216033151962519,0.168413298250862,-0.0238099268558283,-0.296984993934568,0.232227136675401,-0.0323789286295831,-0.176242619877349,0.460856703870049,0.14230704199635,0.0540080659191435,0.802953939682234,0.428481002800689,-0.332336275391306,0.222517519389687,-0.05490937800081,-0.309964530986775,0.154188056107802,-0.0778882374394865,-0.201980333748565,0.282152185119002,0.0400859256852183,77.7002564615385
299,-0.253086461252459,1.08385569202169,0.415384615384615,-0.337684244723774,0.0394383441388501,-0.149122950292462,-0.285967881345649,0.338077668857698,0.0260548937560242,-0.153878858052358,0.52074882347171,0.183434982709676,0.106071896168251,0.852124380208906,0.479098138188579,-0.303861778432598,0.243337217399916,-0.0302622805163409,-0.308376449388183,0.185019011049844,-0.0616787191691694,-0.100140728612748,0.380553256873282,0.140206264130267,77.8002564102564
300,-0.250702714365238,1.09172835539088,0.420512820512821,-0.38444236162028,-0.0235266147799819,-0.203984488200131,-0.268703595421065,0.39477610567561,0.0630362551272727,-0.231425678198975,0.366793721867943,0.0676840218344843,0.0696558503346048,0.797812032082621,0.433733941208613,-0.271260072509583,0.286325120606145,0.00753252404828092,-0.279577422062906,0.237560081904892,-0.0210086700790069,-0.0296417608591315,0.493675484570798,0.232016861855833,77.9002565641026
301,-0.253086461252459,1.08385569202169,0.415384615384615,-0.341577635615532,0.0773172495207736,-0.132130193047379,-0.254453117883493,0.342787515044706,0.0441671985806063,-0.348572321938798,0.164489408526834,-0.0920414567059824,0.000951209896897463,0.692294224496379,0.346622717196638,-0.192805804600629,0.384421037166476,0.0958076162829231,-0.278114246532075,0.236964857302265,-0.0205746946149049,-0.0333377653227246,0.553219104190412,0.259940669433844,78.0002565128205
302,-0.253086461252459,1.08385569202169,0.415384615384615,-0.232597175221421,0.224907736941234,-0.0038447191400934,-0.246348433082966,0.224222870140378,-0.0110627814712937,-0.399204171994618,0.0714862086931073,-0.163858981650755,-0.0693347560773483,0.57969815005603,0.255181696989341,-0.189356186542983,0.38011715222826,0.0953804828426385,-0.271177954802777,0.233040417089844,-0.0190687688564663,-0.0934745842088238,0.506149300576343,0.20633735818376,78.1002565128205
303,-0.253086461252459,1.08385569202169,0.415384615384615,-0.158128153079175,0.331969159258334,0.0869205030895796,-0.194143980302719,0.236934266948229,0.0213951433227552,-0.374331535434516,0.0394229884424031,-0.167454273496056,-0.0920523213353198,0.538178564233561,0.22306312144912,-0.240205000096031,0.320278774085342,0.0400368869946554,-0.312395037373898,0.203541947346092,-0.0544265450139031,-0.177200464256035,0.385243780245883,0.104021657994924,78.2002565641026
304,-0.253086461252459,1.08385569202169,0.415384615384615,-0.157784090647528,0.315576629687978,0.0788962695202249,-0.201330227363406,0.613777138513307,0.20622345557495,-0.366260659259387,0.0363111328707148,-0.164974763194336,-0.111474525897257,1.07870303286338,0.483614253483064,-0.348260955638136,0.212880401832937,-0.0676902769025995,-0.358344312539508,0.19132697439181,-0.0835086690738487,-0.231086334398674,0.322228255212428,0.0455709604068769,78.3002565641026
305,-0.253086461252459,1.08385569202169,0.415384615384615,-0.166561428862989,0.320195295109769,0.0768169331233898,-0.168725978780137,0.606932088130397,0.21910305467513,-0.396822596823075,0.0521451679518447,-0.172338714435615,0.0279878908024327,0.972284810410699,0.500136350606566,-0.359555173612511,0.163549589383107,-0.0980027921147023,-0.362114593919459,0.205020256330548,-0.0785471687944552,-0.201714752448214,0.310264846720953,0.05427504713637,78.4002565128205
306,-0.253086461252459,1.08385569202169,0.415384615384615,-0.212514573511111,0.337248140167302,0.0623667833280954,-0.116237966093849,0.483749333539041,0.183755683722596,-0.41387880411701,0.0859322917910181,-0.163973256162996,0.0411944750086354,0.775709870624326,0.408452172816481,-0.366301303886671,0.173017920153337,-0.0966416918666665,-0.354306438971699,0.191798584999953,-0.081253926985873,-0.158281177453187,0.345802209581957,0.0937605160643851,78.5002565128205
307,-0.253086461252459,1.08385569202169,0.415384615384615,-0.291605057652531,0.254752121886495,-0.0184264678830179,-0.0697033897007084,0.540774882796248,0.23553574654777,-0.421714297511021,0.102717603405201,-0.15949834705291,-0.0236369048208396,0.69391352814444,0.3351383116618,-0.368163755002413,0.223237504866264,-0.0724631250680744,-0.447528547429463,0.10451835071061,-0.171505098359427,-0.256667401530194,0.261085809711443,0.00220920409062447,78.6002565641026
308,-0.25561653322422,1.07612935373704,0.41025641025641,-0.218336368304947,0.359105721774296,0.0703846767346744,-0.0224036603182612,0.602290275955522,0.28994330781863,-0.400626999538922,0.124456979735662,-0.13808500990163,-0.109164803400002,0.502090692660297,0.196462944630147,-0.358165555126072,0.257121864551508,-0.0505218452872816,-0.492034786786514,0.118120571090808,-0.186957107847853,-0.316923487488252,0.232642783481391,-0.0421403520034306,78.7002564615385
309,-0.25561653322422,1.07612935373704,0.41025641025641,-0.180610302265885,0.893498588051047,0.356444142892581,0.0176640310435317,0.611136458676907,0.314400244860219,-0.367043651902079,0.173819072986459,-0.0966122894578097,-0.139757759713861,0.469399286699301,0.16482076349272,-0.321097500338325,0.269760739866228,-0.0256683802360484,-0.522871115263583,0.128605601331933,-0.197132756965825,-0.345983874581795,0.227528409528113,-0.059227732526841,78.8002564615385
310,-0.253086461252459,1.08385569202169,0.415384615384615,-0.143390920504192,0.608463610480932,0.23253634498837,0.00908111993517751,0.599224251252363,0.30415268559377,-0.38465790266847,0.139704169053513,-0.122476866807479,-0.167130382873283,0.500566420600563,0.16671801886364,-0.236040577507502,0.310667358798224,0.0373133906453607,-0.51008425819993,0.103489523541637,-0.203297367329147,-0.306980974299174,0.295254373075552,-0.00586330061181092,78.9002565641026
311,-0.258294649421837,1.06855105967825,0.405128205128205,-0.261211021276862,0.349958725099092,0.0443738519111147,0.020299075428618,0.607449909583299,0.313874492505959,-0.424282841393378,0.0580921684841993,-0.18309533645459,-0.146028522596362,0.502704713142489,0.178338095273063,-0.171367416759355,0.429258853741291,0.128945718490968,-0.552887356066484,-0.0126536584683995,-0.282770507267442,-0.27218798359649,0.326353865836617,0.0270829411200635,79.0002565128205
