slice,ci_lower_diskomfort,ci_upper_diskomfort,mean_diskomfort,ci_lower_anger_sm,ci_upper_anger_sm,mean_fl_anger_sm,ci_lower_disgust_sm,ci_upper_disgust_sm,mean_fl_disgust_sm,ci_lower_fear_sm,ci_upper_fear_sm,mean_fl_fear_sm,ci_lower_happiness_sm,ci_upper_happiness_sm,mean_fl_happiness_sm,ci_lower_sadness_sm,ci_upper_sadness_sm,mean_fl_sadness_sm,ci_lower_surprise_sm,ci_upper_surprise_sm,mean_fl_surprise_sm,ci_lower_neutral_sm,ci_upper_neutral_sm,mean_fl_neutral_sm,mean_rel_zeit_s
1,-1.3487251643263,4.841032856634,1.74615384615385,-0.142014250125143,0.591664776143466,0.224825263009162,-0.305490063561848,0.298782436454331,-0.00335381355375838,-0.517546140887865,-0.184747129501397,-0.351146635194631,-0.330912749837712,0.175750195242651,-0.0775812772975303,-0.119287088545717,0.373322187902119,0.127017549678201,-0.303909709813469,0.498907429738896,0.0974988599627137,0.0756824529371989,0.596451862986297,0.336067157961748,498
2,-1.33145138569201,4.86991292415355,1.76923076923077,-0.0356484716065082,0.683369359177303,0.323860443785397,-0.344529642863786,0.167432731611604,-0.088548455626091,-0.547998610136285,-0.203288360084222,-0.375643485110254,-0.359894631683447,0.0304344241153974,-0.164730103784025,-0.0743268541159053,0.431366795800661,0.178519970842378,-0.338957434144357,0.311073597773396,-0.0139419181854805,0.0777951368513251,0.639694686121543,0.358744911486434,498.116413589744
3,-1.33145138569201,4.86991292415355,1.76923076923077,-0.0371731046192648,0.644372759919255,0.303599827649995,-0.35136786857389,0.132437954763345,-0.109464956905272,-0.508504354112385,-0.113496496615982,-0.311000425364184,-0.355086369729678,0.0102585902483955,-0.172413889740641,-0.136560355355623,0.399393320942642,0.13141648279351,-0.348328035930915,0.234328392920576,-0.0569998215051697,0.079970093588409,0.663163378054471,0.37156673582144,498.216407282051
4,-1.33145138569201,4.86991292415355,1.76923076923077,-0.021985691827771,0.602841589734577,0.290427948953403,-0.340774037600949,0.110219992870571,-0.115277022365189,-0.506754555652458,-0.0629189140065908,-0.284836734829524,-0.345188368782598,0.00149625377550016,-0.171846057503549,-0.158989007580451,0.439631396685363,0.140321194552456,-0.373462808509725,0.176393483579618,-0.0985346624650538,0.0578193352036408,0.618703490764872,0.338261412984257,498.300004923077
5,-1.34579928164474,4.84579928164474,1.75,-0.0643095531145318,0.482093204425032,0.20889182565525,-0.286432185276932,0.145562030542607,-0.0704350773671621,-0.52630305399852,-0.0926810617432438,-0.309492057870882,-0.292907037793557,0.0438937448255555,-0.124506646484001,-0.177006264005151,0.494441043229996,0.158717389612423,-0.374936496831222,0.145287064978777,-0.114824715926222,0.00108662222456219,0.532126331762007,0.266606476993284,498.399997602564
6,-1.45000171203996,4.70128376332201,1.62564102564103,-0.106543349319009,0.476274048759363,0.184865349720177,-0.269888043528951,0.172116942827916,-0.0488855503505176,-0.542911879895671,-0.150932426116115,-0.346922153005893,-0.254147945664156,0.125316655759784,-0.064415644952186,-0.132223191737317,0.543687740661676,0.20573227446218,-0.380384813780408,0.0897371530630911,-0.145323830358659,-0.0123443913280882,0.503435234697264,0.245545421684588,498.51641025641
7,-1.5349686989503,4.61189177587337,1.53846153846154,-0.162876862720993,0.435246204925621,0.136184671102314,-0.278611608781582,0.187723218935831,-0.0454441949228756,-0.539154283197979,-0.196948343891682,-0.36805131354483,-0.244460771908509,0.156500007857752,-0.0439803820253783,-0.129230363298335,0.5173981898835,0.194083913292583,-0.36114605564624,0.10097692737735,-0.130084564134445,-0.0349625784457507,0.497115549423464,0.231076485488857,498.616157205128
8,-1.5349686989503,4.61189177587337,1.53846153846154,-0.198604303817888,0.294331766093349,0.0478637311377304,-0.327218335067596,0.147874845199591,-0.0896717449340023,-0.539588087270485,-0.19175628418915,-0.365672185729818,-0.279797584234983,0.0807716651129963,-0.0995129595609934,-0.101004100601614,0.514772917599011,0.206884408498699,-0.343126706261602,0.14102363973294,-0.101051533264331,-0.00460077358817028,0.513128394945774,0.254263810678802,498.716150653846
9,-1.5349686989503,4.61189177587337,1.53846153846154,-0.188946779904795,0.273540186965067,0.0422967035301359,-0.364625754102702,0.0928842895118775,-0.135870732295412,-0.543993817213391,-0.1869267868316,-0.365460302022496,-0.257845233208182,0.0575729886388511,-0.100136122284665,-0.118964579172703,0.49186911291727,0.186452266872284,-0.294181213152325,0.222681275288195,-0.0357499689320654,-0.0325034874725923,0.476333021125631,0.221914766826519,498.800004923077
10,-1.5349686989503,4.61189177587337,1.53846153846154,-0.189543084168388,0.260408685789684,0.0354328008106477,-0.36937290363743,0.0823646727127404,-0.143504115462345,-0.523832976296483,-0.160949572407747,-0.342391274352115,-0.27520986136171,0.0561366827487161,-0.109536589306497,-0.138807408269554,0.45739339725254,0.159292994491493,-0.25689074956915,0.267071316944704,0.00509028368777666,-0.0879652200166425,0.481595639205892,0.196815209594625,498.899997641026
11,-1.5349686989503,4.61189177587337,1.53846153846154,-0.196999069840908,0.264538957362262,0.033769943760677,-0.393568067187324,0.0500751691143702,-0.171746449036477,-0.48029147917908,-0.0853201845212976,-0.282805831850189,-0.309139079945173,0.00808352230655491,-0.150527778819309,-0.195960605985484,0.380711010974058,0.0923752024942873,-0.197387055138626,0.344405740111031,0.0735093424862024,-0.189372610402511,0.449736396301732,0.13018189294961,499.016410871795
12,-1.5349686989503,4.61189177587337,1.53846153846154,-0.185331117233431,0.257335611666988,0.0360022472167784,-0.418469884170937,-0.0298373955748631,-0.2241536398729,-0.446649443948899,-0.0230269761366324,-0.234838210042766,-0.330738429773336,-0.0849442391240293,-0.207841334448683,-0.247712771295964,0.318541568420598,0.0354143985623173,-0.135076473422549,0.390803497833128,0.127863512205289,-0.222949708098683,0.38350032834064,0.0802753101209783,499.116413589744
13,-1.5349686989503,4.61189177587337,1.53846153846154,-0.197157376856986,0.294513677877006,0.04867815051001,-0.442422552700882,-0.0780991585480313,-0.260260855624456,-0.436289699508536,-0.0216823897494855,-0.228986044629011,-0.354152337646302,-0.0468992546478309,-0.200525796147066,-0.234474955459487,0.309179770962549,0.0373524077515312,-0.0982876890205998,0.436309932382594,0.169011121680997,-0.234189142802259,0.31096206497682,0.0383864610872805,499.216407282051
14,-1.5349686989503,4.61189177587337,1.53846153846154,-0.211808518609073,0.26348359162237,0.0258375365066483,-0.432015550739455,-0.0859546880163651,-0.25898511937791,-0.440721676383656,-0.0374623319373824,-0.239092004160519,-0.377806498245007,0.027716353946734,-0.175045072149137,-0.242035444951872,0.286936074649616,0.0224503148488723,-0.127209892942575,0.396477441332002,0.134633774194713,-0.232826397786239,0.268834973649012,0.0180042879313869,499.300005153846
15,-1.5349686989503,4.61189177587337,1.53846153846154,-0.17911078658722,0.249085760211204,0.0349874868119919,-0.40418590195917,-0.0453325326967982,-0.224759217327984,-0.445326782798283,-0.0554646166804164,-0.25039569973935,-0.375868015772645,0.0268512607942134,-0.174508377489216,-0.224010774888863,0.327240663355331,0.0516149442332338,-0.194670782464039,0.322123685669554,0.063726451602757,-0.230920955820951,0.245752606991158,0.00741582558510328,499.399997487179
16,-1.5349686989503,4.61189177587337,1.53846153846154,-0.0669074598975217,0.383518276324588,0.158305408213533,-0.386067744325047,-0.00572859329675306,-0.1958981688109,-0.434313636959194,-0.0681298092696958,-0.251221723114445,-0.352611335662416,0.0593368825547817,-0.146637226553817,-0.27178954745672,0.328043824169735,0.0281271383565075,-0.24994045550456,0.25874789080581,0.0044037176506252,-0.27415518537939,0.204104179849677,-0.0350255027648565,499.516154051282
17,-1.5349686989503,4.61189177587337,1.53846153846154,-0.0299678579113236,0.444466658480633,0.207249400284655,-0.369800362442167,0.0665187847866224,-0.151640788827772,-0.402830180771829,-0.0667447344707685,-0.234787457621298,-0.337278659472087,0.037736902996718,-0.149770878237684,-0.303098321811919,0.285907170345907,-0.00859557573300613,-0.275655710760408,0.243819187810537,-0.0159182614749356,-0.334540200354583,0.169276464500505,-0.0826318679270392,499.61615724359
18,-1.5349686989503,4.61189177587337,1.53846153846154,-0.116537106257958,0.332619597841446,0.108041245791744,-0.305408632009804,0.192651141749857,-0.0563787451299736,-0.385971255376184,-0.0500765721465871,-0.218023913761385,-0.300745750394252,0.262938210750431,-0.0189037698219106,-0.288423909314255,0.238971700398718,-0.0247261044577683,-0.340364719493352,0.187572860299185,-0.0763959295970835,-0.369546673234601,0.153414263268459,-0.108066204983071,499.716150538462
19,-1.5349686989503,4.61189177587337,1.53846153846154,-0.201562589658576,0.263310534155301,0.0308739722483624,-0.251453152971028,0.274048451658177,0.0112976493435748,-0.371551682043183,-0.0206156793110741,-0.196083680677129,-0.297793681489846,0.353669507025129,0.0279379127676413,-0.268870160445128,0.216442795263122,-0.0262136825910029,-0.378528758243947,0.160528281582917,-0.109000238330515,-0.355166305497961,0.164712433161121,-0.0952269361684199,499.799748641026
20,-1.5349686989503,4.61189177587337,1.53846153846154,-0.237890659623577,0.187237144801038,-0.0253267574112696,-0.210721395209463,0.36102069901239,0.0751496519014635,-0.384267139564838,0.0131993196123818,-0.185533909976228,-0.302883859873405,0.455188723046554,0.0761524315865745,-0.255627280131598,0.228309534378305,-0.0136588728766465,-0.391542189298604,0.15632217140383,-0.117610008947387,-0.326475975699545,0.172022950100496,-0.0772265127995244,499.89999775641
21,-1.5349686989503,4.61189177587337,1.53846153846154,-0.149058745001128,0.331185339450976,0.0910632972249239,-0.207337159011679,0.344467423695961,0.0685651323421409,-0.394801321768137,0.025101674689692,-0.184849823539223,-0.281726898225723,0.242674997322489,-0.0195259504516173,-0.271773583341953,0.2602410609086,-0.00576626121667658,-0.354548323594247,0.166323350099077,-0.0941124867475848,-0.258609237305474,0.205618382473006,-0.0264954274162339,500.016410666667
22,-1.47396804064972,4.67396804064972,1.6,-0.072477392325715,0.39045540576733,0.158989006720808,-0.214984303233429,0.292540944911573,0.0387783208390718,-0.437485776978733,-0.01727993508774,-0.227382856033237,-0.274722246760867,0.179077983072684,-0.0478221318440917,-0.253710810615235,0.30846363232734,0.0273764108560527,-0.307146180523567,0.173613589395092,-0.0667662955642373,-0.180225042075837,0.279954255955521,0.0498646069398424,500.116157205128
23,-1.33145138569201,4.86991292415355,1.76923076923077,-0.0358308002967135,0.455407974000659,0.209788586851973,-0.223751068696661,0.260473121827272,0.0183610265653055,-0.483528737588709,-0.0632954546082138,-0.273412096098461,-0.283039957160044,0.067054603174994,-0.107992676992525,-0.1562409786361,0.395328275726487,0.119543648545194,-0.322732163958304,0.117458090942736,-0.102637036507784,-0.166460646721513,0.343625340005749,0.0885823466421178,500.216150807692
24,-1.30946624396882,4.90946624396882,1.8,-0.0303350321092288,0.459960650872017,0.214812809381394,-0.267861380561198,0.241943921924039,-0.0129587293185797,-0.507829523270722,-0.111678039002113,-0.309753781136418,-0.310231825226902,0.0252580534695503,-0.142486885878676,-0.107333856601008,0.432985973982983,0.162826058690987,-0.3288882520257,0.104400281180756,-0.112243985422472,-0.160093476534184,0.3597084126686,0.0998074680672078,500.300005153846
25,-1.32584326973937,4.87968942358552,1.77692307692308,-0.0326966525628566,0.444219241906186,0.205761294671665,-0.296754759392354,0.201212495133921,-0.0477711321292165,-0.514446101572723,-0.148970476708437,-0.33170828914058,-0.364830939683304,-0.0993370658211057,-0.232084002752205,-0.115685815419594,0.420245930576534,0.15228005757847,-0.326885813153652,0.106778301795902,-0.110053755678875,-0.124205207353429,0.376670072711533,0.126232432679052,500.399997641026
26,-1.35861403177418,4.82528069844085,1.73333333333333,-0.106110476012272,0.408394769645851,0.151142146816789,-0.264605685934647,0.224323863328433,-0.0201409113031071,-0.518326770888351,-0.165958948984277,-0.342142859936314,-0.390318922042751,-0.149671331206436,-0.269995126624593,-0.161639145777944,0.356527069323996,0.097443961773026,-0.33270322072699,0.0723556125197855,-0.130173804103602,-0.0548969749008166,0.417301337917887,0.181202181508535,500.516154153846
27,-1.51925751425304,4.62694982194535,1.55384615384615,-0.10867371113582,0.500658549899205,0.195992419381692,-0.293176545343551,0.18171161568169,-0.0557324648309304,-0.52108047141953,-0.144141771076131,-0.33261112124783,-0.373379305451611,-0.105785233329917,-0.239582269390764,-0.27584829728111,0.232083962062643,-0.0218821676092336,-0.287808255702033,0.134938965167876,-0.0764346452670785,-0.0177425290874698,0.450692033988173,0.216474752450351,500.61615724359
28,-1.5349686989503,4.61189177587337,1.53846153846154,-0.194466031322769,0.166996903471787,-0.013734563925491,-0.227171251945735,0.206431793152682,-0.0103697293965265,-0.514861190139652,-0.0952985268588827,-0.305079858499267,-0.365279975908808,-0.00278060950700111,-0.184030292707904,-0.25666101369238,0.234079991290499,-0.0112905112009404,-0.31999456115313,0.07770638520962,-0.121144087971755,-0.0249571437470649,0.416435606507788,0.195739231380362,500.716407282051
29,-1.5349686989503,4.61189177587337,1.53846153846154,-0.181571303524445,0.148420211073117,-0.016575546225664,-0.212800383160298,0.247008172363579,0.0171038946016409,-0.474068070225244,-0.0556169503522418,-0.264842510288743,-0.361815618664626,-0.0151542183633406,-0.188484918513983,-0.195319864427038,0.290473345388236,0.0475767404805988,-0.344918437436925,0.0691283387236419,-0.137895049356642,-0.0318897366886971,0.416887736387215,0.192498999849259,500.800004923077
30,-1.5349686989503,4.61189177587337,1.53846153846154,-0.161593955276326,0.185000148172799,0.0117030964482364,-0.219535170829988,0.264116344481036,0.022290586825524,-0.447013148385456,-0.00697900096356295,-0.22699607467451,-0.352338174724436,0.0350711948246444,-0.158633489949896,-0.121944998462044,0.377452338523515,0.127753670030736,-0.36638773596312,0.0778058252823341,-0.144290955340393,-0.101106961391194,0.317389521077343,0.108141279843074,500.89999748718
31,-1.5349686989503,4.61189177587337,1.53846153846154,-0.0990231377515162,0.301848855970319,0.101412859109401,-0.26461115927776,0.212815553490662,-0.0258978028935491,-0.44954853807667,0.045028124044741,-0.202260207015965,-0.365059893525697,0.0389520288215879,-0.163053932352055,-0.0774468449206866,0.493623702371724,0.208088428725519,-0.386518914725102,0.0745568952155651,-0.155981009754768,-0.108450379080603,0.347945126502718,0.119747373711058,501.016410666667
32,-1.5349686989503,4.61189177587337,1.53846153846154,-0.0660864011713771,0.399965008485112,0.166939303656868,-0.295817946402007,0.153835038154254,-0.0709914541238762,-0.429867858683204,0.100580669930446,-0.164643594376379,-0.400946530293952,0.0642759999023301,-0.168335265195811,-0.0751719274713881,0.477659297741041,0.201243685134827,-0.379326899280892,0.10209482891178,-0.138616035184556,-0.0449617869028576,0.412195594931038,0.18361690401409,501.11641374359
33,-1.5349686989503,4.61189177587337,1.53846153846154,-0.0273497308979432,0.541724272368887,0.257187270735472,-0.320113224611777,0.0970515111045676,-0.111530856753605,-0.360809284285521,0.188998292330407,-0.0859054959775565,-0.39922007189799,0.0212067372770255,-0.189006667310482,-0.134306455777532,0.381409007892061,0.123551276057265,-0.359656039275733,0.163529433711428,-0.0980633027821523,-0.0472326243183964,0.420931396037374,0.186849385859489,501.216407128205
34,-1.5349686989503,4.61189177587337,1.53846153846154,-0.0607003869403809,0.584496482798192,0.261898047928906,-0.325715997286888,0.104161700308409,-0.11077714848924,-0.318042709357332,0.229264886560364,-0.0443889113984836,-0.365940953274476,-0.0109975398282354,-0.188469246551355,-0.142970309852147,0.371044213865544,0.114036952006698,-0.378371033438006,0.149690284450366,-0.11434037449382,-0.1099272281421,0.366865101917854,0.128468936887877,501.300004923077
35,-1.5349686989503,4.61189177587337,1.53846153846154,-0.070634311204219,0.655117252470473,0.292241470633127,-0.294271746554574,0.171174338404723,-0.0615487040749256,-0.325418216205616,0.235973299861081,-0.0447224581722673,-0.337359589464814,-0.0957680452003268,-0.216563817332571,-0.135229644522258,0.393569945457858,0.1291701504678,-0.371090903464121,0.16627046732384,-0.102410218070141,-0.205200732179086,0.296685639277814,0.0457424535493641,501.399997602564
36,-1.5349686989503,4.61189177587337,1.53846153846154,-0.0566900782557844,0.757580737347083,0.350445329545649,-0.254216258776745,0.225794014652879,-0.0142111220619331,-0.32966121205043,0.177695195514837,-0.0759830082677965,-0.352207253946183,-0.145411655942924,-0.248809454944554,-0.121291417785271,0.44266447707933,0.160686529647029,-0.391326502211977,0.131679749589056,-0.129823376311461,-0.246659154112579,0.27230556239242,0.0128232041399205,501.51641025641
37,-1.5349686989503,4.61189177587337,1.53846153846154,-0.0862804261948611,0.736422403425402,0.325070988615271,-0.203851968913546,0.279196146958215,0.0376720890223344,-0.305271440404846,0.152549062358044,-0.0763611890234009,-0.377128771282127,-0.172498808766157,-0.274813790024142,-0.124606891161652,0.415853470472695,0.145623289655522,-0.410101646335323,0.0861691945281493,-0.161966225903587,-0.259143837764491,0.233199764634053,-0.0129720365652191,501.616413589744
38,-1.5349686989503,4.61189177587337,1.53846153846154,-0.156370606369007,0.552560747563705,0.198095070597349,-0.183228119220055,0.33810135271917,0.0774366167495575,-0.306785038207266,0.199149716555059,-0.0538176608261036,-0.377812750655814,-0.125923676344477,-0.251868213500145,-0.11231805669385,0.397031816105808,0.142356879705979,-0.447543693852422,0.0198307408307177,-0.213856476510852,-0.268542970579455,0.223181349271279,-0.0226808106540879,501.716407282051
39,-1.5349686989503,4.61189177587337,1.53846153846154,-0.22043322140849,0.261781363399696,0.0206740709956032,-0.18383331922047,0.368388404954673,0.0922775428671017,-0.323117609567265,0.261173705503853,-0.0309719520317062,-0.379623181768199,-0.0837596877316142,-0.231691434749907,-0.125158222082318,0.380741644140746,0.127791711029214,-0.457938419637188,0.00288445767037609,-0.227526980983406,-0.252656515054349,0.234244841638149,-0.0092058367080999,501.800004923077
40,-1.5349686989503,4.61189177587337,1.53846153846154,-0.261696728619671,0.148109050868878,-0.0567938388753966,-0.149519717282219,0.378986677886171,0.114733480301976,-0.344554047729125,0.178172751431617,-0.0831906481487541,-0.33484075496299,-0.0293813395612629,-0.182111047262126,-0.115435495662259,0.377072539841627,0.130818522089684,-0.441986224618151,0.0446108689219963,-0.198687677848078,-0.225429386758429,0.228003999632952,0.00128730643726106,501.899997794872
41,-1.5349686989503,4.61189177587337,1.53846153846154,-0.25378407488673,0.214479691538442,-0.0196521916741441,-0.104009949359142,0.385135648605821,0.140562849623339,-0.330873073545377,0.175154007773333,-0.0778595328860219,-0.254029167188098,0.0783702870884282,-0.0878294400498347,-0.120477321615206,0.379315066678651,0.129418872531723,-0.395987862960724,0.0744702653521833,-0.16075879880427,-0.241043101825235,0.147323019864068,-0.0468600409805834,502.016153846154
42,-1.5349686989503,4.61189177587337,1.53846153846154,-0.229364983328614,0.239344424065974,0.00498972036868014,-0.110144892573591,0.475375663401418,0.182615385413913,-0.34883912952199,0.0656707893466962,-0.141584170087647,-0.257779693480953,0.111256930277575,-0.073261381601689,-0.160576729167112,0.326116402784964,0.082769836808926,-0.310051777058502,0.120556339812119,-0.0947477186231915,-0.292382377162099,0.103054034407182,-0.0946641713774585,502.11564448718
43,-1.5349686989503,4.61189177587337,1.53846153846154,-0.251088089888618,0.206094339421766,-0.0224968752334259,-0.158739126221671,0.438633297707055,0.139947085742692,-0.345762563389586,0.0662711102278647,-0.139745726580861,-0.273193427791864,0.0705948058651399,-0.101299310963362,-0.252057196199622,0.236613765627611,-0.00772171528600554,-0.299564592711451,0.171517443391312,-0.0640235746600691,-0.309366496907278,0.116935862395057,-0.0962153172561104,502.215894333333
44,-1.5349686989503,4.61189177587337,1.53846153846154,-0.278192503919641,0.144508111311193,-0.0668421963042238,-0.219278645566227,0.279037859573819,0.029879607003796,-0.305494745621828,0.137389492219308,-0.0840526267012599,-0.343765985758925,-0.0996433938929212,-0.221704689825923,-0.319980270460301,0.145941496656476,-0.0870193869019125,-0.253198476050712,0.275508752765513,0.0111551383574001,-0.333636429980441,0.095498966283449,-0.119068731848496,502.300004923077
45,-1.5349686989503,4.61189177587337,1.53846153846154,-0.242939838572327,0.260001292210421,0.00853072681904712,-0.287547603850351,0.093546729443001,-0.0970004372036751,-0.219317355920416,0.253175013243769,0.0169288286616765,-0.408915304485749,0.315694129693572,-0.0466105873960886,-0.322315943949198,0.108368253545677,-0.106973845201761,-0.188065126224494,0.37917660144387,0.0955557376096879,-0.364648782068298,0.0647844149465178,-0.14993218356089,502.39999748718
46,-1.5349686989503,4.61189177587337,1.53846153846154,-0.282752244328857,0.18707147825356,-0.0478403830376484,-0.255432347420109,0.185052602869019,-0.0351898722755451,-0.103566732005808,0.410678950085074,0.153556109039633,-0.312926652208889,0.140724639624579,-0.0861010062921551,-0.251847571242519,0.190648319544792,-0.0305996258488637,-0.117294527395437,0.435181860380219,0.158943666492391,-0.435359367022141,0.0199350815198672,-0.207712142751137,502.51641025641
47,-1.5349686989503,4.61189177587337,1.53846153846154,-0.340909857814226,0.077345814304363,-0.131782021754931,-0.232519441143055,0.325841249259996,0.0466609040584701,-0.0343010816180127,0.47244564316272,0.219072280772353,-0.308464826348044,0.149921091597262,-0.0792718673753907,-0.152691812630455,0.351765483316794,0.0995368353431694,-0.0633760938807123,0.532203725506161,0.234413815812724,-0.522148944602894,-0.065703181402468,-0.293926063002681,502.616157205128
48,-1.5349686989503,4.61189177587337,1.53846153846154,-0.384124882010968,-0.0114218877277386,-0.197773384869353,-0.233058177540151,0.37671296921178,0.0718273958358146,-0.0255652350944984,0.478278836409802,0.226356800657652,-0.280835624004763,0.109039443672386,-0.0858980901661881,-0.155447573703568,0.394105481347787,0.11932895382211,-0.00548609648796971,0.633307839691014,0.313910871601522,-0.586776075384753,-0.11246986409922,-0.349622969741987,502.716150807692
49,-1.5349686989503,4.61189177587337,1.53846153846154,-0.342554217634077,0.0398200456541552,-0.151367085989961,-0.239837296731176,0.391195814690423,0.0756792589796233,-0.0627212284102313,0.457281051832619,0.197279911711194,-0.283599617749597,0.0744146000603339,-0.104592508844632,-0.188038278156819,0.332920199991482,0.0724409609173312,0.0103828425536024,0.754374639904822,0.382378741229212,-0.542149145651557,-0.0558369716269025,-0.29899305863923,502.800004923077
50,-1.5349686989503,4.61189177587337,1.53846153846154,-0.336174533167131,0.114148152608513,-0.111013190279309,-0.25856613960291,0.410574099900474,0.076003980148782,-0.0949273449616665,0.404777146458266,0.1549249007483,-0.277671933355172,0.0580117372473075,-0.109830098053932,-0.239808465799747,0.24135047753522,0.000771005867736451,0.0118833372792083,0.709963675330077,0.360923506304643,-0.401525261331284,0.0825706062669901,-0.159477327532147,502.89999748718
51,-1.5349686989503,4.61189177587337,1.53846153846154,-0.345612554829196,0.0335498060276741,-0.156031374400761,-0.255989649851931,0.405242426026972,0.0746263880875206,-0.0658579625286303,0.400905240079746,0.167523638775558,-0.259076734419764,0.0750154298064947,-0.0920306523066348,-0.204020616901799,0.241277364818594,0.018628373958397,-0.0449106615718497,0.548780555773921,0.251934947101036,-0.287529361992395,0.192801518045739,-0.0473639219733278,503.016410461539
52,-1.5349686989503,4.61189177587337,1.53846153846154,-0.337114271422217,-0.0391309010568897,-0.188122586239553,-0.283286162897632,0.254614843033398,-0.0143356599321168,-0.0444468025848989,0.442877530238106,0.199215363826603,-0.261174831629131,0.128292067085396,-0.0664413822718674,-0.176486693932778,0.257684838066891,0.0405990720670566,-0.0610060460600248,0.454155876974206,0.196574915457091,-0.226640272743946,0.255641663442159,0.0145006953491062,503.116157205128
53,-1.5349686989503,4.61189177587337,1.53846153846154,-0.359755698423981,-0.0866831963797906,-0.223219447401886,-0.288358335639486,0.168174268346656,-0.0600920336464147,0.00242132834381713,0.595944636665307,0.299182982504562,-0.258122507797502,0.12300478561882,-0.0675588610893406,-0.165428046003547,0.265207162910114,0.0498895584532839,-0.0755498468155497,0.421227635997427,0.172838894590939,-0.215332811892029,0.289696995662436,0.0371820918852036,503.216150653846
54,-1.5349686989503,4.61189177587337,1.53846153846154,-0.354114229822913,-0.110691896697433,-0.232403063260173,-0.258293467990198,0.190355367342759,-0.0339690503237196,-0.00364251323179392,0.629597732514444,0.312977609641325,-0.27882002139525,0.0752315568608201,-0.101794232267215,-0.177666832062865,0.229289945173308,0.0258115565552215,-0.120731148796999,0.36690781092401,0.123088331063506,-0.242127447149924,0.26850592088971,0.0131892368698931,503.300004923077
55,-1.5349686989503,4.61189177587337,1.53846153846154,-0.358779883199951,-0.140580952904309,-0.24968041805213,-0.189754760840031,0.247944537765997,0.0290948884629833,-0.0163567926510903,0.592314848859374,0.287979028104142,-0.311479040903176,0.000988797087689336,-0.155245121907743,-0.0936151283409241,0.345140753839486,0.125762812749281,-0.200681724775741,0.267631806039334,0.0334750406317966,-0.262970236107529,0.191155643061205,-0.0359072965231619,503.39999748718
56,-1.5349686989503,4.61189177587337,1.53846153846154,-0.396570810326377,-0.16253791109735,-0.279554360711864,-0.112343153890128,0.336100281526002,0.111878563817937,-0.043460616951484,0.460398816802279,0.208469099925398,-0.353165144931713,-0.0989158439166272,-0.22604049442417,-0.0532431708346883,0.44849475413936,0.197625791652336,-0.283264650372864,0.137062730380134,-0.0731009599963646,-0.32271989478822,0.0693379290444529,-0.126690982871883,503.516154051282
57,-1.5349686989503,4.61189177587337,1.53846153846154,-0.43083945795527,-0.169217668637516,-0.300028563296393,-0.0707259784807255,0.470805662563257,0.200039842041266,-0.117378952198208,0.310095621547618,0.0963583346747048,-0.37529968501329,-0.138526457129678,-0.256913071071484,0.0190107805331433,0.540344588293087,0.279677684413115,-0.281489845989667,0.146784689276232,-0.0673525783567172,-0.350881252859348,0.0177745359866471,-0.16655335843635,503.615900858974
58,-1.5349686989503,4.61189177587337,1.53846153846154,-0.420877815869894,-0.0875507198506585,-0.254214267860276,-0.0708159555242001,0.517175446209719,0.22317974534276,-0.216810997071493,0.180761249654371,-0.018024873708561,-0.363763739258923,-0.146109714471801,-0.254936726865362,0.040863641278645,0.542676384625065,0.291770012951855,-0.303583683973281,0.130970407819087,-0.0863066380770972,-0.33591303767895,0.054676730080388,-0.140618153799281,503.716150653846
59,-1.5349686989503,4.61189177587337,1.53846153846154,-0.422334954996712,0.082963191810864,-0.169685881592924,-0.1335012451201,0.438426871149635,0.152462813014768,-0.287442130115008,0.11410286315355,-0.0866696334807289,-0.350991867982696,-0.0822786829163857,-0.216635275449541,0.0621767213133767,0.583222710997351,0.322699716155364,-0.322176300103694,0.126841099033899,-0.0976676005348978,-0.289089834615959,0.142684983588274,-0.0732024255138425,503.800004923077
60,-1.5349686989503,4.61189177587337,1.53846153846154,-0.423472188810269,0.207403019063288,-0.10803458487349,-0.16980023123138,0.348977772097593,0.0895887704331063,-0.331724370457084,0.06237561623466,-0.134674377111212,-0.324576730815107,-0.0389085495363916,-0.181742640175749,0.0456755217156651,0.579532575631632,0.312604048673649,-0.30981178870774,0.138031072730091,-0.0858903579888246,-0.237154537504436,0.222100677529626,-0.00752692998740535,503.899997602564
61,-1.5349686989503,4.61189177587337,1.53846153846154,-0.362306771750292,0.21499774004851,-0.0736545158508912,-0.227746787369923,0.296572523698119,0.0344128681640982,-0.282249027730012,0.111717848501769,-0.0852655896141217,-0.274802670887256,0.0129732001536885,-0.130914735366784,-0.021962411072135,0.503641351162275,0.24083947004507,-0.29325856342438,0.142185071318477,-0.0755367460529514,-0.244190065313891,0.271877515138755,0.0138437249124322,504.01641025641
62,-1.5349686989503,4.61189177587337,1.53846153846154,-0.354849429893633,0.126073582463989,-0.114387923714822,-0.276261179223618,0.271634302208878,-0.00231343850736984,-0.23219956366948,0.174086546585097,-0.0290565085421914,-0.260919563054391,0.0557633103588788,-0.102578126347756,-0.148209756855474,0.343517636077471,0.0976539396109986,-0.23349413480741,0.195808856650013,-0.0188426390786985,-0.24529139077657,0.297425625894018,0.026067117558724,504.116413589744
63,-1.5349686989503,4.61189177587337,1.53846153846154,-0.411207601464524,0.0276698118404665,-0.191768894812029,-0.304478586681546,0.163207526214972,-0.0706355302332871,-0.201358379742841,0.263881843594987,0.031261731926073,-0.278855648264077,0.0590378289713067,-0.109908909646385,-0.21476201972085,0.285898268263224,0.035568124271187,-0.219540875075613,0.192495305040701,-0.0135227850174558,-0.289600591154763,0.23781640844239,-0.0258920913561867,504.216407128205
64,-1.5349686989503,4.61189177587337,1.53846153846154,-0.448543252739707,-0.0417734278961102,-0.245158340317908,-0.284689060291599,0.135169037044103,-0.0747600116237479,-0.202767768539281,0.301804724207122,0.0495184778339209,-0.269715256449428,0.0804153499014152,-0.0946499532740065,-0.203000248964695,0.286467967556304,0.0417338592958042,-0.241407591457851,0.162248085232199,-0.0395797531128259,-0.3454386791087,0.176801940045516,-0.0843183695315923,504.300004923077
65,-1.5349686989503,4.61189177587337,1.53846153846154,-0.452561885454538,-0.114767907943477,-0.283664896699007,-0.24849983506461,0.159366098147154,-0.0445668684587278,-0.21865236901366,0.304357031614466,0.0428523313004033,-0.298782116920203,0.044714929589638,-0.127033593665282,-0.104380905094244,0.374430089135843,0.135024592020799,-0.271338286744963,0.102301645957193,-0.0845183203938847,-0.410294795281167,0.097555287710251,-0.156369753785458,504.399997487179
66,-1.5349686989503,4.61189177587337,1.53846153846154,-0.425600230568373,0.0182783986223926,-0.20366091597299,-0.228414301352665,0.194241750836585,-0.0170862752580399,-0.229070303493392,0.274235760228283,0.0225827283674453,-0.272623432136274,0.0448007098628729,-0.113911361136701,-0.0618023787163881,0.393537567732247,0.165867594507929,-0.233661297794806,0.122992647965914,-0.0553343249144462,-0.423229718283786,0.0643782084212488,-0.179425754931269,504.515897641026
67,-1.5349686989503,4.61189177587337,1.53846153846154,-0.353211928144222,0.128734578745793,-0.112238674699214,-0.253987898431906,0.177059054766324,-0.0384644218327911,-0.218955984971518,0.310319063923178,0.0456815394758299,-0.28400411774643,0.00373104294951382,-0.140136537398458,-0.154001735726593,0.292014078261161,0.069006171267284,-0.166075789304683,0.215895543251238,0.0249098769732775,-0.401646862024407,0.0687555866027574,-0.166445637710825,504.615900897436
68,-1.5349686989503,4.61189177587337,1.53846153846154,-0.327521776339471,0.18130462189009,-0.0731085772246902,-0.277359250877628,0.169798889549127,-0.0537801806642508,-0.221225087280911,0.383882198323647,0.081328555521368,-0.292152047763454,-0.037471522031054,-0.164811784897254,-0.230334630064618,0.228692419456771,-0.000821105303923646,-0.117532233402803,0.303047685613346,0.0927577261052713,-0.380375115420986,0.0758113996271672,-0.15228185789691,504.716407128205
69,-1.5349686989503,4.61189177587337,1.53846153846154,-0.361277942872445,0.105477702895516,-0.127900119988464,-0.238524994966666,0.232140804015118,-0.0031920954757741,-0.220358796911186,0.440178237691302,0.109909720390058,-0.320386634653173,0.0124861200455435,-0.153950257303815,-0.237008011133634,0.249684448212966,0.00633821853966627,-0.154957417550932,0.310631265265665,0.0778369238573666,-0.350155190501134,0.109545999134374,-0.12030459568338,504.800005153846
70,-1.5349686989503,4.61189177587337,1.53846153846154,-0.337435491060059,0.12875154689956,-0.104341972080249,-0.174490265315954,0.315970859066869,0.0707402968754577,-0.268748866108636,0.339564064561197,0.0354075992262805,-0.359377110074374,-0.00238484576667339,-0.180880977920524,-0.206818579717971,0.276098041592083,0.0346397309370561,-0.199233153882701,0.308350307146304,0.0545585766318016,-0.295684243701299,0.180169116647577,-0.057757563526861,504.899997641026
71,-1.5349686989503,4.61189177587337,1.53846153846154,-0.324230115584276,0.160692309577269,-0.0817689030035039,-0.165056173569676,0.389325827985041,0.112134827207682,-0.284420947568147,0.317207561555814,0.0163933069938332,-0.386912118259637,0.0125109331656314,-0.187200592547003,-0.22018770506339,0.269192091275977,0.0245021931062935,-0.275559882329498,0.20294013987492,-0.0363098712272894,-0.230580124103593,0.251161441007489,0.0102906584519482,505.01641025641
72,-1.5349686989503,4.61189177587337,1.53846153846154,-0.30750652370312,0.151424234024572,-0.0780411448392742,-0.163507728327945,0.355348500734111,0.0959203862030828,-0.247592615970869,0.358286472060366,0.0553469280447486,-0.359898920518042,0.0362678135743324,-0.161815553471855,-0.264608796193325,0.241751723297298,-0.0114285364480137,-0.318873482339812,0.123078939996191,-0.0978972711718103,-0.215324470107841,0.24243484293366,0.0135551864129098,505.116413589744
73,-1.5349686989503,4.61189177587337,1.53846153846154,-0.386736446852193,0.0242546218760461,-0.181240912488073,-0.134965907540165,0.351401836233501,0.108217964346668,-0.232570583595942,0.387455865035255,0.0774426407196567,-0.310095681693265,0.147704565195633,-0.081195558248816,-0.277820941971748,0.221499617387711,-0.0281606622920181,-0.378052263914348,0.0341117468675086,-0.17197025852342,-0.185140503823338,0.21875176876998,0.0168056324733211,505.216406974359
74,-1.5349686989503,4.61189177587337,1.53846153846154,-0.388859131383558,0.0427613049417637,-0.173048913220897,-0.108487737381834,0.385217648236309,0.138364955427238,-0.23925210878909,0.367730310440015,0.0642391008254625,-0.283244608615339,0.2240483874636,-0.0295981105758695,-0.265084945684165,0.21152915661128,-0.0267778945364425,-0.411231675996396,-0.00511131857231672,-0.208171497284356,-0.156984204997613,0.238270492509087,0.040643143755737,505.300005153846
75,-1.5349686989503,4.61189177587337,1.53846153846154,-0.42810155303752,0.0411960190244789,-0.193452767006521,-0.128320123757916,0.357928051806323,0.114803964024203,-0.228532439459027,0.400406150920608,0.0859368557307905,-0.288588407727057,0.767853284702707,0.239632438487825,-0.273624477739763,0.195613221142547,-0.0390056282986077,-0.411175056326029,0.000834491572471855,-0.205170282376779,-0.194016325745313,0.246529431378365,0.026256552816526,505.399997641026
76,-1.5349686989503,4.61189177587337,1.53846153846154,-0.462419563882047,0.0479353820097427,-0.207242090936152,-0.161074874189671,0.292804282475008,0.0658647041426683,-0.25688931692358,0.229616335130895,-0.0136364908963424,-0.257433283781368,0.641788902673084,0.192177809445858,-0.238413417482224,0.219078809122025,-0.00966730418009965,-0.41402025951854,0.0506676981861417,-0.181676280666199,-0.19098488476752,0.265822908089682,0.0374190116610807,505.51641025641
77,-1.5349686989503,4.61189177587337,1.53846153846154,-0.471239794873464,-0.063631197523778,-0.267435496198621,-0.21559950410864,0.201441301025017,-0.00707910154181171,-0.269164482201232,0.149803692635063,-0.0596803947830846,-0.240272480132232,0.390706231791332,0.0752168758295502,-0.217312089728097,0.254031048670746,0.0183594794713244,-0.37962600128063,0.122319071699801,-0.128653464790414,-0.1490347190346,0.292424552580972,0.0716949167731862,505.616413589744
78,-1.5349686989503,4.61189177587337,1.53846153846154,-0.427528061852532,-0.0955327321103531,-0.261530396981442,-0.288100523378471,0.138159135481003,-0.0749706939487344,-0.31025973128211,0.0765942085423694,-0.11683276136987,-0.27069023557137,0.220230366572074,-0.025229934499648,-0.203657115797632,0.263232228267479,0.0297875562349235,-0.337452871275536,0.172148358234529,-0.0826522565205034,-0.0668133923095992,0.36039822369252,0.146792415691461,505.716406974359
79,-1.5349686989503,4.61189177587337,1.53846153846154,-0.400367473109321,-0.0821923305829162,-0.241279901846119,-0.368730919904478,0.0929310012160224,-0.137899959344228,-0.29857941525311,0.0745513316185802,-0.112014041817265,-0.297954237070496,0.174812363077712,-0.0615709369963921,-0.177925870283012,0.300376759762787,0.0612254447398877,-0.291697674271217,0.201074650194731,-0.0453115120382433,-0.0109226032298755,0.398823715199166,0.193950555984645,505.800004923077
80,-1.5349686989503,4.61189177587337,1.53846153846154,-0.378871210434216,-0.0307076099272904,-0.204789410180753,-0.401673569769804,0.0874384289109198,-0.157117570429442,-0.303312041746803,0.0677352209694043,-0.1177884103887,-0.311342070188797,0.105165129142625,-0.103088470523086,-0.121610094816413,0.296527221096184,0.0874585631398856,-0.304619741595084,0.142262513911206,-0.0811786138419392,-0.0055108753876439,0.410872643440078,0.202680884026217,505.89999748718
81,-1.5349686989503,4.61189177587337,1.53846153846154,-0.334753551936937,0.0202045162567955,-0.157274517840071,-0.387626142392777,0.0966124716648143,-0.145506835363981,-0.252028824775828,0.150351864167993,-0.0508384803039176,-0.32112020732712,0.0540053361129959,-0.133557435607062,-0.138550242163126,0.271935684582101,0.0666927212094875,-0.336728631966653,0.0963451330737342,-0.12019174944646,-0.0576123599718678,0.360824316738897,0.151605978383515,506.016153846154
82,-1.5349686989503,4.61189177587337,1.53846153846154,-0.316211290606894,0.0564870070685727,-0.129862141769161,-0.329823716202154,0.132350381808559,-0.0987366671967972,-0.237903391342879,0.202618845099933,-0.0176422731214732,-0.335536900810543,-0.0437271181898045,-0.189632009500174,-0.175812144223531,0.273160552583608,0.0486742041800387,-0.319291742795516,0.141549532659285,-0.0888711050681157,-0.0566470513243834,0.38044565116535,0.161899299920483,506.11615724359
83,-1.5349686989503,4.61189177587337,1.53846153846154,-0.294084437502258,0.15729059393622,-0.0683969217830189,-0.270800756249428,0.201027778573529,-0.0348864888379494,-0.247921668792067,0.222103559640351,-0.0129090545758579,-0.361092973637446,-0.102629426712686,-0.231861200175066,-0.176080323956031,0.343016458351605,0.0834680671977866,-0.268717143201005,0.21432058341675,-0.0271982798921274,-0.0412089705670092,0.407898097374529,0.18334456340376,506.216407128205
84,-1.5349686989503,4.61189177587337,1.53846153846154,-0.341494265591949,0.189691405329309,-0.0759014301313205,-0.248430461133698,0.23677330395714,-0.00582857858827922,-0.271334225014672,0.213654184729297,-0.0288400201426875,-0.356755842623064,-0.0313701232976639,-0.194062982960364,-0.151910161403867,0.377866317470668,0.1129780780334,-0.249855082226645,0.256658100767135,0.00340150927024493,-0.0494225141526831,0.423007641083736,0.186792563465526,506.300004923077
85,-1.5349686989503,4.61189177587337,1.53846153846154,-0.383340335028616,0.120321172846725,-0.131509581090946,-0.212941959035981,0.278283036926742,0.0326705389453801,-0.258794208764376,0.216802891315828,-0.0209956587242743,-0.322824399116727,0.028739374738084,-0.147042512189322,-0.125074723232999,0.351746150036651,0.113335713401826,-0.275286493973715,0.241220274079411,-0.0170331099471518,-0.0349933058045599,0.425003652989814,0.195005173592627,506.3998265
86,-1.5349686989503,4.61189177587337,1.53846153846154,-0.395167746260898,0.0552511798676452,-0.169958283196626,-0.258256275755509,0.213402367520896,-0.0224269541173064,-0.254970503622523,0.152577819997582,-0.0511963418124703,-0.281098164830177,0.0962073508752133,-0.0924454069774819,-0.0836480947876028,0.395720073658585,0.156035989435491,-0.301785440081159,0.232482290245717,-0.034651574917721,-0.0301853705306115,0.406004951596993,0.187909790533191,506.516154051282
87,-1.5349686989503,4.61189177587337,1.53846153846154,-0.319995039678394,0.129064671406361,-0.0954651841360165,-0.280987340785986,0.203010531316992,-0.0389884047344973,-0.289090214194848,0.0785473437169139,-0.105271435238967,-0.2472954508466,0.254447312174336,0.00357593066386831,-0.0130698927443401,0.463314801610871,0.225122454433265,-0.30146168873188,0.216115406292962,-0.042673141219459,-0.0150665027597173,0.393219865924227,0.189076681582255,506.615900794872
88,-1.5349686989503,4.61189177587337,1.53846153846154,-0.201552753737574,0.321792623543933,0.0601199349031792,-0.235394307304613,0.155560006614492,-0.0399171503450606,-0.398865406333704,-0.0527758344635143,-0.225820620398609,-0.221418294977238,0.347140216329745,0.0628609606762538,-0.0222946581060672,0.401687901070709,0.189696621482321,-0.342510503023943,0.123406624691366,-0.109551939166288,-0.0078149958153301,0.39576130850045,0.19397315634256,506.715894294872
89,-1.5349686989503,4.61189177587337,1.53846153846154,-0.142334169812791,0.471045963929334,0.164355897058271,-0.162572814422444,0.277507830305915,0.0574675079417355,-0.488372463649056,-0.131560433634099,-0.309966448641578,-0.241704541022382,0.334638116015306,0.0464667874964619,-0.099156534698509,0.312002986515177,0.106423225908334,-0.330625610304825,0.164934855200412,-0.0828453775522064,-0.037942757783087,0.350908494611528,0.156482868414221,506.800005076923
90,-1.5349686989503,4.61189177587337,1.53846153846154,-0.136625994050215,0.288140899591112,0.0757574527704482,-0.143773160803304,0.310034799731791,0.083130819464244,-0.531398334025944,-0.212605831856027,-0.372002082940986,-0.295337542952521,0.174577750678866,-0.0603798961368277,-0.171082809764871,0.233072694185796,0.0309949422104624,-0.269390471546262,0.266984161308695,-0.00120315511878356,-0.069506619277582,0.292384938134548,0.111439159428483,506.899997628205
91,-1.5349686989503,4.61189177587337,1.53846153846154,-0.185998620808733,0.18473565262946,-0.000631484089636611,-0.21513701474073,0.216002220008516,0.000432602633893028,-0.546540019061656,-0.252004855607558,-0.399272437334607,-0.277112364090023,0.192068836785189,-0.042521763652417,-0.228047070236987,0.195194340303969,-0.0164263649665089,-0.187875313415708,0.348834501526688,0.0804795940554899,-0.0650759423845381,0.266905890918052,0.100914974266757,507.015897435897
92,-1.5349686989503,4.61189177587337,1.53846153846154,-0.225752824184292,0.159013927675091,-0.0333694482546006,-0.268274519249718,0.255330238574193,-0.00647214033776242,-0.545959787368422,-0.265951033291071,-0.405955410329747,-0.21525582412951,0.251019447679262,0.0178818117748758,-0.240156472127257,0.228973194251377,-0.00559163893793972,-0.139109013640048,0.376106933315326,0.118498959837639,-0.0816041800802941,0.26163990574029,0.0900178628299982,507.115644448718
93,-1.5349686989503,4.61189177587337,1.53846153846154,-0.262973146734019,0.121856671684698,-0.0705582375246607,-0.234097310737401,0.32195602364528,0.0439293564539396,-0.55883817569197,-0.301153262337932,-0.429995719014951,-0.197852401581744,0.297656271619375,0.0499019350188157,-0.170741789442428,0.286758150590508,0.0580081805740401,-0.123597599420135,0.369143706767308,0.122773053673586,-0.104153691574744,0.255608904673237,0.0757276065492469,507.215894602564
94,-1.5349686989503,4.61189177587337,1.53846153846154,-0.291702405706187,0.151424014495215,-0.0701391956054858,-0.192143333389103,0.369827390784206,0.0888420286975514,-0.545984695170589,-0.297864445866657,-0.421924570518623,-0.180920368177065,0.344464932888064,0.0817722823554994,-0.134978819335329,0.311323635864995,0.0881724082648328,-0.152561018091033,0.317344472441542,0.0823917271752544,-0.119131640505552,0.255331668570706,0.0681000140325774,507.300004846154
95,-1.5349686989503,4.61189177587337,1.53846153846154,-0.301007232311977,0.210084443371099,-0.0454613944704391,-0.160588340417854,0.261917264516869,0.0506644620495078,-0.509242993385927,-0.266851430334957,-0.388047211860442,-0.174254638942745,0.39618101533661,0.110963188196932,-0.155608600436822,0.260255168367953,0.0523232839655654,-0.229745573321396,0.254338398902211,0.0122964127904075,-0.152762078943238,0.276423473611295,0.0618306973340286,507.399997474359
96,-1.55990709768866,4.68490709768866,1.5625,-0.309582983953854,0.147159277846841,-0.0812118530535063,-0.187324111372498,0.236644847339899,0.0246603679837009,-0.491718952004894,-0.182215596478895,-0.336967274241894,-0.167889589949425,0.270446082977966,0.0512782465142707,-0.182205526100058,0.226498686039025,0.0221465799694833,-0.292641486645814,0.213609606755858,-0.039515939944978,-0.188233382097353,0.271915702450541,0.041841160176594,507.516145833333
97,-1.5349686989503,4.61189177587337,1.53846153846154,-0.306642000114836,0.0261044732045224,-0.140268763455157,-0.225121568257656,0.160312893016014,-0.0324043376208211,-0.450110492743841,-0.062897176339742,-0.256503834541791,-0.246888673837529,0.024918122216746,-0.110985275810392,-0.176467557508148,0.219129587976074,0.0213310152339629,-0.271123522950362,0.16901780510035,-0.0510528589250061,-0.257372759564773,0.169640119591892,-0.0438663199864404,507.616521025641
98,-1.5349686989503,4.61189177587337,1.53846153846154,-0.398421684423874,-0.0740867539341196,-0.236254219178997,-0.256925696536813,0.118243767315332,-0.0693409646107404,-0.392013532518351,0.0582291931497305,-0.16689216968431,-0.306749289931441,-0.0740808185393329,-0.190415054235387,-0.179923415882494,0.248159609445124,0.034118096781315,-0.227785660327679,0.200996181673,-0.0133947393273396,-0.277312859251627,0.126500837289975,-0.0754060109808262,507.715895833333
99,-1.5349686989503,4.61189177587337,1.53846153846154,-0.396652988527866,-0.0913922034654952,-0.244022595996681,-0.25573095658547,0.16950098189264,-0.0431149873464148,-0.347591662492731,0.165815387426759,-0.090888137532986,-0.296125656770717,-0.0347989806182861,-0.165462318694502,-0.200608077827136,0.250927623261628,0.0251597727172458,-0.212337779361559,0.206364423140228,-0.00298667811066576,-0.265538316912007,0.133163000067867,-0.0661876584220699,507.800004846154
100,-1.5349686989503,4.61189177587337,1.53846153846154,-0.393236616562137,-0.116096898356814,-0.254666757459475,-0.233117590317076,0.258436796092737,0.0126596028878306,-0.323912403308597,0.217138244115421,-0.0533870795965883,-0.233685091447078,0.136000256989389,-0.0488424172288446,-0.19614600805689,0.239109548029102,0.021481769986106,-0.211951975168831,0.208188125792388,-0.00188192468822126,-0.252674911092265,0.121034711195593,-0.065820099948336,507.899997474359
101,-1.5349686989503,4.61189177587337,1.53846153846154,-0.329539886209716,0.0255281957515835,-0.152005845229066,-0.225941119801901,0.309061796903436,0.0415603385507673,-0.36919649136902,0.170907445452059,-0.0991445229584806,-0.170518393190029,0.339212812707655,0.0843472097588132,-0.177058512199951,0.246756231800159,0.0348488598001036,-0.263940713307473,0.13812560143169,-0.0629075559378917,-0.220725745911266,0.181821316539936,-0.0194522146856652,508.016154051282
102,-1.5349686989503,4.61189177587337,1.53846153846154,-0.298260633551109,0.124817752528791,-0.086721440511159,-0.199299694146316,0.277360098260542,0.0390302020571131,-0.413787446572919,0.0159909252733473,-0.198898260649786,-0.148512456926091,0.341546001419357,0.0965167722466327,-0.179128867908808,0.257126007338127,0.0389985697146594,-0.291478481298156,0.0960669016419788,-0.0977057898280884,-0.268579807192476,0.152252170764645,-0.0581638182139156,508.116157179487
103,-1.5349686989503,4.61189177587337,1.53846153846154,-0.25270492666051,0.186154448188621,-0.0332752392359445,-0.138666095556781,0.309120238000251,0.0852270712217351,-0.447821181725201,-0.052283301945119,-0.25005224183516,-0.171479895388805,0.237212428493698,0.0328662665524467,-0.267003787145907,0.202845289229816,-0.0320792489580454,-0.2795513060807,0.0714054017748885,-0.104072952152906,-0.312545459169133,0.171144618009917,-0.0707004205796078,508.216150769231
104,-1.5349686989503,4.61189177587337,1.53846153846154,-0.24778169067971,0.228367774529869,-0.0097069580749204,-0.136635377473914,0.327167134196308,0.0952658783611969,-0.47427581224998,-0.0304178410664705,-0.252346826658225,-0.235974437641646,0.154964398104105,-0.0405050197687704,-0.285942474641854,0.203214714795636,-0.0413638799231087,-0.240952513922955,0.0961457738871487,-0.0724033700179029,-0.317287622228914,0.219497820710421,-0.0488949007592463,508.308078538462
105,-1.5349686989503,4.61189177587337,1.53846153846154,-0.206028897242796,0.283175974443033,0.0385735386001188,-0.147268099820368,0.322941493503249,0.0878366968414405,-0.479225929850296,-0.0416339769980716,-0.260429953424184,-0.292840579827251,0.0788364550318707,-0.10700206239769,-0.28816817746109,0.138185947044113,-0.0749911152084885,-0.228203024770892,0.0971487281847682,-0.0655271482930621,-0.301166156135014,0.249797668614621,-0.0256842437601961,508.399996666667
106,-1.5349686989503,4.61189177587337,1.53846153846154,-0.225304132293617,0.430542943271441,0.102619405488912,-0.202173142977558,0.210239705451651,0.0040332812370461,-0.439085354108121,-0.0492274441661507,-0.244156399137136,-0.338993383312997,0.0341286844797115,-0.152432349416643,-0.223995217954802,0.172279741025709,-0.0258577384645462,-0.210023435493948,0.127613833714474,-0.0412048008897372,-0.257596798960454,0.293415593692216,0.017909397365881,508.5
107,-1.5349686989503,4.61189177587337,1.53846153846154,-0.283482132418863,0.322465336223026,0.0194916019020814,-0.244982237721157,0.122631798262757,-0.0611752197291998,-0.409259100787898,-0.0889624996441526,-0.249110800216025,-0.372942987378912,-0.050909179079139,-0.211926083229025,-0.18183553277666,0.208371977516472,0.0132682223699058,-0.19384188496465,0.145370486343108,-0.0242356993107708,-0.147622084151895,0.379775632017138,0.116076773932621,508.599920871795
108,-1.5349686989503,4.61189177587337,1.53846153846154,-0.331928310412546,0.147464608833668,-0.0922318507894392,-0.282063388179812,0.0956819229873476,-0.093190732596232,-0.383157568839635,-0.0430197621036644,-0.21308866547165,-0.373700892058491,-0.0873553598649665,-0.230528125961729,-0.129776373869677,0.284493652678069,0.0773586394041958,-0.153367407918464,0.178113652222867,0.0123731221522014,-0.0868632941963038,0.398103815558285,0.155620260680991,508.7
109,-1.5349686989503,4.61189177587337,1.53846153846154,-0.308762985737004,0.107430865725484,-0.10066606000576,-0.318549477695309,0.153153979028957,-0.0826977493331758,-0.367109449266666,0.0504884910256426,-0.158310479120512,-0.354656057232024,-0.0240626498971615,-0.189359353564593,-0.102811342394666,0.338070086970448,0.117629372287891,-0.149063254590969,0.16181562932673,0.00637618736788046,-0.0882857091306323,0.378585913139132,0.14515010200425,508.8
110,-1.5349686989503,4.61189177587337,1.53846153846154,-0.279650963414228,0.111829683675585,-0.0839106398693215,-0.284836714571944,0.286647802365195,0.000905543896625526,-0.399370786872194,0.043436027926798,-0.177967379472698,-0.303801468548243,0.0930616897257159,-0.105369889411264,-0.0711492906462997,0.40795925871263,0.168404984033165,-0.182669748717102,0.166621532985348,-0.00802410786587731,-0.114053652071993,0.368982987071192,0.1274646674996,508.899996974359
111,-1.5349686989503,4.61189177587337,1.53846153846154,-0.257436609390026,0.0872182383826083,-0.085109185503709,-0.216440510566428,0.356081232172653,0.0698203608031124,-0.410762242018881,-0.0202517935954833,-0.215507017807182,-0.262196025524742,0.148888957804259,-0.0566535338602417,-0.0763424212073439,0.404988206922636,0.164322892857646,-0.291476171856021,0.154624150193947,-0.0684260108310368,-0.172936940711839,0.318158218409992,0.0726106388490766,509
112,-1.5349686989503,4.61189177587337,1.53846153846154,-0.282772135516676,0.0419949914850561,-0.12038857201581,-0.125628780010122,0.387029408544662,0.13070031426727,-0.423529724201986,-0.120950489095006,-0.272240106648496,-0.242469731672151,0.0600780824146285,-0.0911958246287612,-0.0491668631094468,0.414158327509916,0.182495732200235,-0.351585951886401,0.107973478924365,-0.121806236481018,-0.225276152857404,0.251380983769868,0.0130524154562323,509.100003333333
113,-1.5349686989503,4.61189177587337,1.53846153846154,-0.287826527277414,0.00895029467769624,-0.139438116299859,-0.0669772746532383,0.410920035357288,0.171971380352025,-0.437773673524764,-0.173236062833843,-0.305504868179303,-0.212135380752549,0.0559385731418442,-0.0780984038053526,-0.0102666207601116,0.456260388579678,0.222996883909783,-0.343351520617015,0.0161153361562082,-0.163618092230404,-0.312012251290987,0.147366759753666,-0.0823227457686603,509.200085435897
114,-1.5349686989503,4.61189177587337,1.53846153846154,-0.330423135105955,-0.0748208509492418,-0.202621993027598,-0.03516372093748,0.420811113900878,0.192823696481699,-0.450332913375493,-0.163722005842247,-0.30702745960887,-0.180493235064727,0.136967151290321,-0.0217630418872029,-0.0496514437294273,0.429310405797596,0.189829481034085,-0.297512748422333,0.00777391426844145,-0.144869417076946,-0.316256173017232,0.140558827712519,-0.0878486726523562,509.300000076923
115,-1.5349686989503,4.61189177587337,1.53846153846154,-0.36701539971818,-0.0772462634545479,-0.222130831586364,-0.0661746062069814,0.358864375591157,0.146344884692088,-0.42232710879167,-0.112509882263774,-0.267418495527722,-0.146833178490432,0.358113552815148,0.105640187162358,-0.089120703117169,0.36655945183443,0.13871937435863,-0.242887411863922,0.0607858361593176,-0.0910507878523021,-0.305125847750389,0.127181138127309,-0.0889723548115401,509.399996935898
116,-1.5349686989503,4.61189177587337,1.53846153846154,-0.426405063644463,-0.106402742105938,-0.266403902875201,-0.113262171121934,0.306239886708718,0.0964888577933917,-0.348234502953715,0.00116218703560046,-0.173536157959057,-0.15258148596719,0.398810103825436,0.123114308929123,-0.105145074358185,0.335612360918103,0.115233643279959,-0.184680310091167,0.138564977338532,-0.0230576663763175,-0.248313537595121,0.15805474369881,-0.0451293969481555,509.500256410256
117,-1.5349686989503,4.61189177587337,1.53846153846154,-0.404865797132083,0.0337541445269922,-0.185555826302546,-0.142847581750178,0.373192474114997,0.115172446182409,-0.296637787233697,0.0746977236736521,-0.110970031780022,-0.11535884851147,0.419119767724422,0.151880459606476,-0.148566653506172,0.336272439094215,0.0938528927940217,-0.186279326197778,0.191341872598616,0.00253127320041935,-0.272456217793956,0.119966595904912,-0.0762448109445221,509.60025974359
118,-1.5349686989503,4.61189177587337,1.53846153846154,-0.294995119490911,0.174499746983356,-0.0602476862537772,-0.133877717898379,0.403194248624014,0.134658265362817,-0.209482839854507,0.247725445357704,0.0191213027515985,-0.180048504250243,0.266378627677621,0.0431650617136893,-0.163941689152439,0.321237183602954,0.0786477472252579,-0.202247821338285,0.199146336203839,-0.00155074256722275,-0.318634544101437,0.21619458421597,-0.0512199799427332,509.700256564103
119,-1.5349686989503,4.61189177587337,1.53846153846154,-0.212391553091941,0.294331630606226,0.0409700387571427,-0.131759321596078,0.385849860319899,0.127045269361911,-0.184563448031333,0.216274169227212,0.0158553605979398,-0.220839318631188,0.232297427080514,0.00572905422466299,-0.193469150408776,0.272190314867013,0.0393605822291186,-0.183950747917243,0.231458231349974,0.0237537417163655,-0.395529592241956,0.173738111021755,-0.110895740610101,509.800000282051
120,-1.5349686989503,4.61189177587337,1.53846153846154,-0.206949059192247,0.262730388844532,0.0278906648261422,-0.115366911993388,0.376369470671566,0.130501279339089,-0.153564622573875,0.275323299891676,0.0608793386589007,-0.276516837381128,0.214331635837384,-0.0310926007718719,-0.249145405905846,0.208157443524173,-0.0204939811908362,-0.169581016814464,0.272728351031259,0.0515736671083974,-0.409162789720336,0.168860554220515,-0.120151117749911,509.899996987179
121,-1.5349686989503,4.61189177587337,1.53846153846154,-0.2185203825083,0.286495074002831,0.0339873457472658,-0.110035120912963,0.36887267803978,0.129418778563408,-0.162156646257004,0.335644502518141,0.0867439281305686,-0.259380473508485,0.236004623990603,-0.011687924758941,-0.239157059291698,0.234227960600247,-0.00246454934572578,-0.185614816295779,0.284956182819412,0.0496706832618166,-0.370176336287309,0.14899465838644,-0.110590838950434,510.000256410256
122,-1.5349686989503,4.61189177587337,1.53846153846154,-0.190371079992233,0.402281959955354,0.105955439981561,-0.133433468195391,0.327762392851181,0.0971644623278951,-0.194308441784083,0.318507149287759,0.0620993537518382,-0.24659182778432,0.400289581244591,0.0768488767301354,-0.194710745359754,0.272093988111444,0.0386916213758448,-0.243605978878278,0.22168487383566,-0.010960552521309,-0.302321250818831,0.162649365010317,-0.0698359429042572,510.10025974359
123,-1.5349686989503,4.61189177587337,1.53846153846154,-0.170282065304888,0.474818935433615,0.152268435064363,-0.196558527521918,0.241030952128029,0.0222362123030551,-0.240894072883321,0.236297544520211,-0.00229826418155474,-0.227215026039163,0.404680181899967,0.0887325779304022,-0.104875994248817,0.373902352046702,0.134513178898942,-0.278030361575703,0.142862796112522,-0.0675837827315903,-0.249996128481937,0.193606360172659,-0.0281948841546389,510.200256358974
124,-1.5349686989503,4.61189177587337,1.53846153846154,-0.0957162541930111,0.496978134943254,0.200630940375121,-0.206966740414973,0.234048277915168,0.0135407687500972,-0.320626917006689,0.0845975657016668,-0.118014675652511,-0.175291406040045,0.325843094260709,0.0752758441103322,-0.0478253209502137,0.372025210622669,0.162099944836227,-0.306346433526795,0.0996678362892474,-0.103339298618774,-0.249313946683099,0.195691339094413,-0.0268113037943428,510.300000076923
125,-1.5349686989503,4.61189177587337,1.53846153846154,-0.0511370780723863,0.553629074636488,0.251245998282051,-0.181576913120729,0.284196578710757,0.0513098327950141,-0.385544564544747,0.00585985097833591,-0.189842356783206,-0.214463799302176,0.18939619579541,-0.0125338017533828,-0.082884375593004,0.326080301006436,0.121597962706716,-0.324510208530321,0.0932915392456643,-0.115609334642329,-0.269665068969188,0.172653016326043,-0.0485060263215727,510.399996987179
126,-1.5349686989503,4.61189177587337,1.53846153846154,-0.073242908003904,0.658095285320208,0.292426188658152,-0.148201598904708,0.338524751064737,0.0951615760800145,-0.41124272736214,-0.0179466374159691,-0.214594682389055,-0.234190274450023,0.0734654200417952,-0.0803624272041139,-0.104105546446473,0.320490369170722,0.108192411362124,-0.310182824249898,0.120924566980667,-0.0946291286346153,-0.302770710950785,0.134244262892498,-0.0842632240291436,510.500256564103
127,-1.5349686989503,4.61189177587337,1.53846153846154,-0.0902975352004114,0.611456208961612,0.2605793368806,-0.134604811735301,0.397600547476413,0.131497867870556,-0.391288131361937,0.00875813768431235,-0.191264996838812,-0.274115760135988,0.0335194202947782,-0.120298169920605,-0.103699765286149,0.338979884847997,0.117640059780924,-0.28499418524136,0.131016634001134,-0.0769887756201128,-0.339905668951784,0.104749542621347,-0.117578063165219,510.60025974359
128,-1.5349686989503,4.61189177587337,1.53846153846154,-0.0848763917405057,0.425168333060115,0.170145970659805,-0.175964711709613,0.439334082899578,0.131684685594983,-0.363702034406198,0.0497348525579476,-0.156983590924125,-0.293138780742331,0.114319891490885,-0.0894094446257225,-0.101460275876995,0.329669644029151,0.114104684076078,-0.253985756278239,0.135657171506643,-0.0591642923857981,-0.368611788950715,0.10672692474074,-0.130942432104987,510.700256358974
129,-1.5349686989503,4.61189177587337,1.53846153846154,-0.109393527010931,0.363981214032442,0.127293843510756,-0.206445877282486,0.371416148116849,0.0824851354171816,-0.385266276897558,0.0538761390716621,-0.165695068912948,-0.268943600503292,0.287715694495942,0.00938604699632474,-0.121077944611048,0.292133483474945,0.0855277694319481,-0.229429722068281,0.160711663596266,-0.0343590292360075,-0.350880307767146,0.127638943667158,-0.111620682049994,510.800000589744
130,-1.5349686989503,4.61189177587337,1.53846153846154,-0.175178571143748,0.340088610282653,0.0824550195694525,-0.262244561019891,0.259589842157367,-0.00132735943126202,-0.372945597621027,0.0806905875425396,-0.146127505039244,-0.228297006427685,0.461519560523022,0.116611277047668,-0.145417658433683,0.285042946590741,0.0698126440785293,-0.2024692722397,0.189030334039903,-0.00671946909989844,-0.352286310031804,0.133211121457564,-0.10953759428712,510.89999724359
131,-1.5349686989503,4.61189177587337,1.53846153846154,-0.236874089657591,0.318382414620776,0.0407541624815923,-0.281454868239537,0.236839668311048,-0.0223075999642443,-0.339976497525326,0.071896903463303,-0.134039797031012,-0.184094990715878,0.564269970271143,0.190087489777633,-0.146856142750056,0.303686702113991,0.0784152796819671,-0.193642929410239,0.235696333441528,0.0210267020156441,-0.391445618378326,0.109373237265921,-0.141036190556202,511.000256410256
132,-1.5349686989503,4.61189177587337,1.53846153846154,-0.276215590122763,0.177622250305178,-0.0492966699087925,-0.275202835598807,0.253224580824125,-0.0109891273873409,-0.333708729062953,0.0409749070095413,-0.146366911026706,-0.168095556967213,0.549724999966676,0.190814721499732,-0.132841439649339,0.340482358979119,0.10382045966489,-0.225750482585146,0.223812355706561,-0.000969063439292404,-0.400160524451318,0.0933946404687061,-0.153382941991306,511.10025974359
133,-1.5349686989503,4.61189177587337,1.53846153846154,-0.317481125203584,0.206156885254262,-0.0556621199746607,-0.180788350784526,0.321760716317862,0.0704861827666677,-0.343042481151459,0.0403956216790507,-0.151323429736204,-0.122814464980131,0.516448242240204,0.196816888630037,-0.156237128027508,0.323135633194953,0.0834492525837225,-0.268821648940649,0.182030362485456,-0.0433956432275963,-0.381014311829808,0.0934166918158981,-0.143798810006955,511.200256358974
134,-1.5349686989503,4.61189177587337,1.53846153846154,-0.303345940163638,0.211489733133592,-0.0459281035150232,-0.12351013450359,0.357318578309399,0.116904221902905,-0.343794991852793,0.0567061620277063,-0.143544414912543,-0.10785363451012,0.477544761869184,0.184845563679532,-0.161498959890166,0.280717489884904,0.0596092649973687,-0.281026603965704,0.168308862692824,-0.0563588706364402,-0.33956178694858,0.114341850755738,-0.112609968096421,511.299960025641
135,-1.5349686989503,4.61189177587337,1.53846153846154,-0.291875550994003,0.113102477090371,-0.0893865369518156,-0.0533897024619602,0.475483336255597,0.211046816896818,-0.325859148360289,0.0747205521311287,-0.12556929811458,-0.132333173449396,0.372760492870134,0.120213659710369,-0.140653789079042,0.256090319355129,0.0577182651380435,-0.26214723885571,0.204240254836967,-0.028953492009372,-0.361939618153888,0.0821456904879173,-0.139896963832986,511.399996833333
136,-1.5349686989503,4.61189177587337,1.53846153846154,-0.301179694193781,0.0352836774715277,-0.132948008361127,-0.0208542182891038,0.520253584866186,0.249699683288541,-0.287295251836203,0.0816442042375914,-0.102825523799306,-0.16399380337485,0.272200241856595,0.0541032192408725,-0.116798138109564,0.240510696809425,0.0618562793499307,-0.264301768199181,0.252346987009224,-0.00597739059497829,-0.368371564916232,0.0557558414643842,-0.156307861725924,511.500256410256
137,-1.5349686989503,4.61189177587337,1.53846153846154,-0.252124876028065,0.128327606111619,-0.0618986349582231,0.0131124389389218,0.590876498338282,0.301994468638602,-0.292009075422183,0.0947608908023965,-0.098624092309893,-0.151559876255676,0.276160306733592,0.0623002152389578,-0.136469447876195,0.251607182628553,0.0575688673761786,-0.316092732501355,0.246449094663882,-0.0348218189187366,-0.415370626749731,-0.00300082088422702,-0.209185723816979,511.60025974359
138,-1.5349686989503,4.61189177587337,1.53846153846154,-0.206039660601381,0.206226979549611,9.36594741145889e-05,-0.0089498178737515,0.543115731348222,0.267082956737235,-0.274238207100219,0.119699869188829,-0.0772691689556949,-0.143353463404389,0.233570820054228,0.0451086783249198,-0.153783410877691,0.287718983295144,0.0669677862087265,-0.318622566213685,0.209196853334496,-0.0547128564395944,-0.42997391185783,-0.0288472508008184,-0.229410581329324,511.700256358974
139,-1.5349686989503,4.61189177587337,1.53846153846154,-0.184904178848087,0.210880846865214,0.0129883340085636,-0.0253469095986877,0.49621774180884,0.235435416105076,-0.284652609756092,0.0936373714115118,-0.0955076191722899,-0.125229422935495,0.305661597516207,0.0902160872903559,-0.13729488095606,0.352440792613848,0.107572955828894,-0.276741420811422,0.132696783576918,-0.072022318617252,-0.433871559488811,-0.0621712183574006,-0.248021388923106,511.800000076923
140,-1.5349686989503,4.61189177587337,1.53846153846154,-0.258918399108698,0.146873471975115,-0.0560224635667919,-0.0468244171837972,0.448988353494475,0.201081968155339,-0.282074537064077,0.11203047230688,-0.0850220323785987,-0.171282336313249,0.416228974018318,0.122473318852535,-0.136627482653125,0.351108642836618,0.107240580091747,-0.229492169090589,0.0977761240310292,-0.0658580225297799,-0.383444083211082,-0.0148078479568035,-0.199125965583943,511.899996679487
141,-1.5349686989503,4.61189177587337,1.53846153846154,-0.273387668780994,0.186805070327201,-0.0432912992268967,-0.056762639510709,0.471297842230707,0.207267601359999,-0.217920673327045,0.279398581888927,0.0307389542809412,-0.215045469687961,0.412908243627243,0.0989313869696411,-0.150267642556915,0.341861820343582,0.0957970888933339,-0.199836520377763,0.102961123619408,-0.0484376983791775,-0.361655693952848,0.0359865616621723,-0.162834566145338,512.000246564103
142,-1.5349686989503,4.61189177587337,1.53846153846154,-0.298783524913707,0.169043598918451,-0.0648699629976276,-0.0519561366047415,0.565793492345559,0.256918677870409,-0.170547230881471,0.429086442765991,0.12926960594226,-0.226156175853818,0.0802703447406098,-0.0729429155566043,-0.159249061942573,0.309003368073753,0.0748771530655899,-0.199644551376634,0.126715469311024,-0.036464541032805,-0.350347290867148,0.0789063916434082,-0.13572044961187,512.100240923077
143,-1.5349686989503,4.61189177587337,1.53846153846154,-0.290758293167576,0.120625329551562,-0.0850664818080072,-0.0918475827402375,0.472005066586457,0.19007874192311,-0.0931035342797191,0.577027415323331,0.241961940521806,-0.193321336756671,0.115816467758409,-0.0387524344991309,-0.16039402518268,0.274001474431192,0.0568037246242561,-0.202272884009796,0.158219211752764,-0.0220268361285157,-0.46554952747368,-0.00159453131621872,-0.233572029394949,512.200269794872
144,-1.5349686989503,4.61189177587337,1.53846153846154,-0.272463630703307,0.106870759606669,-0.0827964355483189,-0.130536114875485,0.354183463849905,0.11182367448721,-0.0420171121732922,0.575167115092936,0.266575001459822,-0.195215193949199,0.134681018125348,-0.0302670879119256,-0.13212671553881,0.274759638974351,0.0713164617177706,-0.170903323904484,0.197264893887248,0.0131807849913819,-0.504033353385408,-0.0330051663832991,-0.268519259884354,512.300243025641
145,-1.5349686989503,4.61189177587337,1.53846153846154,-0.236688002389994,0.116454272099231,-0.0601168651453811,-0.158588452167163,0.257664019944396,0.0495377838886166,-0.02366224590692,0.571509985178159,0.27392386963562,-0.22001447190475,0.233547539735712,0.00676653391548128,-0.107396879898857,0.291372757994485,0.0919879390478138,-0.12538116101046,0.23922007943744,0.0569194592134898,-0.459660677876073,-0.0143653563307466,-0.23701301710341,512.400272820513
146,-1.51961901196079,4.56577285811464,1.52307692307692,-0.259298641561048,0.0962022061139385,-0.0815482177235548,-0.128853712287548,0.285921510563576,0.0785338991380144,-0.0361516887167316,0.556792017438923,0.260320164361096,-0.263348669022012,0.188880898842274,-0.037233885089869,-0.0876789031164667,0.352078185124221,0.132199641003877,-0.133411379494078,0.24999942365669,0.0582940220813061,-0.426432349712995,0.0100557164801854,-0.208188316616405,512.500256410256
147,-1.47868651332212,4.44278907742468,1.48205128205128,-0.356956104471635,-0.0608960786584004,-0.208926091565017,-0.117887796023807,0.290805679293562,0.0864589416348774,-0.0793197372395587,0.433897047075344,0.177288654917892,-0.27763195678556,0.128355196623839,-0.0746383800808602,-0.0959713546287036,0.366285551081285,0.135157098226291,-0.122304233945568,0.300344435997521,0.0890201010259766,-0.372331355334323,0.0631967054177849,-0.154567324958269,512.600240512821
148,-1.47356995099229,4.42741610483844,1.47692307692308,-0.357799491647273,-0.0642015099695032,-0.211000500808388,-0.128681073369354,0.299360546629483,0.0853397366300648,-0.116185389455428,0.336875245157208,0.11034492785089,-0.273636159281607,-0.0189099853623244,-0.146273072321966,-0.154136397369598,0.326847240750837,0.0863554216906194,-0.101136185803824,0.363776361822257,0.131320088009216,-0.354651145298628,0.0758175720798231,-0.139416786609402,512.700269794872
149,-1.47356995099229,4.42741610483844,1.47692307692308,-0.305994397423054,0.0444353376203469,-0.130779529901353,-0.184825787612733,0.34591743212255,0.0805458222549086,-0.124083922057856,0.336117719578883,0.106016898760513,-0.301127073302088,0.0114661264535835,-0.144830473424252,-0.214286425609885,0.25443111372653,0.0200723440583227,-0.0567945125358251,0.408544379445869,0.175874933455022,-0.300306983138629,0.12085108844824,-0.0897279473451948,512.800243025641
150,-1.45310370167295,4.36592421449346,1.45641025641026,-0.272287552941077,0.0974327334346441,-0.0874274097532166,-0.238205338516493,0.39518940134227,0.0784920314128886,-0.124545847154833,0.31265837829707,0.0940562655711185,-0.29527376021606,0.131662087528428,-0.081805836343816,-0.23546543306793,0.227813583975455,-0.00382592454623755,-0.0466773691198485,0.409307763677521,0.181315197278836,-0.257165405849463,0.159873232225381,-0.0486460868120409,512.900272820513
151,-1.29085659748766,4.35752326415433,1.53333333333333,-0.28546643266518,0.0520567966680838,-0.116704817998548,-0.197472329083428,0.383619139115267,0.0930734050159197,-0.110133735815367,0.263075136614537,0.0764707003995848,-0.260508960483031,0.129621819603496,-0.0654435704397675,-0.16076890617373,0.322335491876274,0.080783292851272,-0.0984247626752446,0.360944603018693,0.131259920171724,-0.292698134287701,0.113046554820779,-0.089825789733461,513.000256410256
152,-0.952840773196773,4.29643051678652,1.67179487179487,-0.325094151598022,-0.0756395203895175,-0.20036683599377,-0.138378091025203,0.364506279398384,0.113064094186591,-0.139363525017458,0.165591052048929,0.0131137635157356,-0.226548034031947,0.0862490051939028,-0.070149514419022,-0.0774423665951318,0.417932879843349,0.170245256624109,-0.181718686370916,0.292247717459657,0.0552645155443703,-0.345960512127481,0.0483131317958061,-0.148823690165838,513.100240512821
153,-0.854117706977828,4.38232283518296,1.76410256410256,-0.313953984463712,-0.0443282087542009,-0.179141096608956,-0.0958145532197356,0.355645826689579,0.129915636734922,-0.161462286358729,0.152371413228677,-0.00454543656502637,-0.234839439542456,0.0566016781269577,-0.0891188807077491,-0.0788993732844654,0.423718839267216,0.172409732991375,-0.223931924950776,0.20909640239572,-0.00741776127752778,-0.41336818666761,-0.0231419938964524,-0.218255090282031,513.200269794872
154,-0.827079976807978,4.3450286947567,1.75897435897436,-0.328063379252006,-0.0489344021007706,-0.188498890676388,-0.028323993814663,0.40133266937738,0.186504337781358,-0.208084588694067,0.103567868765849,-0.052258359964109,-0.201856415449988,0.0777942097475952,-0.0620311028511963,-0.163777221844829,0.3456665065755,0.0909446423653355,-0.22284982651684,0.144089102716285,-0.0393803619002772,-0.452561902046764,-0.0637806488139554,-0.25817127543036,513.300243025641
155,-0.798401203039739,4.29583710047564,1.74871794871795,-0.310057709189379,0.019490807922689,-0.145283450633345,-0.0078079171513176,0.46292338123042,0.227557732039551,-0.274716031537122,0.056914316685814,-0.108900857425654,-0.18080766701696,0.132405467679317,-0.0242010996688213,-0.232288392801079,0.236945219961683,0.00232841358030161,-0.251678087900251,0.094759961880643,-0.0784590630098039,-0.484747305294406,-0.119330432901425,-0.302038869097915,513.400272820513
156,-0.605430965256397,4.57466173448717,1.98461538461538,-0.306671149910154,0.0691215520485532,-0.1187747989308,0.0294239011999091,0.525715771479768,0.277569836339838,-0.330276384487541,0.022774748432372,-0.153750818027584,-0.183679054182301,0.136708432955001,-0.0234853106136498,-0.214275272361502,0.272705274789346,0.029215001213922,-0.281290729982122,0.0739573489837054,-0.103666690499208,-0.496879320740629,-0.128515771175378,-0.312697545958003,513.500256410256
157,-0.353838351884211,5.35896655701242,2.5025641025641,-0.318789302838398,0.0855824408701629,-0.116603430984118,0.0644205787905426,0.542221379848851,0.303320979319697,-0.380262379211169,0.0094098919611242,-0.185426243625022,-0.15811074057883,0.210624469375708,0.0262568643984392,-0.134673353398091,0.357950287718644,0.111638467160277,-0.332002272127306,0.0512990674924274,-0.140351602317439,-0.476941550615506,-0.100427325853955,-0.28868443823473,513.600240615385
158,-0.24429004954748,6.0596746649321,2.90769230769231,-0.361855384452133,-0.0443500446673605,-0.203102714559747,0.081986337093669,0.554796364845054,0.318391350969362,-0.356388931800118,0.0247712875022922,-0.165808822148913,-0.175594371978047,0.208208266418344,0.0163069472201485,-0.0921372959421409,0.357550246170872,0.132706475114365,-0.330303500913527,0.0702483541521878,-0.130027573380669,-0.443412908600529,-0.0760141156903759,-0.259713512145452,513.700269794872
159,-0.0992241330155519,6.46845490224632,3.18461538461539,-0.378507166788135,-0.109544475515564,-0.24402582115185,0.0247115438512139,0.474451008408606,0.24958127612991,-0.338692100176799,-0.0299562158933041,-0.184324158035052,-0.202889222211006,0.262479127693851,0.0297949527414224,-0.121128130011652,0.309155907010864,0.094013888499606,-0.29736453405834,0.0948391431164791,-0.101262695470931,-0.426233173604901,-0.073778276138697,-0.250005724871799,513.800243025641
160,0.081695419411157,7.49779176007602,3.78974358974359,-0.350252642048786,-0.0764805590092305,-0.213366600529008,-0.034841341142304,0.382124974947122,0.173641816902409,-0.316971347451995,-0.0351962235888404,-0.176083785520418,-0.238206150506074,0.242060027014373,0.00192693825414923,-0.136338437363333,0.285545675332675,0.0746036189846708,-0.256108749128244,0.125315374560968,-0.0653966872836384,-0.394811106964799,-0.0527704663335401,-0.22379078664917,513.900272820513
161,0.262637722418052,8.01428535450503,4.13846153846154,-0.322385211303436,0.0207422409279257,-0.150821485187755,-0.117106568831808,0.248522566911463,0.0657079990398277,-0.286369236919652,0.0209606609339802,-0.132704287992836,-0.262321493386397,0.304047858870147,0.0208631827418748,-0.112045508275199,0.321878927744934,0.104916709734868,-0.215659090746088,0.164233771657181,-0.0257126595444536,-0.316126249641593,0.0313907834240983,-0.142367733108747,514.000256410256
162,0.429563607512078,8.27812870018023,4.35384615384615,-0.323456418835474,0.032388479097213,-0.14553396986913,-0.137325931631654,0.205447006827073,0.0340605375977095,-0.286807539549456,0.0316603126122223,-0.127573613468617,-0.27694489116576,0.325048270976688,0.0240516899054637,-0.089008915739581,0.378837482601304,0.144914283430861,-0.20145973728607,0.207849804669309,0.00319503369161909,-0.214107446036556,0.139225706171479,-0.0374408699325385,514.100240512821
163,0.444363043069445,8.28384208513568,4.36410256410256,-0.267155819583423,0.163740300238097,-0.0517077596726629,-0.156045521670323,0.187634617547501,0.0157945479385893,-0.287332983516485,0.0124264928063679,-0.137453245355059,-0.286333501795442,0.29435739765712,0.00401194793083896,-0.0829508255883176,0.423922317330639,0.170485745871161,-0.192403811897424,0.232848507177166,0.0202223476398713,-0.157789780560186,0.221755647298748,0.0319829333692814,514.200269794872
164,0.441243069979347,8.25619282745655,4.34871794871795,-0.236086363203555,0.282594703282805,0.0232541700396249,-0.189672471069488,0.141937880394608,-0.0238672953374401,-0.273062172988357,0.0142803810029517,-0.129390895992703,-0.277760252201892,0.158612677148213,-0.0595737875268392,-0.136237720845117,0.37130556637556,0.117533922765222,-0.184464819944512,0.241949535936105,0.0287423579957963,-0.172704012004765,0.241391002320303,0.0343434951577688,514.300243025641
165,0.438146689996781,8.24903279718271,4.34358974358974,-0.217087917446141,0.319586546176159,0.0512493143650092,-0.211049997358063,0.127294738520181,-0.0418776294189408,-0.244594658119589,0.0459221586993606,-0.0993362497101142,-0.276078465307212,0.0956015721935399,-0.0902384465568363,-0.193074949683741,0.286817394218386,0.0468712222673227,-0.140067747821513,0.258219950113316,0.0590761011459014,-0.216483432268715,0.189347734547692,-0.0135678488605116,514.400272820513
166,0.555962990360681,8.43890880451111,4.4974358974359,-0.240660081002254,0.162705154548518,-0.0389774632268675,-0.220857991110668,0.161321729984835,-0.0297681305629163,-0.238310366834742,0.0933233081184881,-0.0724935293581267,-0.251521635233432,0.0550328770869256,-0.098244379073253,-0.211604272381929,0.205937127923769,-0.00283357222908027,-0.107952215831165,0.301621635990996,0.0968347100799155,-0.215033628816037,0.181390442678002,-0.0168215930690174,514.500256410256
167,0.670847285493621,8.58043476578843,4.62564102564103,-0.280946463853643,0.0607134107024383,-0.110116526575602,-0.182617782813722,0.238000253934963,0.0276912355606205,-0.230141731867762,0.102106769984261,-0.0640174809417504,-0.243334139529058,0.0732899952869169,-0.0850220721210706,-0.151511373553088,0.243615741810078,0.0460521841284948,-0.11349815144175,0.304045491022182,0.0952736697902159,-0.222421207301375,0.166503203833323,-0.0279590017340263,514.600240205128
168,0.83434816621746,8.78616465429536,4.81025641025641,-0.264221253242394,0.0910192486336318,-0.0866010023043809,-0.186033660787706,0.222474338964065,0.0182203390881794,-0.186233614907834,0.151327801436103,-0.0174529067358655,-0.25335102472565,0.0880756177965088,-0.0826377034645708,-0.11054047685119,0.295871967091385,0.0926657451200978,-0.141804864026329,0.267401551349626,0.0627983436616481,-0.263139158634567,0.116208475914826,-0.0734653413598704,514.700269794872
169,1.11022875649152,9.15643791017515,5.13333333333333,-0.271954269005432,0.092329571124273,-0.0898123489405794,-0.186435101597778,0.205784313261425,0.00967460583182329,-0.157080850391642,0.179647053046106,0.0112831013272321,-0.270417989642814,0.0312940323362323,-0.119561978653291,-0.0892523057120891,0.301381905898876,0.106064800093393,-0.179789718717677,0.228109384253496,0.0241598327679093,-0.345843006804115,0.0423089697222043,-0.151767018540955,514.800243025641
170,1.40976251392497,9.60562210145965,5.50769230769231,-0.258501310977815,0.101103747796531,-0.0786987815906422,-0.179070438487629,0.229071218687686,0.0250003901000283,-0.167991147781312,0.193944324014417,0.0129765881165527,-0.274422728108047,-0.0304741970165745,-0.152448462562311,-0.127570383567335,0.252125740628916,0.0622776785307906,-0.200019508208547,0.260198203897303,0.0300893478443779,-0.349302998229769,0.0786730896550038,-0.135314954287382,514.900272820513
171,1.97747376452882,10.4532954662404,6.21538461538462,-0.255860117643544,0.105143514025265,-0.0753583018091398,-0.172953873010303,0.243982741843479,0.0355144344165878,-0.230216582272728,0.110114950896756,-0.0600508156879861,-0.252993127791533,-0.0189930492547348,-0.135993088523134,-0.185816034249209,0.210067204934496,0.0121255853426433,-0.234435864136152,0.254513662462806,0.0100388991633267,-0.32774377528179,0.131507822971986,-0.0981179761549024,515.000256923077
172,2.51878908030828,11.3478775863584,6.93333333333333,-0.269271717501461,0.167830284114576,-0.0507207166934428,-0.180559677487983,0.210748502549934,0.0150944125309756,-0.277486744690944,0.0116391729309425,-0.132923785880001,-0.230202021182246,0.00424783775423668,-0.112977091714004,-0.198000375757138,0.181584113333775,-0.00820813121168164,-0.273444648130404,0.221760677086417,-0.0258419855219935,-0.306345007196968,0.154333563760806,-0.0760057217180812,515.10024
173,2.73905171114198,11.9173585452683,7.32820512820513,-0.219451257725417,0.214904041846507,-0.00227360793945486,-0.175741080876117,0.159214854420612,-0.00826311322775257,-0.308073604706213,-0.065141586383498,-0.186607595544855,-0.236649899779253,-0.021171588565188,-0.128910744172221,-0.119972420305041,0.259305393745312,0.0696664867201355,-0.297581743706723,0.158687409246554,-0.0694471672300842,-0.306236395022712,0.133233887124229,-0.0865012539492412,515.200269794872
174,2.93549528043585,12.7978380528975,7.86666666666667,-0.203402240860165,0.30672567696641,0.0516617180531225,-0.156282020915367,0.188021331829934,0.0158696554572838,-0.318472094538409,-0.0696799255966068,-0.194076010067508,-0.217871459206854,0.01372516296893,-0.102073148118962,-0.0568625458085709,0.322189404661901,0.132663429426665,-0.364307167252983,0.0730892124799599,-0.145608977386512,-0.294842440351295,0.161552076813913,-0.0666451817686906,515.300243282051
175,3.36003574037181,13.5835540032179,8.47179487179487,-0.197405096816445,0.306203217096909,0.0543990601402321,-0.126848951853839,0.242853838795892,0.0580024434710265,-0.326078223014645,-0.0336886764868712,-0.179883449750758,-0.212313528361041,0.0729365659912561,-0.0696884811848926,-0.0105301643815511,0.36500460780934,0.177237221713895,-0.396383511557869,0.0432009199589458,-0.176591295799462,-0.288092231573299,0.190502124445563,-0.0487950535638684,515.400272820513
176,3.60112239081096,14.0193904297019,8.81025641025641,-0.224562557775835,0.17921949897713,-0.0226715293993524,-0.145598701992761,0.214544926902656,0.0344731124549472,-0.340372585964236,-0.024909894523968,-0.182641240244102,-0.213579593180178,0.140606431775901,-0.0364865807021384,-0.0364414819704208,0.333679067320406,0.148618792674993,-0.402550302648966,0.0272880572320644,-0.187631122708451,-0.246883693401317,0.212684576058772,-0.0170995586712721,515.500256410256
177,4.23364001532513,14.7509753692903,9.49230769230769,-0.218839672574243,0.220576947739077,0.000868637582417236,-0.164061937496612,0.20455583498913,0.0202469487462589,-0.342763999334668,-0.0267779934741261,-0.184770996404397,-0.217705905092639,0.108603488878855,-0.0545512081068921,-0.0410723079357313,0.368148979361929,0.163538335713099,-0.373647641154864,0.0176661310796254,-0.177990755037619,-0.215967710176706,0.200968843360421,-0.00749943340814235,515.600240307692
178,4.90516244416417,15.5153503763487,10.2102564102564,-0.182283132761602,0.314524811913814,0.0661208395761063,-0.163514085624008,0.258842799523699,0.0476643569498453,-0.339917097712622,0.00500795509700893,-0.167454571307807,-0.1904571443094,0.200150672307554,0.00484676399907704,-0.0537276752706417,0.367398755039066,0.156835539884212,-0.389757683750722,0.00969839071096091,-0.19002964651988,-0.215314305166469,0.202916993820919,-0.00619865567277457,515.700269794872
179,5.20928491640041,15.9907150835996,10.6,-0.105559991554773,0.385754378694899,0.140097193570063,-0.178062561658039,0.267041682862879,0.0444895606024199,-0.35570366541484,0.0188563196946788,-0.168423672860081,-0.221697342853866,0.275084522577818,0.0266935898619759,-0.0378468664869662,0.410825691391518,0.186489412452276,-0.392842082200303,0.0144209750125717,-0.189210553593865,-0.229394005364492,0.212398989790224,-0.0084975077871339,515.800243282051
180,5.67133428139343,16.6055887955296,11.1384615384615,-0.133088907113237,0.296070027445139,0.0814905601659509,-0.189316932662243,0.253425043202628,0.0320540552701923,-0.342381039809868,0.026701087867172,-0.157839975971348,-0.249748696327903,0.241429615977859,-0.00415954017502202,-0.0925653831681894,0.346876794994225,0.127155705913018,-0.370160359876282,0.0547085696745222,-0.15772589510088,-0.227482430430222,0.258599442770169,0.0155585061699734,515.900272820513
181,6.37790059867587,17.5092788885036,11.9435897435897,-0.183384553023848,0.230223930025159,0.0234196885006552,-0.198224223803454,0.266071541153537,0.0339236586750417,-0.340429573820631,-0.0022057508888386,-0.171317662354735,-0.252992668047925,0.114724354903104,-0.0691341565724106,-0.126999420948678,0.322953490586637,0.0979770348189796,-0.343579620835841,0.0796277256966398,-0.131975947569601,-0.200643872057521,0.299657432885323,0.0495067804139013,516.000256410256
182,7.33680824480502,18.7042173962206,13.0205128205128,-0.253546423099164,0.160760540728111,-0.0463929411855266,-0.204112163972448,0.259731250408349,0.0278095432179507,-0.344396165011088,-0.0348652828651089,-0.189630723938099,-0.313404334710668,-0.0169327581898787,-0.165168546450273,-0.135525180430788,0.299626460688098,0.0820506401286546,-0.324585853175005,0.0831636918545456,-0.12071108066023,-0.204082994229319,0.291781602551159,0.0438493041609201,516.10024
183,8.25992758643755,19.9349442084343,14.0974358974359,-0.253584533964068,0.425806422859105,0.0861109444475186,-0.214681907124117,0.211478403910684,-0.00160175160671625,-0.370292099493048,-0.0834754259787587,-0.226883762735903,-0.321419534257832,-0.0784165659494677,-0.19991805010365,-0.0889421116546281,0.312930179849743,0.111994034097558,-0.325211477742823,0.0965200084727852,-0.114345734635019,-0.233642483802196,0.232803521785321,-0.000419481008437677,516.200269794872
184,9.08329395875905,21.1526034771384,15.1179487179487,-0.24427712114649,0.470648587122135,0.113185732987823,-0.195681051448337,0.192255018422912,-0.00171301651271251,-0.396828597689674,-0.123023197523786,-0.25992589760673,-0.330302943460678,-0.180280953830795,-0.255291948645737,-0.106131627573545,0.266402362938189,0.0801353676823223,-0.326422969373922,0.0884224085855494,-0.119000280394186,-0.254917477860708,0.186224432399051,-0.0343465227308284,516.300243025641
185,10.3890295645988,22.6673806918115,16.5282051282051,-0.217076465256994,0.59677562003015,0.189849577386578,-0.178176272892606,0.199689476440913,0.0107566017741536,-0.441081052787932,-0.130160382672233,-0.285620717730083,-0.281043397160155,-0.047268860366521,-0.164156128763338,-0.128190292728888,0.263221159061996,0.067515433166554,-0.315755174614496,0.098286913862586,-0.108734130375955,-0.259475647853589,0.158355405459656,-0.0505601211969666,516.400272820513
186,11.1640390696883,23.7385250328758,17.4512820512821,-0.17161174342103,0.523669420967607,0.176028838773289,-0.153373803546007,0.223951682946213,0.0352889397001028,-0.447472920733447,-0.121776801371864,-0.284624861052655,-0.224823941966669,0.128715172175568,-0.0480543848955506,-0.120268052456332,0.280543909150334,0.0801379283470009,-0.320758779352425,0.0181327932043812,-0.151312993074022,-0.267873683366329,0.140637020181671,-0.0636183315923286,516.500256410256
187,11.5974295541578,24.4538524971243,18.025641025641,-0.174227279356416,0.372403863467009,0.0990882920552966,-0.163043576280537,0.231219798391194,0.0340881110553287,-0.424578215050012,-0.114753953112668,-0.26966608408134,-0.171595728336021,0.283649140694649,0.0560267061793142,-0.123290661012754,0.26670334924263,0.0717063441149385,-0.349509365383342,-0.0323019811187837,-0.190905673251063,-0.301933985096492,0.0939902433351011,-0.103971870880696,516.60024
188,11.9287071392802,25.1174467068736,18.5230769230769,-0.207453522950549,0.304717314224269,0.0486318956368598,-0.156301448015683,0.282523785727041,0.0631111688556792,-0.384115422950943,-0.0649667013126265,-0.224541062131785,-0.196619999125156,0.248851689256546,0.0261158450656948,-0.151496831554318,0.248266367399705,0.0483847679226933,-0.400317255065437,-0.0709850013577881,-0.235651128211612,-0.363521850536165,0.0637406963499163,-0.149890577093124,516.700269794872
189,12.4286929570937,25.9815634531627,19.2051282051282,-0.259649960762496,0.0988797036921548,-0.0803851285351708,-0.166926509765666,0.306518794925761,0.0697961425800477,-0.35790553017954,-0.0222243729698284,-0.190064951574684,-0.182417720859126,0.283346169129873,0.0504642241353734,-0.218124055639446,0.197499693026918,-0.010312181306264,-0.382816507239679,-0.050004834478947,-0.216410670859313,-0.39304549574906,0.084486564067758,-0.154279465840651,516.800243025641
190,12.4777390081066,26.2607225303549,19.3692307692308,-0.25847598158531,0.107767612041054,-0.0753541847721282,-0.145942890385873,0.393154444654463,0.123605777134295,-0.316246082860405,0.0404930945397627,-0.137876494160321,-0.209849253859962,0.245090618100401,0.0176206821202195,-0.237016012925412,0.170077848505283,-0.0334690822100646,-0.354163193592554,-0.0112617418039197,-0.182712467698237,-0.441396712187107,0.030425840480478,-0.205485435853315,516.900272820513
191,12.4134364449858,26.3352815037321,19.374358974359,-0.249517011775989,0.150838776402475,-0.0493391176867569,-0.124749991855593,0.433672818593427,0.154461413368917,-0.312550034846502,0.0160243486870813,-0.14826284307971,-0.17688026468963,0.228160776662845,0.0256402559866076,-0.259212255616824,0.148143307573305,-0.0555344740217594,-0.315296863692319,0.0406033476496246,-0.137346758021347,-0.451178090182033,-0.00356962961762851,-0.22737385989983,517.000256410256
192,12.0966309111175,26.0777280632415,19.0871794871795,-0.265192267908129,0.13829006803955,-0.0634510999342895,-0.102939348416533,0.491950187617516,0.194505419600491,-0.298367301128977,0.0210665641934159,-0.13865036846778,-0.18985219576186,0.152829811939093,-0.0185111919113834,-0.238326554016357,0.205391302629149,-0.0164676256936037,-0.310286292882612,0.0313299048412122,-0.1394781940207,-0.479007940562989,-0.0706526295157359,-0.274830285039362,517.100240615385
193,11.6311203254003,25.6714437771638,18.6512820512821,-0.260699491125146,0.084427041367702,-0.0881362248787218,-0.0850059166821375,0.557963772088865,0.236478927703364,-0.31373278024014,-0.000539092834720549,-0.15713593653743,-0.200754330765149,0.105474669092918,-0.0476398308361154,-0.197346369743789,0.274351164902192,0.0385023975792014,-0.294654789315601,0.044545578228764,-0.125054605543419,-0.486486886752909,-0.0640482963199882,-0.275267591536449,517.200269794872
194,11.2941118377221,25.4340932904831,18.3641025641026,-0.291212235042407,0.0794337680050149,-0.105889233518696,-0.0941316571409408,0.5437977877738,0.22483306531643,-0.288230480932364,0.0508267181169212,-0.118701881407721,-0.19529459680454,0.0947083162463398,-0.0502931402791002,-0.14564544864334,0.306354182791412,0.0803543670740359,-0.254149120854061,0.107277020579934,-0.0734360501370633,-0.502957451021981,-0.059498500888064,-0.281227975955022,517.300243025641
195,11.0510392207461,25.3181915484846,18.1846153846154,-0.265992381780031,0.138061563641824,-0.0639654090691037,-0.0985954608662504,0.498491933299336,0.199948236216543,-0.259516782690161,0.106676760630845,-0.0764200110296578,-0.158606021097782,0.118370735477638,-0.0201176428100717,-0.101676157919311,0.3219067502888,0.110115296184744,-0.206900492963957,0.173344838068917,-0.0167778274475197,-0.480886166296865,-0.0595374811829527,-0.270211823739909,517.400272820513
196,10.6698743167878,25.073715426802,17.8717948717949,-0.271491383260568,0.145134661184149,-0.0631783610382095,-0.123615506119709,0.378004670505391,0.127194582192841,-0.203993655343097,0.178948068873244,-0.0125227932349269,-0.143003628679658,0.257455829581307,0.0572261004508247,-0.116490767484211,0.282649723266976,0.0830794778913826,-0.186069773431194,0.188971892377009,0.00145105947290731,-0.414845002697993,-0.0183445820039166,-0.216594792350955,517.500256410256
197,10.279545034909,24.6025062471423,17.4410256410256,-0.26167129099679,0.15889535976957,-0.0513879656136101,-0.127624205947214,0.311632920549213,0.0920043573009994,-0.184823526339114,0.254017345525546,0.0345969095932162,-0.216662868746178,0.222384091078023,0.00286061116592227,-0.147744068115559,0.228411108504749,0.0403335201945949,-0.199013922209631,0.145402804324166,-0.0268055589427325,-0.375036923415829,0.00905142642384265,-0.182992748495993,517.600240615385
198,9.7881804043957,23.8631016468864,16.825641025641,-0.315327994646335,0.128466745027416,-0.0934306248094597,-0.169506255827818,0.24864619991394,0.039569972043061,-0.198725342330311,0.272306797071174,0.0367907273704316,-0.263085918959058,0.123218506840647,-0.0699337060592052,-0.171869778380684,0.177975296204964,0.00305275891214005,-0.203528860575137,0.127124796513436,-0.0382020320308504,-0.341621422495309,0.0568630520803688,-0.14237918520747,517.700269794872
199,9.49133224571488,23.4009754465928,16.4461538461538,-0.306068596367209,0.113069594056694,-0.0964995011552579,-0.16447684957198,0.251330088959896,0.0434266196939581,-0.231917566188904,0.213904742244478,-0.00900641197221261,-0.258955403595272,0.0470627735171513,-0.10594631503906,-0.0946581757873887,0.270871066991774,0.0881064456021927,-0.248004721526853,0.0901423965275598,-0.0789311624996464,-0.340334315848479,0.0633216074219653,-0.138506354213257,517.800243025641
200,9.32625502577433,23.1865654870462,16.2564102564103,-0.336771775663595,0.0876501783554312,-0.124560798654082,-0.133565782951167,0.298588554219004,0.0825113856339186,-0.277949219141935,0.133625204747575,-0.07216200719718,-0.231076057256721,0.132507061435406,-0.0492844979106575,-0.0214750866397298,0.40491470116925,0.19171980726476,-0.293464871546863,0.0636785523024561,-0.114893159622203,-0.33464271792266,0.0721117838641909,-0.131265467029235,517.900272820513
201,9.27036092111938,23.0168185660601,16.1435897435897,-0.353520451777518,0.0548639992713932,-0.149328226253062,-0.0984609802441013,0.317193342492707,0.109366181124303,-0.289699582062875,0.108871592066162,-0.0904139949983565,-0.195000516650261,0.220481851121459,0.0127406672355991,0.0345931088267392,0.498377379424754,0.266485244125747,-0.325228688199752,0.0417108184941192,-0.141758934852816,-0.351339205558099,0.0433432181223771,-0.153997993717861,518.000256410256
202,9.13262426585361,22.6212218879925,15.8769230769231,-0.339282817444693,0.0854968259520044,-0.126892995746344,-0.108836925632505,0.271471825972149,0.0813174501698221,-0.307173441253843,0.0723645866584454,-0.117404427297699,-0.176617681870932,0.225467514333692,0.0244249162313797,0.0186211892092151,0.524571566386836,0.271596377798025,-0.329990674200417,0.0515261869930053,-0.139232243603706,-0.395586568037624,0.00476231540552483,-0.19541212631605,518.100240307692
203,8.64761355628948,21.6498223411464,15.148717948718,-0.288311555649497,0.1594572425775,-0.0644271565359983,-0.152130191097194,0.208246721019207,0.0280582649610066,-0.307462676568962,0.0762001527648468,-0.115631261902058,-0.17715442619647,0.26601923566893,0.0444324047362301,-0.0351353728928487,0.500992401616123,0.232928514361637,-0.333998352259305,0.0584868646540358,-0.137755743802635,-0.432693024814206,-0.0191139018917517,-0.225903463352979,518.200269794872
204,7.76942223285823,19.7998085363725,13.7846153846154,-0.334260421930219,0.258650257728268,-0.0378050821009758,-0.193368478941559,0.158212619361555,-0.0175779297900019,-0.287153234317824,0.0874813793919558,-0.0998359274629341,-0.191834170720499,0.295763829215622,0.0519648292475612,-0.0444543495023274,0.469912019222508,0.21272883486009,-0.312372963323544,0.0795873533750616,-0.116392804974241,-0.442153859659362,-0.012269559901184,-0.227211709780273,518.300243025641
205,6.95657518037594,18.8075273837266,12.8820512820513,-0.408084187613572,0.329386744588944,-0.0393487215123143,-0.17848853405185,0.192662296988634,0.00708688146839171,-0.255365713290952,0.10705031420859,-0.0741576995411809,-0.203751768691956,0.288735819001651,0.0424920251548475,-0.0411353461555429,0.456449992874901,0.207657323359679,-0.292625902623228,0.0879440701135282,-0.10234091625485,-0.402416720473475,0.0415129114418842,-0.180451904515795,518.400272820513
206,6.70618672351976,18.5758645585315,12.6410256410256,-0.323592377859336,0.0907454130013265,-0.116423482429005,-0.12233412539501,0.256523648856204,0.067094761730597,-0.241755316922799,0.120065112192881,-0.0608451023649594,-0.166780731333344,0.350432819909571,0.0918260442881132,-0.0659969329005695,0.450329862749315,0.192166464924373,-0.296186789488784,0.0868961077469027,-0.10464534087094,-0.411100946518453,0.0498752187159421,-0.180612863901256,518.500256410256
207,6.54138321767937,18.443232166936,12.4923076923077,-0.245232267799523,0.0361535919651044,-0.104539337917209,-0.0717273325253266,0.333481641841089,0.130877154657881,-0.268301686493349,0.10179944511056,-0.0832511206913948,-0.181831100967329,0.299642168010175,0.058905533521423,-0.114256679761142,0.418746711945853,0.152245016092355,-0.288536724507354,0.0876173135200186,-0.100459705493668,-0.398541884694445,0.0461344813449731,-0.176203701674736,518.600240512821
208,6.57377152763337,18.5134079595461,12.5435897435897,-0.251078837152835,0.0683967975982559,-0.0913410197772894,-0.051416004810278,0.331546755624136,0.140065375406929,-0.251396122815482,0.11859468919071,-0.0664007168123861,-0.180944320590318,0.354382335255038,0.0867190073323597,-0.138267579321214,0.37947239413629,0.120602407407538,-0.273382017471072,0.0823667351665612,-0.0955076411522553,-0.387194764748109,0.0387205310629479,-0.17423711684258,518.700269794872
209,6.48400205986422,18.4493312734691,12.4666666666667,-0.289008720301809,0.0177539471499503,-0.135627386575929,-0.0539249449930225,0.310336094971377,0.128205574989177,-0.26329732909327,0.0832459963662273,-0.0900256663635211,-0.199510905776966,0.293172355493228,0.0468307248581311,-0.179534598302842,0.340189874407139,0.0803276380521484,-0.24102515155175,0.126783361583324,-0.0571208949842132,-0.340375641851399,0.0643726578081709,-0.138001492021614,518.800243025641
210,6.27710359848189,18.2562297348514,12.2666666666667,-0.248352910427048,0.155147270042848,-0.0466028201921001,-0.0600493431488338,0.309095343253383,0.124523000052275,-0.267886344217746,0.102895980871268,-0.0824951816732392,-0.207692534661891,0.245578738971137,0.0189431021546231,-0.194479855213548,0.30766969154052,0.0565949181634862,-0.214494282190143,0.179497385521312,-0.0174984483344156,-0.332661004505724,0.0653300833514442,-0.13366546057714,518.900272820513
211,6.02509777692778,17.7492611974312,11.8871794871795,-0.246936358116418,0.139080329771368,-0.0539280141725252,-0.053688702853835,0.312360873516814,0.129336085331489,-0.263874906719428,0.12734889918222,-0.0682630037686041,-0.204390709190031,0.151854933598582,-0.0262678877957245,-0.226671553466784,0.252685739666118,0.0130070930996669,-0.179780600783928,0.22154305390735,0.0208812265617112,-0.30024423677312,0.0882236393936745,-0.106010298689723,519.000256410256
212,5.6016517831677,16.49065590914,11.0461538461538,-0.220332737113154,0.228616939987134,0.00414210143699021,-0.0802041649438819,0.322695810165174,0.121245822610646,-0.174767963110638,0.236558193573721,0.0308951152315415,-0.213853433447355,0.101873152226704,-0.0559901406103258,-0.264340120759927,0.211584959446305,-0.026377580656811,-0.196191888966562,0.198925618621224,0.00136686482733098,-0.311679356542259,0.0951841071832568,-0.108247624679501,519.100241128205
213,4.51839780731851,14.5995509106302,9.55897435897436,-0.274598826792547,0.215631689161344,-0.0294835688156017,-0.130416358913251,0.298837912749428,0.0842107769180889,-0.0820089737499887,0.361987250459755,0.139989138354883,-0.197882773269539,0.112289908371902,-0.0427964324488186,-0.268621391750242,0.219268428076597,-0.0246764818368223,-0.181369852494805,0.213780279593759,0.0162052135494772,-0.305642529527841,0.113469214685397,-0.0960866574212221,519.200269794872
214,3.81938448987033,13.6677949973092,8.74358974358975,-0.294873674637861,0.175276922159738,-0.0597983762390616,-0.196642812964056,0.223270013271864,0.0133136001539045,-0.0415460166765305,0.453504399633348,0.205979191478409,-0.211240749510411,0.0584474440838366,-0.0763966527132872,-0.195391750529192,0.249655410843403,0.0271318301571057,-0.156755315788559,0.234081512912007,0.038663098561724,-0.286657308504666,0.135628267307902,-0.0755145205983822,519.300243025641
215,3.20328375989095,12.971075214468,8.08717948717949,-0.291531077333455,0.132068902905744,-0.0797310872138556,-0.232181029721837,0.160343655867555,-0.035918686927141,-0.0359573097928338,0.488572239743421,0.226307464975294,-0.224583687522246,-0.0068325438633079,-0.115708115692777,-0.187937084416453,0.214012995012228,0.0130379552978876,-0.0938920037246158,0.320929396692111,0.113518696483748,-0.269025665747304,0.134648402412378,-0.0671886316674632,519.400272820513
216,3.14744366186673,12.8525563381333,8,-0.279069870902562,0.270121977352108,-0.0044739467752268,-0.252416637398183,0.149455989932452,-0.0514803237328658,-0.0434480519223646,0.512629085200552,0.234590516639094,-0.229919399350137,-0.010922104744347,-0.120420752047242,-0.203786238669305,0.211333834316203,0.00377379782344931,-0.11327247828253,0.328956020323755,0.107841771020612,-0.275406646059544,0.153975055498373,-0.0607157952805858,519.500256410256
217,2.87340346752162,12.4804426863245,7.67692307692308,-0.286337889503112,0.337347618558534,0.0255048645277108,-0.281650172379061,0.156896483272921,-0.0623768445530703,0.0100633321465317,0.586900103359986,0.298481717753259,-0.238653571075368,-0.00450240956626338,-0.121577990320815,-0.251794195070903,0.169446068008753,-0.0411740635310751,-0.137313258988527,0.306373335946175,0.0845300384788236,-0.30604122164715,0.138830948000087,-0.0836051368235317,519.600240820513
218,2.49444089063177,11.9876103914195,7.24102564102564,-0.290028998922778,0.334270907827347,0.0221209544522844,-0.313861842837638,0.121993805180309,-0.0959340188286644,0.0569463386274351,0.625575932643523,0.341261135635479,-0.233440481849957,0.0185352681906229,-0.107452606829667,-0.270461567099944,0.157149275692904,-0.0566561457035198,-0.183342546382925,0.265851087141638,0.0412542703793564,-0.292876443748902,0.1153519913141,-0.0887622262174008,519.700269794872
219,2.29838011735601,11.7323891134132,7.01538461538462,-0.252394121243491,0.247656082246352,-0.00236901949856957,-0.364496127351528,0.0632269729524664,-0.150634577199531,0.12617005755645,0.710413596579421,0.418291827067935,-0.238243228779291,0.065089688415064,-0.0865767701821137,-0.310863977677424,0.100776956956958,-0.105043510360233,-0.179051090514498,0.299271782059944,0.060110345772723,-0.338338231067335,0.066667420793815,-0.13583540513676,519.800243025641
220,1.93263072597092,11.2366000432598,6.58461538461538,-0.21336914294575,0.292030962501418,0.0393309097778343,-0.379874623740438,0.0474273623345007,-0.166223630702968,0.165954114591201,0.771308135392585,0.468631124991893,-0.234497373950462,0.121852289395137,-0.0563225422776623,-0.35420603104679,0.0536494371305637,-0.150278296958113,-0.151545481361969,0.313335195536461,0.0808948570872462,-0.376976910579192,0.0513894560790337,-0.162793727250079,519.900272820513
221,1.85734755042049,11.0554729624,6.45641025641026,-0.242306990634294,0.290811829916148,0.0242524196409267,-0.419173777640455,-0.023458165696079,-0.221315971668267,0.165933213763445,0.796421531424981,0.481177372594213,-0.224601251378163,0.135535318179996,-0.0445329665990838,-0.367669598965013,0.0562864885543014,-0.155691555205356,-0.106486717173083,0.329489731557298,0.111501507192107,-0.384664867459667,0.0563691941864255,-0.164147836636621,520.000256410256
222,1.83432758939759,11.0169544618845,6.42564102564103,-0.298122538163822,0.177174043902867,-0.0604742471304776,-0.452238546341272,-0.0821684592935644,-0.267203502817418,0.16732268165101,0.787046480375141,0.477184581013075,-0.228876013456019,0.120406846393722,-0.0542345835311484,-0.379321704235417,0.0335002237731422,-0.172910740231137,-0.0983364801653688,0.299286674368574,0.100475097101602,-0.330831259791468,0.11376394440846,-0.108533657691504,520.100258153846
223,1.76098271668483,10.885171129469,6.32307692307692,-0.272978193379371,0.0910535044238372,-0.0909623444777669,-0.485811135098863,-0.123931778402355,-0.304871456750609,0.190470277798156,0.761507324175906,0.475988800987031,-0.232991538451891,0.113821656429771,-0.0595849410110597,-0.333729350365346,0.0521455663082691,-0.140791892028538,-0.154838325601621,0.23472542295485,0.0399435486766146,-0.29420512142615,0.156362893740631,-0.0689211138427592,520.200269794872
224,1.68095209113508,10.8010991909162,6.24102564102564,-0.239993259869128,0.204018003350268,-0.0179876282594299,-0.481968548765952,-0.105210570566534,-0.293589559666243,0.197369363833487,0.732740782152587,0.465055072993037,-0.241720893666904,0.128160642780567,-0.0567801254431681,-0.349474944945086,0.0292448655972765,-0.160115039673905,-0.228067976124235,0.167666086236903,-0.0302009449436661,-0.30193346072291,0.146063272520876,-0.0779350941010169,520.300243025641
225,1.58357802871576,10.734370689233,6.15897435897436,-0.170802742578543,0.405907450862243,0.11755235414185,-0.496984258236247,-0.106627289635034,-0.301805773935641,0.214416956878471,0.772813709546727,0.493615333212599,-0.263160560648036,0.0737212490665302,-0.0947196557907529,-0.36791158819843,0.0207106091996951,-0.173600489499367,-0.250411793351646,0.141018322433639,-0.0546967354590035,-0.32304282884655,0.0898984723832732,-0.116572178231639,520.400272820513
226,1.47634939152105,10.6467275315559,6.06153846153846,-0.140311860166803,0.436649375829545,0.148168757831371,-0.504890973849253,-0.152526116853018,-0.328708545351135,0.221959852882785,0.846155831937052,0.534057842409919,-0.245545889476036,0.134475884989092,-0.055535002243472,-0.371017809093855,0.0129512396479874,-0.179033284722934,-0.254564213097711,0.110457344422971,-0.0720534343373697,-0.354344812228881,0.0415232195173281,-0.156410796355777,520.500256410256
227,1.41855893216932,10.5199026062922,5.96923076923077,-0.120988689029359,0.360882640780011,0.119946975875326,-0.466414262147225,-0.100376751219212,-0.283395506683219,0.219336377235639,0.897519820403302,0.55842809881947,-0.243309874781249,0.145142420450544,-0.0490837271653526,-0.311513855281254,0.114873285896314,-0.0983202846924698,-0.272919472277021,0.0984051039791213,-0.0872571841489501,-0.385960267907765,0.0324234536865107,-0.176768407110627,520.600240512821
228,1.57958882542482,10.6255393797034,6.1025641025641,-0.152469663583762,0.197864501348355,0.0226974188822968,-0.41880538315544,-0.0428797845300206,-0.23084258384273,0.254351575557543,0.905132578383432,0.579742076970488,-0.203868662576665,0.274133901690791,0.0351326195570631,-0.263418657482378,0.208555307831594,-0.0274316748253919,-0.266075198060547,0.111623735936034,-0.0772257310622565,-0.441452925776037,0.0049176641664493,-0.218267630804794,520.700269794872
229,1.71121650866169,10.9451937477486,6.32820512820513,-0.17534415546567,0.112088032570677,-0.0316280614474963,-0.359480771239103,0.0203349944625863,-0.169572888388258,0.234050824077097,0.893867511600578,0.563959167838838,-0.193181956204021,0.263138046909681,0.0349780453528302,-0.245445643751767,0.241624619132513,-0.00191051230962671,-0.261310315471202,0.160690808401152,-0.0503097535350248,-0.462394209079139,0.024291187578595,-0.219051510750272,520.800377897436
230,1.74921265437292,11.0713001661399,6.41025641025641,-0.174191653298385,0.142546112321137,-0.0158227704886242,-0.339841410154517,0.0101929065065694,-0.164824251823974,0.149234055676431,0.774084812269519,0.461659433972975,-0.190250608591019,0.314317030931681,0.0620332111703314,-0.238459321775203,0.18947877521521,-0.0244902732799963,-0.247938032374179,0.260215849711153,0.00613890866848692,-0.436325553561718,0.0576330542052951,-0.189346249678211,520.900272820513
231,1.7056316321198,11.0123170858289,6.35897435897436,-0.0612981384936572,0.356514185559009,0.147608023532676,-0.349650595903761,0.00355357666294721,-0.173048509620407,0.0382863617184324,0.619560550506583,0.328923456112508,-0.237585451236876,0.308548536481083,0.0354815426221033,-0.23046809413384,0.182084122726076,-0.0241919857038821,-0.258601875263664,0.384854063124081,0.0631260939302086,-0.389689372144324,0.125716730942723,-0.131986320600801,521.000256410256
232,1.68920630623805,11.1518193347876,6.42051282051282,-0.0278556389181631,0.426182004641192,0.199163182861515,-0.360477972998735,0.0114521628264744,-0.17451290508613,-0.0556037260618741,0.50183109692342,0.223113685430773,-0.204857465934043,0.292727129199566,0.0439348316327615,-0.245345059099724,0.159898673697313,-0.0427231927012057,-0.266250839605455,0.372171554822391,0.0529603576084681,-0.403374301178134,0.138458693993063,-0.132457803592536,521.10024
233,1.64079837365699,11.3233041904456,6.48205128205128,-0.0398008444866273,0.379260676917389,0.169729916215381,-0.295751793009331,0.143397917680557,-0.076176937664387,-0.0742716337591623,0.498199319934239,0.211963843087538,-0.229442708636715,0.193669140492734,-0.0178867840719903,-0.253214541145088,0.181822890865324,-0.035695825139882,-0.309928581638982,0.224843155784703,-0.0425427129271398,-0.460707761438874,0.0551215112176871,-0.202793125110593,521.200269794872
234,1.55231942421438,11.257936986042,6.40512820512821,-0.15681348683481,0.293697638626093,0.0684420758956415,-0.204766309974786,0.306646762661094,0.0509402263431542,-0.0181139527064847,0.579651877822849,0.280768962558182,-0.232194985508468,0.111128427755694,-0.0605332788763869,-0.277951682376299,0.16066080179571,-0.0586454402902949,-0.380330579216669,0.0623017249364527,-0.159014427140108,-0.512583049669466,-0.0138813601766268,-0.263232204923046,521.300243538462
235,1.47511397191487,11.0171937203928,6.24615384615385,-0.19395446384482,0.249786042394436,0.0279157892748078,-0.163356984564031,0.461009173236436,0.148826094336202,-0.0202218319448301,0.597415693846035,0.288596930950603,-0.262824582891749,0.108592542632835,-0.0771160201294567,-0.304897333290395,0.135879738539647,-0.084508797375374,-0.383846148101956,0.0621676712675925,-0.160839238417182,-0.507561822597051,-0.024452244834456,-0.266007033715753,521.400272820513
236,1.15094274582726,10.3772623823779,5.76410256410256,-0.158488162516293,0.385668565775417,0.113590201629562,-0.13355441475807,0.518150606259443,0.192298095750687,-0.0380240168068464,0.592406867226531,0.277191425209842,-0.240503417488501,0.129989420701334,-0.0552569983935837,-0.353720955337377,0.0709976681781864,-0.141361643579595,-0.399351287909635,0.0503667750122258,-0.174492256448705,-0.518421478221128,-0.0471052734368223,-0.282763375828975,521.500256410256
237,0.862514788587345,9.69133136525881,5.27692307692308,-0.177938588634792,0.361574078139728,0.0918177447524682,-0.137702259911851,0.448806371703376,0.155552055895763,-0.103238695454329,0.528513231431789,0.21263726798873,-0.235421346697126,0.235149362783693,-0.000135991956716524,-0.358932579236641,0.0758716900624324,-0.141530444587104,-0.418632000617066,0.0545908752271686,-0.182020562694948,-0.48557627300383,0.0208228409904307,-0.2323767160067,521.60024
238,0.696132192537912,9.16027806387235,4.92820512820513,-0.207298924439832,0.282728674553321,0.0377148750567442,-0.198941453038622,0.337219719455271,0.0691391332083243,-0.120254100052723,0.472490203935414,0.176118051941346,-0.295786653581186,0.289231215088205,-0.00327771924649092,-0.371440894300954,0.0772064143850947,-0.14711723995793,-0.392160060271347,0.0865523117687751,-0.152803874251286,-0.408606574723509,0.134288594354196,-0.137158990184657,521.700269794872
239,0.556048877514466,8.93113060966502,4.74358974358974,-0.239305367093952,0.100489724679495,-0.0694078212072286,-0.264219607037854,0.326472643956683,0.0311265184594149,-0.10262048010144,0.442377089354728,0.169878304626644,-0.230957014426154,0.383421521652197,0.0762322536130218,-0.367810564429417,0.121038494783779,-0.123386034822819,-0.369340818152571,0.149863449568964,-0.109738684291803,-0.319279421347671,0.279702674774995,-0.0197883732863382,521.800243025641
240,0.488994431531595,8.56741582487866,4.52820512820513,-0.201438330325526,0.227529227213622,0.013045448444048,-0.259553880829879,0.395575116084663,0.068010617627392,-0.109428175297813,0.403598781992923,0.147085303347555,-0.228903032717202,0.304559833946796,0.0378284006147974,-0.336721834667598,0.249649058921222,-0.0435363878731879,-0.325012472860475,0.257774710124241,-0.0336188813681169,-0.324940575876344,0.299545635559581,-0.0126974701583817,521.900272820513
241,0.263936408786856,7.94119179634135,4.1025641025641,-0.193191432502912,0.273589793634278,0.0401991805656827,-0.254887266025296,0.414413055295663,0.0797628946351834,-0.0933381542452734,0.372720975178123,0.139691410466425,-0.220085273794009,0.253723918071672,0.0168193221388313,-0.284766713903053,0.332153241296642,0.0236932636967943,-0.293181614055781,0.318236190914122,0.0125272884291705,-0.389976387105549,0.231694810161654,-0.0791407884719475,522.000256923077
242,-0.129268945474276,7.20619202239735,3.53846153846154,-0.218217535189825,0.216694673409058,-0.000761430890383555,-0.281772764178512,0.365806486595834,0.042016861208661,-0.0666851063888099,0.400919468953432,0.167117181282311,-0.220236482693564,0.279231407212691,0.0294974622595634,-0.241312624932008,0.38485503488853,0.0717712049782609,-0.290990271315583,0.321483266996379,0.0152464978403976,-0.40954678178415,0.209173883882071,-0.100186448951039,522.100240307692
243,-0.38156284136767,6.69951155931639,3.15897435897436,-0.224506541180618,0.221258527299871,-0.00162400694037359,-0.297886367089384,0.333838794068346,0.017976213489481,-0.0926413984957887,0.393098871782787,0.150228736643499,-0.247864320762966,0.234608467081751,-0.00662792684060746,-0.280873789229482,0.337395422068185,0.0282608164193516,-0.275020816591103,0.310320515887253,0.0176498496480748,-0.374798562071079,0.219782874166229,-0.0775078439524251,522.200269794872
244,-0.636936128465098,6.20616689769587,2.78461538461538,-0.295098994669043,0.134936687355747,-0.0800811536566481,-0.334253784670975,0.284906451623127,-0.0246736665239239,-0.120911949006869,0.343684553597599,0.111386302295365,-0.25769035271919,0.280894656119565,0.0116021517001876,-0.313101250611728,0.29832487662756,-0.00738818699208369,-0.284246049673834,0.250283849292384,-0.0169811001907251,-0.218053842989291,0.335058251505018,0.0585022042578637,522.300243025641
245,-0.868923172669014,5.91507701882286,2.52307692307692,-0.327483384947725,0.148174407242247,-0.089654488852739,-0.364240878582314,0.270194408115539,-0.0470232352333875,-0.179078053631795,0.289281978990311,0.0551019626792584,-0.290100798398645,0.541364278886616,0.125631740243985,-0.31556097549129,0.275136012071988,-0.0202124817096512,-0.288608782861672,0.250313576944705,-0.0191476029584835,-0.116442777569818,0.418510131953384,0.151033677191783,522.400272820513
246,-0.908478144151841,5.83155506722877,2.46153846153846,-0.39792613855715,0.182954902407205,-0.107485618074972,-0.361367306796315,0.25526859173516,-0.0530493575305777,-0.25440863449296,0.256580836707038,0.00108610110703916,-0.167071129675692,0.737256979632116,0.285092924978212,-0.290759748897807,0.272139975749991,-0.00930988657390799,-0.308025748231464,0.209869316827372,-0.0490782157020458,-0.0927273057644951,0.443534059795769,0.175403377015637,522.500256410256
247,-1.05052494373594,5.66590955912056,2.30769230769231,-0.373093960808796,0.133743537477884,-0.119675211665456,-0.377438502902094,0.23706728945315,-0.0701856067244725,-0.280262762856696,0.264753400019483,-0.00775468141860655,-0.0876222035678787,0.848337834225573,0.380357815328847,-0.28812644008022,0.298531915217672,0.00520273756872571,-0.30849941860377,0.20966698610091,-0.0494162162514301,-0.168147741860184,0.372148322816489,0.102000290478152,522.600240512821
248,-1.05131814370306,5.62567711806203,2.28717948717949,-0.324582286991992,0.104669424678989,-0.109956431156501,-0.349627488376298,0.234574477027306,-0.0575265056744959,-0.308251695137353,0.269568856479932,-0.0193414193287105,-0.173431553613329,0.488399592850048,0.15748401961836,-0.259618297966187,0.376622248084962,0.0585019750593876,-0.337879917395316,0.141869904343494,-0.0980050065259115,-0.259804915630296,0.286243510293088,0.0132192973313959,522.700269794872
249,-1.06469552338708,5.587772446464,2.26153846153846,-0.316872746230139,0.0819923860783984,-0.11744018007587,-0.286053177415001,0.293266230764958,0.00360652667497832,-0.277887254451887,0.32125005445757,0.0216814000028417,-0.213035402675002,0.419068400157427,0.103016498741213,-0.269927205143646,0.36829754863588,0.0491851717461173,-0.314198469273486,0.192132062832605,-0.0610332032204404,-0.354993227949112,0.165662850447421,-0.0946651887508456,522.800243025641
250,-1.0810709318957,5.53235298317775,2.22564102564103,-0.259282211519286,0.19600452200611,-0.031638844756588,-0.226121526822008,0.437241106007777,0.105559789592885,-0.287143793719179,0.365724492886797,0.0392903495838091,-0.304659767490023,0.947621127005595,0.321480679757786,-0.278548559718162,0.321293147717098,0.0213722939994678,-0.357957153717403,0.177231267674343,-0.0903629430215303,-0.455883834101684,0.0861755870469611,-0.184854123527362,522.900272820513
251,-1.11592186645308,5.47489622542744,2.17948717948718,-0.18245542824399,0.691629638980066,0.254587105368038,-0.167834018323814,0.634073739615284,0.233119860645735,-0.258036699700981,0.422408497327239,0.0821858988131291,-0.180617677676568,1.08634659854836,0.452864460435896,-0.340497366722354,0.243669706255344,-0.0484138302335052,-0.443020851910434,0.120875393634872,-0.161072729137781,-0.477810364190135,0.0352274868688954,-0.22129143866062,523.000256410256
252,-1.13232877535141,5.42976467278731,2.14871794871795,-0.0930610795603786,0.716528136614929,0.311733528527275,-0.13301935476894,0.728380624207584,0.297680634719322,-0.226772352383823,0.437681142349163,0.10545439498267,-0.131362043628574,0.835202485219824,0.351920220795625,-0.397543029449068,0.18908913874861,-0.104226945350229,-0.46216929752998,0.135475681901021,-0.163346807814479,-0.490175268681753,0.0048033208402589,-0.242685973920747,523.100411794872
253,-1.14767238744573,5.39382623359958,2.12307692307692,-0.117294515724909,0.591846910478341,0.237276197376716,-0.221693107409867,0.578228441216208,0.17826766690317,-0.22981957684695,0.374770774591706,0.0724755988723781,-0.17581435570174,0.42024142953089,0.122213536914575,-0.377517463838378,0.255053842265746,-0.0612318107863161,-0.460666119689175,0.111576715531064,-0.174544702079056,-0.44874499507293,0.00843104372748909,-0.220156975672721,523.20052625641
254,-1.14767238744573,5.39382623359958,2.12307692307692,-0.0881524696602789,0.567978168410297,0.239912849375009,-0.295616767503056,0.457609700593017,0.0809964665449809,-0.284924225973437,0.406555521905687,0.0608156479661249,-0.158393711060961,0.233107480569188,0.0373568847541136,-0.34757735427299,0.319395659652093,-0.0140908473104484,-0.452161037051445,0.12441432381432,-0.163873356618563,-0.359477303549015,0.100655569469329,-0.129410867039843,523.300499384615
255,-1.15097010328413,5.37661112892516,2.11282051282051,-0.0996272231916934,0.56280422682782,0.231588501818063,-0.28701375273519,0.409170896662765,0.0610785719637878,-0.26892899290672,0.56394964990292,0.1475103284981,-0.166369809723996,0.235306894759431,0.0344685425177177,-0.393305976653466,0.278332738907474,-0.0574866188729963,-0.465679979676739,0.0925356346461455,-0.186572172515297,-0.271683644298402,0.231483797379977,-0.0200999234592127,523.400528974359
256,-1.15971486798561,5.33407384234459,2.08717948717949,-0.158137911763244,0.467419698982587,0.154640893609672,-0.262727927320355,0.420566637277833,0.0789193549787389,-0.211561042259773,0.578763771081879,0.183601364411053,-0.0530333345447759,0.575122466844676,0.26104456614995,-0.458631286466191,0.210952605234236,-0.123839340615978,-0.445848486000418,0.10695267277044,-0.169447906614989,-0.291128388571596,0.327183542537798,0.0180275769831009,523.500512820513
257,-1.17521672073215,5.26752441303984,2.04615384615385,-0.254725873959879,0.366310917648714,0.0557925218444176,-0.332772611949629,0.283780171833651,-0.0244962200579891,-0.0836853297105301,0.594245603145947,0.255280136717709,-0.0930690402095403,0.780086342216035,0.343508651003247,-0.528761237810169,0.0619192365060017,-0.233421000652084,-0.354458956881512,0.195893941293855,-0.0792825077938286,-0.258267498614559,0.44866371754076,0.0951981094631008,523.600497179487
258,-1.188085940553,5.21885517132224,2.01538461538462,-0.23360963210514,0.389183261254233,0.0777868145745466,-0.426486054286698,0.118509681539963,-0.153988186373368,-0.00845000820812382,0.6734326066144,0.332491299203138,-0.109014645450084,0.842370441759851,0.366677898154883,-0.54703738149454,0.0233183645363682,-0.261859508479086,-0.306124202915858,0.217237808516675,-0.0444431971995918,-0.272140729817724,0.410067222075958,0.0689632461291168,523.70052625641
259,-1.21195503933217,5.14016016753729,1.96410256410256,-0.196029367235031,0.454913051973906,0.129441842369438,-0.506459577225063,-0.0291149162039887,-0.267787246714526,0.0168595083370767,0.680033026648588,0.348446267492832,-0.102335807032047,0.609092674893109,0.253378433930531,-0.540001542013625,0.0336110191491302,-0.253195261432247,-0.307661833073874,0.309805060693535,0.00107161380983079,-0.255585796147152,0.405948618020691,0.0751814109367693,523.800499384615
260,-1.25358118012723,5.02794015448621,1.88717948717949,-0.201279075383418,0.509470307451417,0.154095616034,-0.510391485962571,-0.0584820972274328,-0.284436791595002,-0.0755074098517031,0.550300568000559,0.237396579074428,-0.117018872728218,0.377718623700911,0.130349875486347,-0.434248050566554,0.151080354159516,-0.141583848203519,-0.316624460126427,0.351556572670517,0.0174660562720451,-0.228292372221169,0.408222299045147,0.089964963411989,523.900528974359
261,-1.27871015525572,4.97101784756341,1.84615384615385,-0.237253782183192,0.530675747969496,0.146710982893152,-0.519385026476452,-0.0413249288590322,-0.280354977667742,-0.222517147225434,0.398522583863012,0.0880027183187893,-0.0334674865953304,0.406762416975509,0.186647465190089,-0.43205365942211,0.174068432743804,-0.128992613339153,-0.340094808425245,0.295402097299645,-0.0223463555627998,-0.152681944385517,0.495274153921607,0.171296104768045,524.000512820513
262,-1.27871015525572,4.97101784756341,1.84615384615385,-0.208328629438944,0.511628772526915,0.151650071543986,-0.470683633838845,0.0398615174278852,-0.21541105820548,-0.246334070991009,0.401708137345958,0.0776870331774747,-0.0664228829211967,0.910206414394766,0.421891765736785,-0.43878648298865,0.133328509526959,-0.152728986730845,-0.384037045922794,0.223242277400211,-0.0803973842612917,-0.106810614034879,0.553254563092695,0.223221974528908,524.100496871795
263,-1.27871015525572,4.97101784756341,1.84615384615385,-0.202426063090489,0.335691026883929,0.0666324818967198,-0.418302967126227,0.132724282251449,-0.142789342437389,-0.265123826790424,0.412694454559801,0.0737853138846887,-0.0811480398844318,0.798838052996481,0.358845006556025,-0.487264620684817,0.025311302825868,-0.230976658929475,-0.363349585991903,0.188037290527119,-0.087656147732392,-0.0903132020506309,0.58969748778824,0.249692142868804,524.20052625641
264,-1.27871015525572,4.97101784756341,1.84615384615385,-0.205719255124261,0.320271755436006,0.0572762501558727,-0.371523242371535,0.204853208406045,-0.0833350169827454,-0.263181623896968,0.378851202481139,0.0578347892920859,-0.0839536821731941,0.602280824927312,0.259163571377059,-0.523011820790636,-0.0265903013245436,-0.27480106105759,-0.333839160789747,0.237727905117741,-0.0480556278360033,-0.141367201973726,0.469902855615195,0.164267826820734,524.300499384615
265,-1.28199682237394,4.96404810442522,1.84102564102564,-0.24779280500761,0.206210999628365,-0.020790902689623,-0.389662596082478,0.265212819917817,-0.0622248880823303,-0.263289218394533,0.305116411584624,0.0209135965950453,-0.0847784065792008,0.401003676900698,0.158112635160749,-0.585667732944384,-0.0440166251804613,-0.314842179062423,-0.268112407413703,0.379213981141776,0.0555507868640364,-0.185563910128963,0.397591376194068,0.106013733032553,524.400528974359
266,-1.2989193779133,4.92968860868253,1.81538461538462,-0.295981029965097,0.106002265626804,-0.0949893821691465,-0.402062681375404,0.259373952889979,-0.0713443642427127,-0.249507838637318,0.271337030532782,0.010914595947732,-0.0766445764104459,0.681718138254642,0.302536780922098,-0.62914816926723,-0.0804492261669124,-0.354798697717071,-0.202462929339305,0.545217293209494,0.171377181935095,-0.208574329428318,0.390864223556446,0.0911449470640638,524.500512820513
267,-1.40027050395157,4.76437306805413,1.68205128205128,-0.325702335677506,0.0176497933452609,-0.154026271166123,-0.351792899040627,0.251872115294413,-0.0499603918731068,-0.295075278664253,0.199649453676896,-0.0477129124936785,-0.119823175030165,0.674292044635472,0.277234434802654,-0.669671361709166,-0.183821567593577,-0.426746464651372,-0.206399069608714,0.48742804075607,0.140514485573678,-0.0968353255059986,0.514295389981945,0.208730032237973,524.600496974359
268,-1.5349686989503,4.61189177587337,1.53846153846154,-0.357298095594456,0.0676606715046613,-0.144818712044897,-0.355307214371098,0.222596759867222,-0.0663552272519382,-0.330921459325094,0.16809349895859,-0.0814139801832524,-0.117513636578829,0.750101972200761,0.316294167810966,-0.612554535506687,-0.104498251832314,-0.358526393669501,-0.18542956384011,0.55468831925301,0.18462937770645,-0.0543893283181514,0.564120298222148,0.254865484951998,524.70052625641
269,-1.5349686989503,4.61189177587337,1.53846153846154,-0.394606870474192,0.100177131331063,-0.147214869571565,-0.375484211218254,0.230321627418864,-0.0725812918996948,-0.360966650592783,0.137655354871251,-0.111655647860766,-0.0531378197364822,0.851000579420626,0.398931379842072,-0.560499625107193,-0.0422402358568008,-0.301369930481997,-0.180213171240088,0.588882003907412,0.204334416333662,-0.00333485203057046,0.652144764149927,0.324404956059678,524.800499641026
270,-1.5349686989503,4.61189177587337,1.53846153846154,-0.404325556923087,0.159829170770908,-0.122248193076089,-0.452859102383288,0.210992330563129,-0.12093338591008,-0.401554832679093,0.10218399203294,-0.149685420323076,-0.0310796359604991,0.794831430265005,0.381875897152253,-0.526311980441909,0.0367815057968925,-0.244765237322508,-0.142067006039319,0.591630391241561,0.224781692601121,0.0528214941830688,0.738108781003666,0.395465137593367,524.900528974359
271,-1.5349686989503,4.61189177587337,1.53846153846154,-0.29689835078655,0.204165304945398,-0.0463665229205758,-0.488209879491315,0.138625957007844,-0.174791961241736,-0.409981109722373,0.0983991555757858,-0.155790977073294,-0.100557294258635,1.13618291462283,0.517812810182099,-0.567558771987364,0.0030027440352411,-0.282278013976061,-0.159919145858394,0.513437284679411,0.176759069410509,0.0084651670600799,0.692746976989671,0.350606072024875,525.011376
272,-1.5349686989503,4.61189177587337,1.53846153846154,-0.196390086038222,0.362198454620144,0.0829041842909608,-0.429643752417233,0.149352512193666,-0.140145620111783,-0.325615165614285,0.149977620136366,-0.0878187727389598,-0.0864523348785267,0.462492710723447,0.18802018792246,-0.657066242755898,-0.0854183235112791,-0.371242283133588,-0.174667930888426,0.436969603422312,0.131150836266943,-0.0997565705622267,0.527562781391459,0.213903105414616,525.116666666667
273,-1.5349686989503,4.61189177587337,1.53846153846154,-0.173641264526016,0.654948115618114,0.240653425546049,-0.39607071169424,0.166469235331953,-0.114800738181144,-0.274125358514735,0.178476035635095,-0.0478246614398199,-0.248334827580306,0.219814368962153,-0.0142602293090766,-0.711808503549726,-0.133608404918146,-0.422708454233936,-0.2125800493802,0.367544376466818,0.0774821635433092,-0.200889679286087,0.404967088973807,0.10203870484386,525.216683333333
274,-1.5349686989503,4.61189177587337,1.53846153846154,-0.0858155789870732,0.673612200106769,0.293898310559848,-0.434320811180366,0.125300619901116,-0.154510095639625,-0.244900495042683,0.224125076022332,-0.0103877095101754,-0.220510045703002,0.264828106583616,0.0221590304403067,-0.740349776927137,-0.178925814134867,-0.459637795531002,-0.232017400918242,0.288911586322374,0.0284470927020657,-0.235998386461822,0.328179342419367,0.0460904779787722,525.31665
275,-1.5349686989503,4.61189177587337,1.53846153846154,-0.0364631668733409,0.55365816916335,0.258597501145005,-0.440689527082955,0.127454948008627,-0.156617289537164,-0.284043582275148,0.220877085707848,-0.0315832482836502,-0.134798602138959,0.501675158282554,0.183438278071798,-0.750886837361276,-0.236255208723917,-0.493571023042596,-0.229466462985354,0.304152559130429,0.0373430480725374,-0.241649909953247,0.340024461290758,0.0491872756687554,525.416667282051
276,-1.5349686989503,4.61189177587337,1.53846153846154,-0.0277696163260707,0.684255841186883,0.328243112430406,-0.477349273992362,0.0558428542752099,-0.210753209858576,-0.283560976809829,0.272701101260502,-0.00542993777466366,-0.11922324303416,0.428034739371549,0.154405748168694,-0.752367091252039,-0.226036190992879,-0.489201641122459,-0.126275591495236,0.510307725772539,0.192016067138651,-0.125339805886542,0.405046364103913,0.139853279108686,525.516666666667
277,-1.5349686989503,4.61189177587337,1.53846153846154,-0.0316418595819375,0.82972991707309,0.399044028745576,-0.396946578364288,0.288339622605446,-0.0543034778794208,-0.219742212697204,0.340502330314136,0.0603800588084657,-0.0597833117422155,0.442122124063396,0.19116940616059,-0.730288295192026,-0.14781475414815,-0.439051524670088,-0.183193794816625,0.525583714929165,0.17119496005627,-0.022402731706949,0.479632249837609,0.22861475906533,525.616666666667
278,-1.5349686989503,4.61189177587337,1.53846153846154,-0.0667751085420228,0.803394408067173,0.368309649762575,-0.417213069738758,0.301777619227653,-0.0577177252555526,-0.159591101993956,0.462100302779748,0.151254600392896,-0.0950876318339754,0.316138899632753,0.110525633899389,-0.726232797612104,-0.057620565531814,-0.391926681571959,-0.203689611475267,0.530815974926551,0.163563181725642,0.0318840541070278,0.532762632617038,0.282323343362033,525.716683333333
279,-1.5349686989503,4.61189177587337,1.53846153846154,-0.131483733091987,0.618394223355065,0.243455245131539,-0.521777953391735,0.0833297405573464,-0.219224106417194,-0.0871777462773841,0.601181964803987,0.257002109263301,-0.122432942491572,0.458325413199536,0.167946235353982,-0.741185573981932,-0.11413787770268,-0.427661725842306,-0.159532371030493,0.531379305808343,0.185923467388925,0.0275557289772631,0.593075069397256,0.31031539918726,525.816393461539
280,-1.5349686989503,4.61189177587337,1.53846153846154,-0.233640123884833,0.302908964529843,0.034634420322505,-0.587195861397345,-0.081390904150228,-0.334293382773787,-0.026536832329376,0.645758005019845,0.309610586345235,-0.104726745876273,0.618407105278317,0.256840179701022,-0.771900141209051,-0.13686617552023,-0.45438315836464,-0.0668989668550679,0.60583379538228,0.269467414263606,-0.0463139614611841,0.575308060867006,0.264497049702911,525.916282076923
281,-1.5349686989503,4.61189177587337,1.53846153846154,-0.255505025868384,0.213349195732524,-0.0210779150679303,-0.550055847927603,0.0119953728777957,-0.269030237524904,0.0247457485588209,0.658566048566638,0.341655898562729,-0.24695988478797,0.647062744551506,0.200051429881768,-0.796201285486164,-0.200527222368671,-0.498364253927417,-0.0573958032693798,0.575398026223637,0.259001111477129,-0.117668583135845,0.507136878994156,0.194734147929156,526.01641025641
282,-1.5349686989503,4.61189177587337,1.53846153846154,-0.217449622252092,0.19934840473329,-0.00905060875940143,-0.544890395347031,-0.0233004174042513,-0.284095406375641,0.112132082466142,0.777196279398026,0.444664180932084,-0.224753937869967,0.981723143417953,0.378484602773993,-0.853519465477563,-0.304387576589088,-0.578953521033325,-0.135322506382058,0.4927756735964,0.178726583607171,-0.119972181326571,0.493091463508399,0.186559641090914,526.11641
283,-1.5349686989503,4.61189177587337,1.53846153846154,-0.164807123714357,0.320796204733729,0.0779945405096861,-0.541148807961395,0.0614132272809276,-0.239867790340234,0.0546870865757353,0.765346970560788,0.410017028568262,-0.131674341407469,0.678666837146596,0.273496247869563,-0.841637150433826,-0.242922971308604,-0.542280060871215,-0.180705357788473,0.45211098393188,0.135702813071703,-0.129819005356657,0.442286189559891,0.156233592101617,526.216426871795
284,-1.5349686989503,4.61189177587337,1.53846153846154,-0.0927142016747473,0.413287328915977,0.160286563620615,-0.579697160521517,-0.00451792437161185,-0.292107542446564,0.0138727249736165,0.723261627304047,0.368567176138832,-0.128993837098199,0.600305855438538,0.235656009170169,-0.862312014393523,-0.19225396042279,-0.527282987408156,-0.175371584123649,0.520525866403875,0.172577141140113,-0.103756932885221,0.463344036816878,0.179793551965828,526.316393641026
285,-1.5349686989503,4.61189177587337,1.53846153846154,-0.089575790070351,0.440389763176675,0.175406986553162,-0.513848826474023,0.062623479298869,-0.225612673587577,-0.0108915242112965,0.705619153434441,0.347363814611572,-0.103676548852071,0.967366024065803,0.431844737606866,-0.784553711300256,-0.0613037390455391,-0.422928725172897,-0.153742916491194,0.640011306273412,0.243134194891109,-0.158878720646828,0.428583599507034,0.134852439430103,526.416410512821
286,-1.5349686989503,4.61189177587337,1.53846153846154,-0.196349102713556,0.460262867303822,0.131956882295133,-0.510981664595572,0.095111600449811,-0.207935032072881,-0.0484071771192196,0.7211951494323,0.33639398615654,-0.021010087566141,0.904191163302696,0.441590537868277,-0.73383242618473,-0.050380314901619,-0.392106370543175,-0.160037506372603,0.713221170293548,0.276591831960473,-0.213776935166252,0.43615614036752,0.111189602600634,526.51641025641
287,-1.5349686989503,4.61189177587337,1.53846153846154,-0.266854178860325,0.467634856373113,0.100390338756394,-0.568194463448585,0.0147604343200141,-0.276717014564286,-0.062752737042423,0.783360117179953,0.360303690068765,-0.0593101037987311,0.728357385757852,0.334523640979561,-0.706801950905235,-0.0967901099427743,-0.401796030424005,-0.152877437577381,0.707975887743978,0.277549225083299,-0.250310898083405,0.447576466505748,0.0986327842111717,526.616410512821
288,-1.5349686989503,4.61189177587337,1.53846153846154,-0.234352213059091,0.464082656378317,0.114865221659613,-0.48405449162471,0.120143084581946,-0.181955703521382,-0.0397573782113897,0.823633133808324,0.391937877798467,-0.125989274569629,1.06228503871239,0.46814788207138,-0.631713598832566,-0.0294024705689658,-0.330558034700766,-0.253690004060083,0.538037503823382,0.14217374988165,-0.293760222074389,0.422875883365454,0.0645578306455323,526.716426871795
289,-1.5349686989503,4.61189177587337,1.53846153846154,-0.186313199368975,0.54669354228028,0.180190171455653,-0.424216066916948,0.156459840682538,-0.133878113117205,-0.00301249570449196,0.969273400092535,0.483130452194022,-0.19370710405158,0.870428315773268,0.338360605860844,-0.638113483520401,0.0532733368965914,-0.292420073311905,-0.282460039740504,0.503688845990149,0.110614403124823,-0.284670069399522,0.45706429083516,0.0861971107178192,526.816393641026
290,-1.5349686989503,4.61189177587337,1.53846153846154,-0.183992477174214,0.552402046023829,0.184204784424807,-0.450966224029839,0.0980375329923625,-0.176464345518738,0.0440526122473147,1.06202344027115,0.553038026259232,-0.14631238705631,0.735594242497387,0.294640927720539,-0.671551248906721,0.0564398828739791,-0.307555683016371,-0.275569142025385,0.48438768572684,0.104409271850727,-0.198081890009673,0.55595304942521,0.178935579707769,526.916410512821
291,-1.5349686989503,4.61189177587337,1.53846153846154,-0.148003828909195,0.484413557168445,0.168204864129625,-0.525332251085083,-0.00961320859070422,-0.267472729837893,0.102133828246075,1.09836114349781,0.600247485871943,-0.0926731138710088,0.707724002819674,0.307525444474333,-0.718890073390601,-0.023575823758226,-0.371232948574413,-0.190680769677265,0.550766885849559,0.180043058086147,-0.163455150759665,0.558032836993591,0.197288843116963,527.01641025641
292,-1.5349686989503,4.61189177587337,1.53846153846154,-0.178144821484423,0.446665761152957,0.134260469834267,-0.476038100545979,0.107260327244001,-0.184388886650989,0.0924608081673128,0.974898238670205,0.533679523418759,-0.148806337961015,0.46760265056049,0.159398156299738,-0.646859183357647,0.0157987787496927,-0.315530202303977,-0.148163463397232,0.635737945372548,0.243787240987658,-0.183512941932757,0.500008970348975,0.158248014208109,527.11641
293,-1.5349686989503,4.61189177587337,1.53846153846154,-0.181034502037748,0.415520406299739,0.117242952130995,-0.495910838546467,0.149236797009915,-0.173337020768276,0.0180800852938378,0.849940375241997,0.434010230267917,-0.216591287094661,0.395010474956067,0.0892095939307032,-0.595290168597161,0.0674791389213815,-0.26390551483789,-0.0995577735925633,0.836720897079436,0.368581561743437,-0.156197300588714,0.506503888131328,0.175153293771307,527.216426871795
294,-1.5349686989503,4.61189177587337,1.53846153846154,-0.267017353520603,0.247168215179567,-0.00992456917051807,-0.478179207763301,0.191842641161249,-0.143168283301026,-0.0402272133868334,0.614024114111381,0.286898450362274,-0.290636780786108,0.290450374359666,-9.32032132207911e-05,-0.53337404638887,0.124968987822565,-0.204202529283152,-0.160249860637171,0.766248360961085,0.302999250161957,-0.115780444302011,0.601390510025958,0.242805032861973,527.316393641026
295,-1.5349686989503,4.61189177587337,1.53846153846154,-0.218242042556471,0.219909985084503,0.000833971264016016,-0.487850259143102,0.190881384253865,-0.148484437444619,-0.018815866224076,0.577659106144035,0.279421619959979,-0.274205045177753,0.3101038179538,0.0179493863880232,-0.579141177553271,0.0531748646722898,-0.262983156440491,-0.148361775739471,0.654754170611501,0.253196197436015,-0.119051692835929,0.666735400021959,0.273841853593015,527.416410820513
296,-1.5349686989503,4.61189177587337,1.53846153846154,-0.145105986940231,0.363335742598923,0.109114877829346,-0.490131616885807,0.196115684119999,-0.147007966382904,-0.0221773057781051,0.575668246036028,0.276745470128961,-0.295817854210333,0.366692440088062,0.0354372929388646,-0.590089220972808,0.0441564415045958,-0.272966389734106,-0.134148031441669,0.479763430729717,0.172807699644024,-0.062636994250987,0.690346240772709,0.313854623260861,527.51641025641
297,-1.5349686989503,4.61189177587337,1.53846153846154,-0.115755301681923,0.439517877358956,0.161881287838517,-0.442958431770392,0.231776011964601,-0.105591209902896,-0.0565482785001615,0.554082763448144,0.248767242473992,-0.262579080686445,0.459352611515534,0.0983867654145447,-0.583837247785208,0.0676835502809465,-0.258076848752131,-0.167891629487777,0.384840983827718,0.108474677169971,-0.0485588754575099,0.674824234539399,0.313132679540944,527.61641
298,-1.5349686989503,4.61189177587337,1.53846153846154,-0.128652168862444,0.388394112586179,0.129870971861867,-0.381827692666118,0.283323799197092,-0.0492519467345129,-0.122532558657584,0.478991842309377,0.178229641825897,-0.167084299089285,0.58412531777152,0.208520509341118,-0.575604148559147,0.0856058064008185,-0.244999171079164,-0.174678573398969,0.390841266276902,0.108081346438967,-0.10593789936599,0.611740515603358,0.252901308118684,527.716426871795
299,-1.5349686989503,4.61189177587337,1.53846153846154,-0.115377759592263,0.330360977254098,0.107491608830917,-0.301240450750217,0.383208958635498,0.0409842539426405,-0.178199602349514,0.423518476242909,0.122659436946698,-0.108409505647999,0.66726879022828,0.27942964229014,-0.584157534607139,0.112636027137584,-0.235760753734778,-0.164981346780293,0.457650854188235,0.146334753703971,-0.143436887024087,0.563995124474409,0.210279118725161,527.815624025641
300,-1.5349686989503,4.61189177587337,1.53846153846154,-0.16504811008994,0.345837040181479,0.0903944650457698,-0.212718181475238,0.523913419403485,0.155597618964123,-0.223161796061812,0.327964219939921,0.0524012119390543,-0.0876974221938082,0.699845679127548,0.30607412846687,-0.555048825888896,0.117656866256629,-0.218695979816134,-0.158685901381359,0.485426170266438,0.16337013444254,-0.169041672459047,0.531888129742127,0.18142322864154,527.915642358974
301,-1.5349686989503,4.61189177587337,1.53846153846154,-0.225300005779743,0.283379626265317,0.0290398102427867,-0.187753765164613,0.59755802275607,0.204902128795728,-0.261518166099319,0.258251953754117,-0.00163310617260105,-0.112445379838829,0.656420623677208,0.27198762191919,-0.502119311491503,0.142157614775447,-0.179980848358028,-0.161240292508218,0.465653376001752,0.152206541746767,-0.100924509647693,0.589468089783202,0.244271790067754,528.01641025641
302,-1.5349686989503,4.61189177587337,1.53846153846154,-0.086183481149449,0.789067350788707,0.351441934819629,-0.0622930933575502,0.81231980095201,0.37501335379723,-0.22674016853601,0.300959254006566,0.037109542735278,-0.0613222364972986,0.90182778102707,0.420252772264886,-0.604953532280053,0.0103025534879695,-0.297325489396042,-0.307884013683116,0.331961027795945,0.0120385070564146,-0.248218727279757,0.559653530727444,0.155717401723843,528.11641
303,-1.5349686989503,4.61189177587337,1.53846153846154,-0.143649561963502,0.642558232709019,0.249454335372758,-0.132998426984267,0.668647226747074,0.267824399881403,-0.215738959384393,0.36768334988115,0.0759721952483785,-0.068104666682713,0.911973209970123,0.421934271643705,-0.577903432482782,0.0549096590130223,-0.26149688673488,-0.313487666646816,0.327665735036307,0.00708903419474556,-0.21831697992638,0.570008698492681,0.17584585928315,528.216426871795
304,-1.5349686989503,4.61189177587337,1.53846153846154,-0.226856377059421,0.451567008156464,0.112355315548522,-0.182986087560673,0.523002403834871,0.170008158137099,-0.12258442052542,0.559721723698251,0.218568651586416,-0.062406348609819,0.907446898390077,0.422520274890129,-0.570421994570294,0.1357288753822,-0.217346559594047,-0.323580075904804,0.322022019592104,-0.000779028156350007,-0.195063989345758,0.598198150750808,0.201567080702525,528.316393641026
305,-1.5349686989503,4.61189177587337,1.53846153846154,-0.249647812347634,0.303300055371466,0.026826121511916,-0.231840792149064,0.427421728810975,0.0977904683309555,-0.0275087810028225,0.710870616637777,0.341680917817477,-0.020431719833621,0.692086487279858,0.335827383723118,-0.528145137085783,0.1940512236667,-0.167046956709542,-0.311831543553601,0.278920983958236,-0.0164552797976823,-0.222539648832285,0.530876315242495,0.154168333205105,528.41641051282
306,-1.5349686989503,4.61189177587337,1.53846153846154,-0.186562316914428,0.495698627118561,0.154568155102066,-0.244193223166404,0.453773043295733,0.104789910064664,-0.0894105325770553,0.679617266137628,0.295103366780286,0.0596141898078187,0.885058693417682,0.47233644161275,-0.521821616080556,0.182703592546031,-0.169559011767263,-0.337951643748992,0.234817838048467,-0.0515669028502625,-0.176197077837022,0.541104997291383,0.182453959727181,528.51641025641
307,-1.5349686989503,4.61189177587337,1.53846153846154,-0.188205532942321,0.523584562595016,0.167689514826348,-0.255998818720169,0.484136896047994,0.114069038663912,-0.159853761794949,0.572901278021646,0.206523758113348,0.063174205034571,0.731234376576942,0.397204290805756,-0.549102096366958,0.152330468681516,-0.198385813842721,-0.307379899412014,0.242335991294552,-0.0325219540587309,-0.102971182759867,0.630864877545969,0.263946847393051,528.61641
308,-1.5349686989503,4.61189177587337,1.53846153846154,-0.279843674022478,0.36289351500242,0.0415249204899713,-0.376673985762083,0.263763065945785,-0.0564554599081491,-0.147153662468003,0.608045885973262,0.230446111752629,0.0524494809562115,0.741961685169309,0.39720558306276,-0.607043851502026,0.114871185641903,-0.246086332930062,-0.245137214922707,0.310605548139149,0.0327341666082209,-0.0540472924183274,0.673752139705839,0.309852423643756,528.716426871795
309,-1.5349686989503,4.61189177587337,1.53846153846154,-0.318951896673954,0.270115926291307,-0.0244179851913238,-0.405831101736552,0.210213060434707,-0.0978090206509225,-0.046059510234898,0.737570119643782,0.345755304704442,0.00826175126141546,0.676908786126201,0.342585268693808,-0.619283872172731,0.0429268347074991,-0.288178518732616,-0.158306885363316,0.400651205393534,0.121172160015109,-0.100960503112249,0.649333123715554,0.274186310301652,528.815880820513
310,-1.5349686989503,4.61189177587337,1.53846153846154,-0.310088966980196,0.430750347300728,0.0603306901602662,-0.483268389192673,0.242526282601722,-0.120371053295476,0.0108558528596219,0.866510441713039,0.438683147286331,-0.0657029170131204,0.599290025911074,0.266793554448977,-0.665875128464002,0.023108844365782,-0.32138314204911,-0.100747340716353,0.554445300054505,0.226848979669076,-0.0715074900971891,0.688375574344259,0.308434042123535,528.915898615385
311,-1.5349686989503,4.61189177587337,1.53846153846154,-0.357914646396777,0.382305791157624,0.0121955723804239,-0.511783205377147,0.228301695020013,-0.141740755178567,0.048029903784829,0.885678921413999,0.466854412599414,-0.161122621349298,0.582032076039696,0.210454727345199,-0.684668059289019,0.023528097392811,-0.330569980948104,-0.0705712136834425,0.710154048875882,0.31979141759622,-0.028724979359876,0.754159248181967,0.362717134411045,529.01641025641
312,-1.5349686989503,4.61189177587337,1.53846153846154,-0.31726863434052,0.433480747916278,0.0581060567878786,-0.577021284219006,0.145962312568376,-0.215529485825315,-0.0201736590529606,0.726169469438253,0.352997905192646,-0.257748767195414,0.353731407135124,0.0479913199698549,-0.674390191115418,0.0326525623573925,-0.320868814379013,-0.05080450679043,0.834036898303754,0.391616195756662,-0.0409235151401807,0.760806705079143,0.359941594969481,529.11641
313,-1.5349686989503,4.61189177587337,1.53846153846154,-0.323086479767484,0.297506330283036,-0.012790074742224,-0.609557797162533,0.0272861935434919,-0.29113580180952,0.0964596927803166,1.01242401423133,0.554441853505822,-0.210035570565774,0.271509021242127,0.0307367253381762,-0.736599925926407,-0.0318092665254717,-0.38420459622594,0.0694748143726574,0.980387795508976,0.524931304940817,-0.0435562377340182,0.759952998838347,0.358198380552164,529.216426871795
314,-1.5349686989503,4.61189177587337,1.53846153846154,-0.207241752841318,0.427521185551697,0.110139716355189,-0.602483741001816,-0.0208251164782218,-0.311654428740019,0.139651565599487,1.02337768806056,0.581514626830021,-0.217889288025118,0.211360163022069,-0.00326456250152419,-0.733366711801893,-0.0337316656014937,-0.383549188701693,0.120039926846816,1.03400002893587,0.577019977891345,-0.137796651918192,0.722929624031169,0.292566486056489,529.316137102564
315,-1.5349686989503,4.61189177587337,1.53846153846154,-0.171098800880423,0.641259304253857,0.235080251686717,-0.555086449739505,0.0302506988211541,-0.262417875459175,0.123979334476335,0.921247042837586,0.522613188656961,-0.310444151759872,0.240490842439264,-0.0349766546603038,-0.649296626133591,0.0668185626816607,-0.291239031725965,0.185262689843066,1.12718592395183,0.656224306897447,-0.095895161336335,0.806884015288212,0.355494426975938,529.416154871795
316,-1.5349686989503,4.61189177587337,1.53846153846154,-0.11571431452303,0.718280606048689,0.30128314576283,-0.58879626101051,0.173519602686841,-0.207638329161834,0.117091026751977,0.951787427523288,0.534439227137633,-0.34246266896062,0.368090257567664,0.0128137943035221,-0.526869278374741,0.198421748859877,-0.164223764757432,0.166544052472192,1.18657330247005,0.67655867747112,-0.0521927972858491,0.924620525548015,0.436213864131083,529.51641025641
317,-1.5349686989503,4.61189177587337,1.53846153846154,-0.172225629147875,0.527710840415026,0.177742605633576,-0.569253420570169,0.223543065597821,-0.172855177486174,0.0852843383361643,1.05048940861377,0.567886873474965,-0.337983764592194,0.521262854077414,0.0916395447426103,-0.427402221259477,0.299721896370474,-0.0638401624445016,0.147838655270306,1.2135965174691,0.680717586369702,-0.0461208899573823,0.988810739884842,0.47134492496373,529.61641
318,-1.5349686989503,4.61189177587337,1.53846153846154,-0.229089577229405,0.614410509339854,0.192660466055224,-0.565349033079643,0.119167289464481,-0.223090871807581,0.0402924447278347,1.16091640699295,0.600604425860392,-0.407103189880174,0.439214711297239,0.0160557607085323,-0.437974931827535,0.312098294990746,-0.0629383184183946,0.126283850653048,1.15830051780437,0.64229218422871,0.0324067216263805,1.09991634147522,0.5661615315508,529.716426871795
319,-1.5349686989503,4.61189177587337,1.53846153846154,-0.235732313325691,0.711654923827854,0.237961305251082,-0.590707219159539,-0.00569375555594387,-0.298200487357741,0.00545056589981286,1.13239212073627,0.56892134331804,-0.335818022346009,0.641821718112395,0.153001847883193,-0.502494103175938,0.260481536245687,-0.121006283465126,0.170895832009237,1.26845581170624,0.719675821857737,0.121612280974175,1.18030124017157,0.650956760572874,529.815880564103
320,-1.5349686989503,4.61189177587337,1.53846153846154,-0.255200427333137,0.680230778693105,0.212515175679984,-0.596462342872433,-0.0216055009929974,-0.309033921932715,0.103767418410473,1.2552560095365,0.679511713973484,-0.196913350146518,1.05386739988887,0.428477024871174,-0.605579923699053,0.176199475822678,-0.214690223938187,0.193259913087575,1.40074986096,0.797004887023788,0.14321633249974,1.19151799464755,0.667367163573644,529.915898
321,-1.5349686989503,4.61189177587337,1.53846153846154,-0.202230178632475,0.812807621706668,0.305288721537097,-0.504563611048911,0.152514008039872,-0.176024801504519,0.0653453970578536,1.17219903982536,0.618772218441608,-0.122099679123081,1.6036056580631,0.740752989470008,-0.69793763600487,0.0617396890768601,-0.318098973464005,0.182326953437217,1.42338963993939,0.802858296688301,0.0949721309709999,1.12250804795682,0.608740089463911,530.01641025641
